Date,Daily_BoxOffice,Daily_SPX,Daily_Netflix,Quarterly_GDP
5/1/25,,,,
4/30/25,,5569.06,1131.72,
4/29/25,17826980.47,5560.83,1125.64,
4/28/25,13276549.59,5528.75,1110.38,
4/27/25,43424134.2,,,
4/26/25,60800012.78,,,
4/25/25,51076574.12,5525.21,1101.53,
4/24/25,12571972.86,5484.77,1096.87,
4/23/25,14331149.43,5375.86,1049.59,
4/22/25,18402626.91,5287.76,1040.34,
4/21/25,20424266.4,5158.2,987.91,
4/20/25,34708535.1,,,
4/19/25,52317658.19,,,
4/18/25,55031914.99,,,
4/17/25,14563517.67,5282.7,973.03,
4/16/25,14224264.99,5275.7,961.63,
4/15/25,19200997.14,5396.63,976.28,
4/14/25,12887710.03,5405.97,931.28,
4/13/25,44510649.76,,,
4/12/25,63868870.72,,,
4/11/25,50078386.74,5363.36,918.29,
4/10/25,10012616.06,5268.05,921.17,
4/9/25,11814138.44,5456.9,945.47,
4/8/25,19035737.76,4982.77,870.4,
4/7/25,14394932.24,5062.25,867.83,
4/6/25,62013523.78,,,
4/5/25,80739462.64,,,
4/4/25,74798797,5074.08,855.86,
4/3/25,3796915.915,5396.52,917.05,
4/2/25,5216423.225,5670.97,935.52,
4/1/25,8524967.815,5633.07,928.38,
3/31/25,6862865.49,5611.85,932.53,
3/30/25,20419458.54,,,
3/29/25,28701867.81,,,
3/28/25,27443735.8,5580.94,933.85,
3/27/25,4185698.01,5693.31,976.72,
3/26/25,5209659.52,5712.2,970.65,
3/25/25,8699702.57,5776.65,997.28,
3/24/25,5597091.305,5767.57,971.99,
3/23/25,19091510.43,,,
3/22/25,29173684.02,,,
3/21/25,26082828.85,5667.56,960.29,
3/20/25,3988995.855,5662.89,950.84,
3/19/25,4812087.15,5675.29,959.49,
3/18/25,7228629.33,5614.66,929.98,
3/17/25,4650603.555,5675.12,950.02,
3/16/25,13587461.23,,,
3/15/25,19950050.12,,,
3/14/25,16727540.83,5638.94,918,
3/13/25,4401115.55,5521.52,890.17,
3/12/25,5014964.045,5599.3,919.68,
3/11/25,7699775.915,5572.07,895.1,
3/10/25,4899564.475,5614.56,866.68,
3/9/25,14198262.13,,,
3/8/25,22113619.13,,,
3/7/25,17330298.44,5770.2,891.11,
3/6/25,3608787.455,5738.52,906.36,
3/5/25,3964861.55,5842.63,990.92,
3/4/25,5905292.38,5778.15,972.58,
3/3/25,3709879.485,5849.72,973.7,
3/2/25,14543928.23,,,
3/1/25,22060202.32,,,
2/28/25,13602820.73,5954.5,980.56,
2/27/25,4273086.935,5861.57,963.07,
2/26/25,4528331.99,5956.06,990.06,
2/25/25,7650445.4,5955.25,977.24,
2/24/25,4946386.64,5983.25,988.47,
2/23/25,20746916.45,,,
2/22/25,32676138.43,,,
2/21/25,21976708.52,6013.13,1003.15,
2/20/25,7203324.83,6117.52,1024.54,
2/19/25,7908805.45,6144.15,1043.33,
2/18/25,13023043.8,6129.58,1035.85,
2/17/25,25972299.02,,,
2/16/25,38607270.13,,,
2/15/25,51107809.16,,,
2/14/25,69701255.2,6114.63,1058.6,
2/13/25,3578806.595,6115.07,1043.69,
2/12/25,4007524.495,6051.97,1027.31,
2/11/25,6115063.37,6068.5,1008.08,
2/10/25,5906553.185,6066.44,1027.6,
2/9/25,9558540.615,,,
2/8/25,24406317.33,,,
2/7/25,17247823.45,6025.99,1013.93,
2/6/25,3666035.295,6083.57,1015.68,
2/5/25,3984147.115,6061.48,1011.11,
2/4/25,6905947.23,6037.88,994.87,
2/3/25,3876654.925,5994.57,978.94,
2/2/25,22562351.89,,,
2/1/25,35650495.66,,,
1/31/25,24395220.92,6040.53,976.76,
1/30/25,3756698.335,6071.17,973.24,
1/29/25,4699094.27,6039.31,978.15,
1/28/25,7197103.68,6067.7,971.83,
1/27/25,4414019.74,6012.28,971.89,
1/26/25,14341478.97,,,
1/25/25,27400711.52,,,
1/24/25,17087472.48,6101.24,977.59,
1/23/25,4890921.165,6118.71,984.86,
1/22/25,5285342.075,6086.37,953.99,
1/21/25,8238876.685,6049.24,869.68,
1/20/25,16759626.72,,,
1/19/25,24135153.64,,,
1/18/25,30344155.27,,,
1/17/25,22247043.46,5996.66,858.1,
1/16/25,5530276.375,5937.34,842.37,
1/15/25,6381272.235,5949.91,848.26,
1/14/25,9834567.405,5842.91,828.4,
1/13/25,5860984.09,5836.22,840.29,
1/12/25,22763155.81,,,
1/11/25,34532125.16,,,
1/10/25,21592326.54,5827.04,837.69,
1/9/25,7507193.2,,,
1/8/25,8268547.04,5918.25,875,
1/7/25,12497777.63,5909.03,879.19,
1/6/25,9587176.69,5975.38,881.79,
1/5/25,27338785.11,,,
1/4/25,46047183.2,,,
1/3/25,35811447.75,5942.47,881.05,
1/2/25,28705099.93,5868.55,886.73,
1/1/25,45613634.24,,,29977.632
12/31/24,33719465.07,5881.63,891.32,
12/30/24,38071285.46,5906.94,900.43,
12/29/24,53431374.43,,,
12/28/24,63379041.9,,,
12/27/24,59556508.77,5970.84,907.55,
12/26/24,58022294.72,6037.59,924.14,
12/25/24,65622862.63,,,
12/24/24,26281346.52,6040.04,932.12,
12/23/24,32743446.19,5974.07,911.45,
12/22/24,44848331.13,,,
12/21/24,52373920.37,,,
12/20/24,57415885.09,5930.85,909.05,
12/19/24,7506322.46,5867.08,902.04,
12/18/24,9879681.24,5872.16,889.55,
12/17/24,12886209.44,6050.61,919.13,
12/16/24,9017960.25,6074.08,921.08,
12/15/24,28501260.58,,,
12/14/24,38559176.11,,,
12/13/24,26678006.16,6051.09,918.87,
12/12/24,9038344.185,6051.25,925.55,
12/11/24,10623135.19,6084.19,936.56,
12/10/24,15058569.83,6034.91,913.35,
12/9/24,10729481.49,6052.85,913.69,
12/8/24,43382214.92,,,
12/7/24,58938736.42,,,
12/6/24,35937460.85,6090.27,934.74,
12/5/24,13957126.82,6075.11,917.87,
12/4/24,14313951.21,6086.49,911.06,
12/3/24,22287141.7,6049.88,902.17,
12/2/24,16652604.15,6047.15,897.74,
12/1/24,74465322.36,,,
11/30/24,110677078.5,,,
11/29/24,118492631.9,6032.38,886.81,
11/28/24,62466368.25,,,
11/27/24,99330496.46,5998.74,877.34,
11/26/24,31696247.64,6021.63,872.6,
11/25/24,29091116.21,5987.37,865.59,
11/24/24,59355420.87,,,
11/23/24,74872399.94,,,
11/22/24,86445550.04,5969.34,897.79,
11/21/24,3751046.26,5948.71,897.48,
11/20/24,4957899.635,5917.11,883.85,
11/19/24,8400902.835,5916.98,871.32,
11/18/24,4953839.865,5893.62,847.05,
11/17/24,19423442.48,,,
11/16/24,31604907.23,,,
11/15/24,21818234.95,5870.62,823.96,
11/14/24,4506023.145,5949.17,837.26,
11/13/24,4999873.06,5985.38,830.47,
11/12/24,7627542.065,5983.99,819.5,
11/11/24,10586112.16,6001.35,805.44,
11/10/24,19157235.83,,,
11/9/24,27181939.2,,,
11/8/24,22235300.62,5995.54,795.04,
11/7/24,5224452.155,5973.1,796.54,
11/6/24,5569975.71,5929.04,780.21,
11/5/24,9942352.42,5782.76,763.91,
11/4/24,6447426.375,5712.69,755.51,
11/3/24,19945873.22,,,
11/2/24,30265300.26,,,
11/1/24,19724450.01,5728.8,756.1,
10/31/24,8966509.24,5705.45,756.03,
10/30/24,6988866.43,5813.67,753.74,
10/29/24,11020530.76,5832.92,759.44,
10/28/24,7526038.975,5823.52,749.12,
10/27/24,25301376.17,,,
10/26/24,35250402.79,,,
10/25/24,38115693.2,5808.12,754.68,
10/24/24,4745304.265,5809.86,754.55,
10/23/24,5670343.965,5797.42,749.29,
10/22/24,8295001.845,5851.2,764.24,
10/21/24,5850061.165,5853.98,772.07,
10/20/24,17213215.96,,,
10/19/24,26377962.2,,,
10/18/24,23537695.61,5864.67,763.89,
10/17/24,5400245.5,5841.47,687.65,
10/16/24,5957129.035,5842.47,702,
10/15/24,8517085.85,5815.26,705.98,
10/14/24,12575469.08,5859.85,713,
10/13/24,20692033.31,,,
10/12/24,26420277.07,,,
10/11/24,25149859.67,5815.03,722.79,
10/10/24,5079272.835,5780.05,730.29,
10/9/24,5256778.93,5792.04,727.43,
10/8/24,8664486.22,5751.13,721.76,
10/7/24,6415712.875,5695.94,701.92,
10/6/24,21371314.38,,,
10/5/24,33790939.78,,,
10/4/24,36030293,5751.07,719.7,
10/3/24,6010587.83,5699.94,706.8,
10/2/24,5922253.025,5709.54,711.09,
10/1/24,8778855.93,5708.75,706.13,29723.864
9/30/24,6500875.225,5762.48,709.27,
9/29/24,25693798.13,,,
9/28/24,37417937.64,,,
9/27/24,30762787.84,5738.17,707.35,
9/26/24,5004899.705,5745.37,711.43,
9/25/24,5843206.85,5722.26,721.56,
9/24/24,8837864.035,5732.93,722.26,
9/23/24,5925450.895,5718.57,705.37,
9/22/24,21704193.42,,,
9/21/24,34152347.71,,,
9/20/24,26708964.95,5702.55,701.03,
9/19/24,5943602.73,5713.64,704.32,
9/18/24,7678656.05,5618.26,690.47,
9/17/24,10766666.95,5634.58,706.91,
9/16/24,7031463.075,5633.09,696.5,
9/15/24,25659414.95,,,
9/14/24,39534785.03,,,
9/13/24,29945571.83,5626.02,697.06,
9/12/24,8335913.365,5595.76,686.8,
9/11/24,9178901.29,5554.13,681.47,
9/10/24,14010982.31,5495.52,673.62,
9/9/24,9894009.775,5471.05,675.42,
9/8/24,39492523.2,,,
9/7/24,61378828.36,,,
9/6/24,55528185.96,5408.42,665.77,
9/5/24,4484187.24,5503.41,683.62,
9/4/24,5670105.285,5520.07,679.68,
9/3/24,8316161.49,5528.93,675.32,
9/2/24,21916984.38,,,
9/1/24,27743258.21,,,
8/31/24,27307070.51,,,
8/30/24,20064346.9,5648.4,701.35,
8/29/24,8068739.835,5591.96,692.48,
8/28/24,8657845.17,5592.18,683.84,
8/27/24,12789067.79,5625.8,695.72,
8/26/24,9014844.15,5616.84,688.44,
8/25/24,25609951.84,,,
8/24/24,37339087.05,,,
8/23/24,28059357.82,5634.61,686.73,
8/22/24,12171019.19,5570.64,688.96,
8/21/24,14129000.73,5620.85,697.12,
8/20/24,20040378.35,5597.12,698.54,
8/19/24,15848760.85,5608.25,688.53,
8/18/24,42848913.19,,,
8/17/24,55608565.87,,,
8/16/24,49040081.22,5554.25,674.07,
8/15/24,18440389.18,5543.22,663.22,
8/14/24,17644579.23,5455.21,661.68,
8/13/24,24543056.66,5434.43,648.02,
8/12/24,19746831.78,5344.39,633.14,
8/11/24,46398653.86,,,
8/10/24,61226037.8,,,
8/9/24,63558228.7,5344.16,633.94,
8/8/24,18426918.12,5319.31,630.35,
8/7/24,20464393.37,5199.5,611.48,
8/6/24,28450101.29,5240.03,609.57,
8/5/24,24161461.48,5186.33,598.55,
8/4/24,55975386.09,,,
8/3/24,71653967,,,
8/2/24,56772841.39,5346.56,613.64,
8/1/24,30147440.96,5446.68,624.85,
7/31/24,33042997.33,5522.3,628.35,
7/30/24,42980250.17,5436.44,622.58,
7/29/24,38780512.03,5463.54,626.96,
7/28/24,83417403.62,,,
7/27/24,99282815.71,,,
7/26/24,130079258.5,5459.1,631.37,
7/25/24,16025801.74,5399.22,634.09,
7/24/24,22180480.47,5427.13,635.99,
7/23/24,28426448.77,5555.74,642.76,
7/22/24,20044302.2,5564.41,647.5,
7/21/24,44842245.89,,,
7/20/24,58855895.67,,,
7/19/24,57107972.42,5505,633.34,
7/18/24,13873069.47,5544.59,643.04,
7/17/24,15868267.42,5588.27,647.46,
7/16/24,23707945.17,5667.2,656.32,
7/15/24,16186626.76,5631.22,656.45,
7/14/24,34410526.54,,,
7/13/24,49889321.24,,,
7/12/24,46618605.22,5615.35,647.6,
7/11/24,19467827.02,5584.54,652.75,
7/10/24,22091298.13,5633.91,677.65,
7/9/24,30837067.04,5576.98,685.74,
7/8/24,20203210.04,5572.85,685.74,
7/7/24,46512916.39,,,
7/6/24,61040708.3,,,
7/5/24,60142517.89,5567.19,690.65,
7/4/24,45610424.21,,,
7/3/24,47198004.23,5537.02,682.51,
7/2/24,26087883.12,5509.01,679.58,
7/1/24,20206943.84,5475.09,673.61,29374.914
6/30/24,46361294.92,,,
6/29/24,59263735.7,,,
6/28/24,57078550.69,5460.48,674.88,
6/27/24,16461585.01,5482.87,684.34,
6/26/24,19554805.99,5477.9,677.69,
6/25/24,27994035.75,5469.3,672.41,
6/24/24,19944020.14,5447.87,669.02,
6/23/24,49909098.53,,,
6/22/24,63708775,,,
6/21/24,50447094.3,5464.62,686.12,
6/20/24,29092075.35,5473.17,679.03,
6/19/24,43534335.85,,,
6/18/24,41638227.67,5487.03,685.67,
6/17/24,32102379.34,5473.23,675.83,
6/16/24,66901403.99,,,
6/15/24,79976333.06,,,
6/14/24,87033794.58,5431.6,669.38,
6/13/24,9143402.06,5433.74,653.26,
6/12/24,10552984.26,5421.03,650.06,
6/11/24,15582129.88,5375.32,648.55,
6/10/24,13984808.18,5360.79,644.5,
6/9/24,32056359.4,,,
6/8/24,41501351.32,,,
6/7/24,37866877.04,5346.99,641.47,
6/6/24,6493570.07,5352.96,648.52,
6/5/24,8701619.745,5354.03,650.27,
6/4/24,11318586.83,5291.34,631.62,
6/3/24,7664400.445,5283.4,633.79,
6/2/24,19928711.47,,,
6/1/24,26459970.88,,,
5/31/24,20435286.56,5277.51,641.62,
5/30/24,8838499.41,5235.48,647.66,
5/29/24,9176093.485,5266.95,654.62,
5/28/24,13058041.36,5306.04,649,
5/27/24,32138695.16,,,
5/26/24,34763126.52,,,
5/25/24,37840255.38,,,
5/24/24,35444071.72,5304.72,646.75,
5/23/24,6535593.22,5267.84,635.67,
5/22/24,7241158.925,5307.01,640.47,
5/21/24,10671170.64,5321.41,650.61,
5/20/24,9274911.425,5308.13,640.82,
5/19/24,27997620.37,,,
5/18/24,41237402.18,,,
5/17/24,31703085.38,5303.27,621.1,
5/16/24,6195516.21,5297.1,610.52,
5/15/24,7479874.285,5308.15,613.52,
5/14/24,11565944.39,5246.68,613.66,
5/13/24,8818737.59,5221.42,616.59,
5/12/24,30138957.88,,,
5/11/24,36493195.18,,,
5/10/24,34398676.52,5222.68,610.87,
5/9/24,4995845.335,5214.08,612.09,
5/8/24,5363434.635,5187.67,609.47,
5/7/24,8475410.775,5187.7,606,
5/6/24,6258006.17,5180.74,596.97,
5/5/24,19619350.14,,,
5/4/24,31056287.99,,,
5/3/24,24875258.33,5127.79,579.34,
5/2/24,4311873.54,5064.2,565.15,
5/1/24,4760867.085,5018.39,551.71,
4/30/24,7508740.2,5035.69,550.64,
4/29/24,5898743.045,5116.17,559.49,
4/28/24,16762601.38,,,
4/27/24,24550641.38,,,
4/26/24,21229732.94,5099.96,561.23,
4/25/24,4482997.155,5048.42,564.8,
4/24/24,4988362.275,5071.63,555.12,
4/23/24,7168965.96,5070.55,577.75,
4/22/24,5493351.695,5010.6,554.6,
4/21/24,18352135.04,,,
4/20/24,27198003.69,,,
4/19/24,21852338.56,4967.23,555.04,
4/18/24,5143180.51,5011.12,610.56,
4/17/24,5654723.685,5022.21,613.69,
4/16/24,7810600.785,5051.41,617.52,
4/15/24,6206536.375,5061.82,607.15,
4/14/24,20033752.77,,,
4/13/24,31188171.95,,,
4/12/24,25095389.8,5123.41,622.83,
4/11/24,5509158.72,5199.06,628.78,
4/10/24,7592656.11,5160.64,618.58,
4/9/24,8567102.57,5209.91,618.2,
4/8/24,5671530.735,5202.39,628.41,
4/7/24,23966823.47,,,
4/6/24,37044255.37,,,
4/5/24,28592230.81,5204.34,636.18,
4/4/24,9885412.875,5147.21,617.14,
4/3/24,11226541.43,5211.49,630.08,
4/2/24,14787090.11,5205.81,614.21,
4/1/24,16712763.67,5243.77,614.31,29016.714
3/31/24,32288482.33,,,
3/30/24,51033558.68,,,
3/29/24,60457478.25,,,
3/28/24,10185266.78,5254.35,607.33,
3/27/24,10085364.84,5248.49,613.53,
3/26/24,13567522.61,5203.58,629.24,
3/25/24,9355742.175,5218.19,627.46,
3/24/24,29299315.89,,,
3/23/24,45198731.05,,,
3/22/24,34214593.47,5234.18,628.01,
3/21/24,7360449.2,5241.53,622.71,
3/20/24,8950705.53,5224.62,627.69,
3/19/24,10642708.05,5178.51,620.74,
3/18/24,7930531.96,5149.42,618.39,
3/17/24,26239615.09,,,
3/16/24,37744532.54,,,
3/15/24,28564994.77,5117.09,605.88,
3/14/24,12368323.57,5150.48,613.01,
3/13/24,12373652.98,5165.31,609.45,
3/12/24,17210988.28,5175.27,611.08,
3/11/24,13340403.12,5117.94,600.93,
3/10/24,40751152.46,,,
3/9/24,58720055.81,,,
3/8/24,45380583.11,5123.69,604.82,
3/7/24,9180829.515,5157.36,608.51,
3/6/24,10025484.89,5104.76,597.69,
3/5/24,12792212.62,5078.65,598.5,
3/4/24,10530370.44,5130.95,615.83,
3/3/24,32292263.64,,,
3/2/24,45041036.5,,,
3/1/24,43033518.91,5137.08,619.34,
2/29/24,4365797.54,5096.27,602.92,
2/28/24,3895525.01,5069.76,596.48,
2/27/24,6214110.045,5078.18,601.67,
2/26/24,3922925.695,5069.53,587.65,
2/25/24,14503274.18,,,
2/24/24,23122627.78,,,
2/23/24,19096366.9,5088.8,583.56,
2/22/24,4662291.14,5087.03,588.47,
2/21/24,4942103.66,4981.8,573.35,
2/20/24,8595599.415,4975.51,575.13,
2/19/24,14777976.07,,,
2/18/24,24872253.84,,,
2/17/24,31856410.76,,,
2/16/24,19954473.44,5005.57,583.95,
2/15/24,9554728.365,5029.73,593.46,
2/14/24,28470824.46,5000.62,579.33,
2/13/24,4656361.71,4953.17,554.52,
2/12/24,3200760.68,5021.84,557.85,
2/11/24,5683956.46,,,
2/10/24,16344561.09,,,
2/9/24,10501369.71,5026.61,561.32,
2/8/24,3504867.73,4997.91,558.53,
2/7/24,3631711.785,4995.06,559.3,
2/6/24,6132124.57,4954.23,555.88,
2/5/24,3809256.555,4942.81,562.06,
2/4/24,15095696.72,,,
2/3/24,24928990.06,,,
2/2/24,16750595.55,4958.61,564.64,
2/1/24,4865823.3,4906.19,567.51,
1/31/24,3693138.735,4845.65,564.11,
1/30/24,5343150.15,4924.97,562.85,
1/29/24,3472522.17,4927.93,575.79,
1/28/24,11106177.1,,,
1/27/24,22587088.42,,,
1/26/24,12895624.04,4890.97,570.42,
1/25/24,4550481.715,4894.16,562,
1/24/24,4555121.61,4868.55,544.87,
1/23/24,6651748.61,4864.6,492.19,
1/22/24,4464902.78,4850.43,485.71,
1/21/24,15927526.36,,,
1/20/24,25658054.7,,,
1/19/24,15909722.6,4839.81,482.95,
1/18/24,5562661.715,4780.94,485.31,
1/17/24,6119385.025,4739.21,480.33,
1/16/24,9082766.29,4765.98,481.24,
1/15/24,18921937.13,,,
1/14/24,27420929.71,,,
1/13/24,35501852.17,,,
1/12/24,31356411.52,4783.83,492.16,
1/11/24,5282251.39,4780.24,492.23,
1/10/24,6180876.065,4783.45,478.33,
1/9/24,8095753.77,4756.5,482.09,
1/8/24,6343011.61,4763.54,485.03,
1/7/24,20930740.94,,,
1/6/24,35103049.93,,,
1/5/24,27292709.93,4697.24,474.06,
1/4/24,13849515.29,4688.68,474.67,
1/3/24,15764864.83,4704.81,470.26,
1/2/24,22107331.68,4742.83,468.5,
1/1/24,31676628.36,,,28624.069
12/31/23,25501393.32,,,
12/30/23,44255658.85,,,
12/29/23,41269991.95,4769.83,486.88,
12/28/23,36754077.95,4783.35,490.51,
12/27/23,37451353.94,4781.58,491.79,
12/26/23,46176692.51,4774.75,491.19,
12/25/23,64693082.48,,,
12/24/23,18808563.02,,,
12/23/23,32068303.35,,,
12/22/23,44079708.6,4754.63,486.76,
12/21/23,10257374.66,4746.75,491.61,
12/20/23,10655753.68,4698.35,489.27,
12/19/23,12829002.49,4768.37,495.02,
12/18/23,9143597.645,4740.56,486.12,
12/17/23,22356157.79,,,
12/16/23,28986429.62,,,
12/15/23,24901323.07,4719.19,472.06,
12/14/23,5094300.835,4719.55,469.83,
12/13/23,5937324.12,4707.09,479.98,
12/12/23,7526517.44,4643.7,463,
12/11/23,6073901.015,4622.44,459.89,
12/10/23,19395909.2,,,
12/9/23,26256942.6,,,
12/8/23,19917655.94,4604.37,453.76,
12/7/23,7654244.39,4585.59,452,
12/6/23,6835960.95,4549.34,446.73,
12/5/23,9182593.095,4567.18,455.15,
12/4/23,6647913.155,4569.78,453.9,
12/3/23,24940963.84,,,
12/2/23,35176011.98,,,
12/1/23,35685363.94,4594.63,465.74,
11/30/23,5835996.725,4567.8,473.97,
11/29/23,6512157.275,4550.58,477.19,
11/28/23,9648248.935,4554.89,479,
11/27/23,6918728.765,4550.43,479.17,
11/26/23,27623459.63,,,
11/25/23,45136726.18,,,
11/24/23,48058621.33,4559.34,479.56,
11/23/23,23795767.26,,,
11/22/23,37191401.59,4556.62,478,
11/21/23,18332050.56,4538.19,474.95,
11/20/23,14326729.43,4547.38,474.47,
11/19/23,32424011.69,,,
11/18/23,46099794.46,,,
11/17/23,43968101.39,4514.02,465.91,
11/16/23,3688580.61,4508.24,466.95,
11/15/23,4776025.475,4502.88,461.94,
11/14/23,7625543.12,4495.7,448.65,
11/13/23,5907050.435,4411.55,444.62,
11/12/23,21036491.65,,,
11/11/23,32446927.18,,,
11/10/23,36840399.44,4415.24,447.24,
11/9/23,4411158.895,4347.35,435.15,
11/8/23,3689867.935,4382.78,436.65,
11/7/23,6056935.95,4378.38,434.61,
11/6/23,3944783.7,4365.98,434.74,
11/5/23,17392406.07,,,
11/4/23,26421374.33,,,
11/3/23,18223514.14,4358.34,432.36,
11/2/23,6735903.2,4317.78,424.71,
11/1/23,6347924.44,4237.86,420.19,
10/31/23,10850428.16,4193.8,411.69,
10/30/23,7821283.925,4166.82,410.08,
10/29/23,31967633.43,,,
10/28/23,44627660.42,,,
10/27/23,58800079.91,4117.37,397.87,
10/26/23,6358850.68,4137.23,403.54,
10/25/23,4467182.395,4186.77,411.25,
10/24/23,6708303.615,4247.68,413.73,
10/23/23,4514172.52,4217.04,406.84,
10/22/23,24126524.7,,,
10/21/23,34861836.17,,,
10/20/23,29648837.34,4224.16,400.96,
10/19/23,9595909.505,4278,401.77,
10/18/23,3344037.19,4314.6,346.19,
10/17/23,4804017.335,4373.2,355.72,
10/16/23,3685794.905,4373.63,360.82,
10/15/23,36112687.33,,,
10/14/23,52657334.08,,,
10/13/23,53246591.91,4327.78,355.68,
10/12/23,4959880.9,4349.61,361.2,
10/11/23,5120971.115,4376.95,365.93,
10/10/23,7634354.39,4358.24,373.32,
10/9/23,9730212.31,4335.66,385.95,
10/8/23,18720489,,,
10/7/23,28607700.81,,,
10/6/23,25569182.86,4308.5,381.51,
10/5/23,5692615.24,4258.19,372.59,
10/4/23,5791156.93,4263.75,376.9,
10/3/23,9157869.825,4229.45,376.75,
10/2/23,6699435.99,4288.39,380.33,
10/1/23,22427845.77,,,28296.967
9/30/23,33505600.05,,,
9/29/23,30153607.97,4288.05,377.6,
9/28/23,3856676.525,4299.7,376.36,
9/27/23,3798973.425,4274.51,377.59,
9/26/23,5954669.305,4273.53,379.25,
9/25/23,4444108.89,4337.44,384.8,
9/24/23,12635705.94,,,
9/23/23,19735989.52,,,
9/22/23,14493115.91,4320.06,379.81,
9/21/23,4202134.885,4330,384.15,
9/20/23,4787951.74,4402.2,386.3,
9/19/23,8095883.055,4443.95,396.2,
9/18/23,5023252.65,4453.53,394.4,
9/17/23,16668470.85,,,
9/16/23,26144675.7,,,
9/15/23,19113579.49,4450.32,396.94,
9/14/23,5776084.73,4505.1,400.49,
9/13/23,6706447.215,4467.44,412.24,
9/12/23,10463062.68,4461.9,434.69,
9/11/23,7037661.02,4487.46,445.36,
9/10/23,23973988.29,,,
9/9/23,36133273.48,,,
9/8/23,30158221.34,4457.49,442.8,
9/7/23,5778606.34,4451.14,443.14,
9/6/23,5595090.15,4465.48,445.76,
9/5/23,8341346.65,4496.83,448.68,
9/4/23,24687661.38,,,
9/3/23,30470804.85,,,
9/2/23,30449759.02,,,
9/1/23,26644489.3,4515.77,439.88,
8/31/23,5826858.375,4507.66,433.68,
8/30/23,7078800.17,4514.87,434.67,
8/29/23,10536485.51,4497.63,429.99,
8/28/23,8266171.29,4433.31,418.06,
8/27/23,31672470.25,,,
8/26/23,28237720.29,,,
8/25/23,26665567.18,4405.71,416.03,
8/24/23,8765639.025,4376.31,406.93,
8/23/23,10169839.88,4436.01,427.55,
8/22/23,14664476,4387.55,413.17,
8/21/23,11037836.16,4399.77,408.29,
8/20/23,29057019.23,,,
8/19/23,39018744.51,,,
8/18/23,33437119.89,4369.71,404.53,
8/17/23,11866477.87,4370.36,403,
8/16/23,14421779.32,4404.33,415.45,
8/15/23,23027329.26,4437.86,423.7,
8/14/23,17823372.65,4489.72,427.78,
8/13/23,37218933.77,,,
8/12/23,48177220.98,,,
8/11/23,34545315.55,4464.05,421.66,
8/10/23,21750687.4,4468.83,429.98,
8/9/23,22293247.93,4467.71,428.9,
8/8/23,31227737.58,4499.38,438.3,
8/7/23,28528138.6,4518.44,440.76,
8/6/23,58952932.35,,,
8/5/23,70184075,,,
8/4/23,61770683.46,4478.03,431.6,
8/3/23,31915190.13,4501.89,431,
8/2/23,39731028.61,4513.39,429.7,
8/1/23,35950845.71,4576.73,438.62,
7/31/23,34070610.86,4588.96,438.97,
7/30/23,70919498.91,,,
7/29/23,86732330.69,,,
7/28/23,74123533.71,4582.23,425.78,
7/27/23,43277501.8,4537.41,413.17,
7/26/23,47178252.36,4566.75,422.67,
7/25/23,54649473.39,4567.46,427.7,
7/24/23,53072745.57,4554.64,428.37,
7/23/23,96018495.43,,,
7/22/23,109106992.8,,,
7/21/23,134999258.9,4536.34,427.5,
7/20/23,13643156.54,4534.87,437.42,
7/19/23,18146884.6,4565.72,477.59,
7/18/23,24587508.6,4554.98,474.8,
7/17/23,18999276.08,4522.79,450.05,
7/16/23,47370705.79,,,
7/15/23,57493433.99,,,
7/14/23,43434628.38,4505.42,441.91,
7/13/23,25071098.59,4510.04,450.38,
7/12/23,32675930.69,4472.16,444.05,
7/11/23,19720729.47,4439.26,440.21,
7/10/23,18473714.87,4409.53,441.71,
7/9/23,39738875.22,,,
7/8/23,48610725.74,,,
7/7/23,45389267.3,4398.95,438.1,
7/6/23,19164871.38,4411.59,438.84,
7/5/23,20269531.04,4446.82,445.9,
7/4/23,42777597.59,,,
7/3/23,29451073.28,4455.59,441.44,
7/2/23,44116237.69,,,
7/1/23,44606161.54,,,27967.697
6/30/23,46323048.66,4450.38,440.49,
6/29/23,12753676.85,4396.44,428.24,
6/28/23,15351820.25,4376.86,429.84,
6/27/23,20872705.23,4378.41,417.08,
6/26/23,15330068.33,4328.82,415.94,
6/25/23,33800063.77,,,
6/24/23,45066082.43,,,
6/23/23,38286807.98,4348.33,424.02,
6/22/23,17223670.36,4381.89,422.48,
6/21/23,18184678.92,4365.69,424.45,
6/20/23,25123538.57,4388.71,434.7,
6/19/23,29894687.68,,,
6/18/23,54013932.64,,,
6/17/23,59134672.81,,,
6/16/23,65094262.68,4409.59,431.96,
6/15/23,14452653.02,4425.84,445.27,
6/14/23,18598563.3,4372.59,440.86,
6/13/23,25970154.21,4369.01,435.73,
6/12/23,20034664.39,4338.93,423.97,
6/11/23,53458923.18,,,
6/10/23,65038380.62,,,
6/9/23,62214571.9,4298.86,420.02,
6/8/23,20358566.41,4293.93,409.37,
6/7/23,21942607.12,4267.52,399.77,
6/6/23,29960179.93,4283.85,399.29,
6/5/23,24550475.63,4273.79,403.54,
6/4/23,62417852.12,,,
6/3/23,77654076.11,,,
6/2/23,84617098.8,4282.37,400.47,
6/1/23,12824353.75,4221.02,403.13,
5/31/23,15614135.1,4179.83,395.23,
5/30/23,21409404.84,4205.52,392.98,
5/29/23,44202476.31,,,
5/28/23,54874672.39,,,
5/27/23,59349236.18,,,
5/26/23,63469102.71,4205.45,378.88,
5/25/23,7947470.505,4151.28,359,
5/24/23,9371187.865,4115.24,364.85,
5/23/23,13511969.84,4145.58,355.99,
5/22/23,12268001.72,4192.63,363.01,
5/21/23,35419636.85,,,
5/20/23,49878625.94,,,
5/19/23,45909332.24,4191.98,365.36,
5/18/23,6864795.925,4198.05,371.29,
5/17/23,8207282.525,4158.77,339.96,
5/16/23,12414977.77,4109.9,333.75,
5/15/23,8952005.01,4136.28,335.89,
5/14/23,34515240.76,,,
5/13/23,43392881.48,,,
5/12/23,27237445.56,4124.08,339.89,
5/11/23,11116844.77,4130.62,344.76,
5/10/23,11124864.86,4137.64,335.42,
5/9/23,16995066.86,4119.17,332.14,
5/8/23,13231443.49,4138.12,331.21,
5/7/23,47421744.63,,,
5/6/23,61025482.51,,,
5/5/23,63949951.2,4136.25,322.76,
5/4/23,4737739.435,4061.22,320.78,
5/3/23,6743253.66,4090.75,319.3,
5/2/23,9166489.93,4119.58,317.55,
5/1/23,6890402.09,4167.87,324.12,
4/30/23,29977960.48,,,
4/29/23,41439427.12,,,
4/28/23,26594472.58,4169.48,329.93,
4/27/23,8218990,4135.35,325.85,
4/26/23,8376521.01,4055.99,321.15,
4/25/23,12142119.02,4071.63,322.55,
4/24/23,9372053.08,4137.04,329.02,
4/23/23,39447739.76,,,
4/22/23,53346285.01,,,
4/21/23,38517305.45,4133.52,327.98,
4/20/23,9144397.665,4129.79,325.35,
4/19/23,9603742.85,4154.52,323.12,
4/18/23,14412200.08,4154.87,333.7,
4/17/23,11058763.76,4151.32,332.72,
4/16/23,48736836.07,,,
4/15/23,65234666.19,,,
4/14/23,43640446.79,4137.64,338.63,
4/13/23,16233827.94,4146.22,346.19,
4/12/23,16855412.54,4091.95,331.03,
4/11/23,24281664.49,4108.94,338.21,
4/10/23,29848376.03,4109.11,338.99,
4/9/23,52936377.52,,,
4/8/23,87341637.63,,,
4/7/23,81522178.34,,,
4/6/23,40368816.93,4105.02,339.33,
4/5/23,44643366.89,4090.38,342.35,
4/4/23,11477070.35,4100.6,346.75,
4/3/23,8871928.975,4124.51,348.28,
4/2/23,27963310.12,,,
4/1/23,39731519.23,,,27453.815
3/31/23,34550397.44,4109.31,345.48,
3/30/23,7604618.84,4050.83,338.43,
3/29/23,8720420.215,4027.81,332.03,
3/28/23,12378478.52,3971.27,323.52,
3/27/23,9829410.37,3977.53,327.66,
3/26/23,32173383.32,,,
3/25/23,47678495.8,,,
3/24/23,44119901.87,3970.99,328.39,
3/23/23,5389491.64,3948.72,320.37,
3/22/23,6679970.31,3936.97,293.9,
3/21/23,9685906.23,4002.87,305.79,
3/20/23,7219967.235,3951.57,305.13,
3/19/23,25996983.61,,,
3/18/23,39413485.87,,,
3/17/23,30821013.6,3916.64,303.5,
3/16/23,10174209.05,3960.28,310.06,
3/15/23,11619607.61,3891.93,303.79,
3/14/23,15318096.76,3919.29,294.94,
3/13/23,13003568.18,3855.76,293.51,
3/12/23,32259166.68,,,
3/11/23,49567940.83,,,
3/10/23,43446419.84,3861.59,292.76,
3/9/23,6979212.045,3918.32,297.78,
3/8/23,8078874.895,3992.01,311.79,
3/7/23,11698536.66,3986.37,308.47,
3/6/23,8911282.445,4048.42,312.03,
3/5/23,33450645.09,,,
3/4/23,48976478.53,,,
3/3/23,41852219.76,4045.64,315.18,
3/2/23,6195604.61,3981.35,311.88,
3/1/23,6414311.735,3951.39,313.48,
2/28/23,9486320.025,3970.15,322.13,
2/27/23,6618332.305,3982.24,323.03,
2/26/23,26321355.26,,,
2/25/23,40233671.01,,,
2/24/23,31333014.25,3970.04,317.15,
2/23/23,6893049.67,4012.32,323.65,
2/22/23,7170927.335,3991.05,334.88,
2/21/23,12260061.19,3997.34,337.5,
2/20/23,23448354.15,,,
2/19/23,40277027.9,,,
2/18/23,52553796.69,,,
2/17/23,60464277.32,4079.09,347.96,
2/16/23,4100226.26,4090.41,350.71,
2/15/23,6211564.125,4147.6,361.42,
2/14/23,13721373.97,4136.13,359.96,
2/13/23,5361759.455,4137.29,358.57,
2/12/23,9818100.695,,,
2/11/23,25416931.54,,,
2/10/23,17637228.77,4090.46,347.36,
2/9/23,4532419.385,4081.5,362.5,
2/8/23,4956655.405,4117.86,366.83,
2/7/23,8204990.755,4164,362.95,
2/6/23,5033665.065,4111.08,361.48,
2/5/23,21297120.26,,,
2/4/23,32785538.96,,,
2/3/23,24064337.51,4136.48,365.9,
2/2/23,5915869.44,4179.76,366.89,
2/1/23,4721684.89,4119.21,361.99,
1/31/23,7026556.875,4076.6,353.86,
1/30/23,5024942.195,4017.77,353.11,
1/29/23,18337005.38,,,
1/28/23,32262007.64,,,
1/27/23,18214740.44,4070.56,360.77,
1/26/23,7476463.15,4060.43,364.87,
1/25/23,7168118.425,4016.22,367.96,
1/24/23,8630689.795,4016.95,363.83,
1/23/23,6036399.525,4019.81,357.42,
1/22/23,21155447.11,,,
1/21/23,35233239.93,,,
1/20/23,21808733.05,3972.61,342.5,
1/19/23,7330881.61,3898.85,315.78,
1/18/23,6854452.02,3928.86,326.33,
1/17/23,10781610.97,3990.97,326.22,
1/16/23,23282090.33,,,
1/15/23,35995730.81,,,
1/14/23,44705706.57,,,
1/13/23,28372793.28,3999.09,332.82,
1/12/23,7958544.815,3983.17,330.13,
1/11/23,8801216.71,3969.61,327.26,
1/10/23,12011719.07,3919.25,327.54,
1/9/23,8756091.825,3892.09,315.17,
1/8/23,31590050.51,,,
1/7/23,49337303.02,,,
1/6/23,34287714.63,3895.08,315.55,
1/5/23,12005810.64,3808.1,309.7,
1/4/23,13405076.56,3852.97,309.41,
1/3/23,18746400.14,3824.14,294.95,
1/2/23,35966264.88,,,
1/1/23,40013135.11,,,27164.359
12/31/22,30898554.77,,,
12/30/22,41880177.37,3839.5,294.88,
12/29/22,34480892.94,3849.28,291.12,
12/28/22,35212452.67,3783.22,276.88,
12/27/22,41264152.02,3829.25,284.17,
12/26/22,51894421.09,,,
12/25/22,48051528.33,,,
12/24/22,23487284.41,,,
12/23/22,32278964.97,3844.82,294.97,
12/22/22,22211705.56,3822.39,297.75,
12/21/22,23553373.35,3878.44,297.96,
12/20/22,24227934.97,3821.62,288.19,
12/19/22,21052461.11,3817.66,288.3,
12/18/22,46664313.54,,,
12/17/22,56817101.06,,,
12/16/22,63942327.8,3852.36,290.71,
12/15/22,2522675.22,3895.75,290.41,
12/14/22,3335565.155,3995.32,317.83,
12/13/22,4345855.605,4019.65,320.34,
12/12/22,3247442.51,3990.56,315.18,
12/11/22,10509567.71,,,
12/10/22,17090302.39,,,
12/9/22,9775183.6,3934.38,320.01,
12/8/22,4191098.145,3963.51,310.26,
12/7/22,4357472.47,3933.92,308.42,
12/6/22,6106552.66,3941.26,305.56,
12/5/22,4303979.42,3998.84,312.59,
12/4/22,14727195.8,,,
12/3/22,24029418.4,,,
12/2/22,15593555.58,4071.7,320.41,
12/1/22,5268118.44,4076.57,316.95,
11/30/22,4867847.66,4080.11,305.53,
11/29/22,6463046.655,3957.63,280.96,
11/28/22,5080297.17,3963.94,281.17,
11/27/22,22228341.33,,,
11/26/22,37636467.96,,,
11/25/22,39293377.89,4026.12,285.54,
11/24/22,18897054.74,,,
11/23/22,24112907.78,4027.26,291.5,
11/22/22,15611700.78,4003.58,286.69,
11/21/22,12473800.24,3949.94,285.05,
11/20/22,31226303.29,,,
11/19/22,45580120.69,,,
11/18/22,32584952.73,3965.34,287.98,
11/17/22,9876131.98,3946.56,295.28,
11/16/22,10810813.91,3958.79,306.02,
11/15/22,16414592.68,3991.73,310.2,
11/14/22,14118341.9,3957.25,299.27,
11/13/22,52060542.37,,,
11/12/22,73605024.61,,,
11/11/22,102937775.6,3992.93,290.13,
11/10/22,3667651.91,3956.37,274.97,
11/9/22,4016331.345,3748.57,254.66,
11/8/22,6981170.105,3828.11,263.46,
11/7/22,4612332.985,3806.8,258.6,
11/6/22,15641372.24,,,
11/5/22,24861412.68,,,
11/4/22,19044215.32,3770.55,260.79,
11/3/22,4872690.875,3719.89,269.06,
11/2/22,5010475.535,3759.69,273,
11/1/22,7445358.505,3856.1,286.75,
10/31/22,7787018.98,3871.98,291.88,
10/30/22,20197869.58,,,
10/29/22,28849909.08,,,
10/28/22,21607339.07,3901.06,295.72,
10/27/22,7142605.08,3807.3,296.94,
10/26/22,7745552.75,3830.6,298.62,
10/25/22,11698086.92,3859.11,291.02,
10/24/22,9083976.265,3797.34,282.45,
10/23/22,30583483.91,,,
10/22/22,45690846.11,,,
10/21/22,45491982.58,3752.75,289.57,
10/20/22,3849906.19,3665.78,268.16,
10/19/22,4577534.325,3695.16,272.38,
10/18/22,6401369.975,3719.98,240.86,
10/17/22,5276799.32,3677.95,245.1,
10/16/22,17146134.72,,,
10/15/22,30084090.21,,,
10/14/22,33100256.22,3583.07,230,
10/13/22,4561249.94,3669.91,232.51,
10/12/22,4907562.465,3577.03,220.87,
10/11/22,6471659.025,3588.84,214.29,
10/10/22,8734978.59,3612.39,229.98,
10/9/22,17061809.96,,,
10/8/22,23963888.59,,,
10/7/22,18436204.54,3639.66,224.75,
10/6/22,5298973.355,3744.52,240.02,
10/5/22,6013586.8,3783.28,236.73,
10/4/22,7433130.575,3790.93,240.74,
10/3/22,5284538.74,3678.43,239.04,
10/2/22,16250766.48,,,
10/1/22,25278763.45,,,26734.277
9/30/22,21366449.07,3585.62,235.44,
9/29/22,4589729.105,3640.47,239.71,
9/28/22,4527053.505,3719.04,245.2,
9/27/22,6634311.71,3647.29,224.36,
9/26/22,5822412.96,3655.04,224.07,
9/25/22,15946416.33,,,
9/24/22,23516238.72,,,
9/23/22,22276088.38,3693.23,226.41,
9/22/22,3569397.52,3757.99,237.05,
9/21/22,4138390.75,3789.93,236.87,
9/20/22,5759140.66,3855.93,242.85,
9/19/22,4287507.185,3899.89,243.63,
9/18/22,12975169.68,,,
9/17/22,18895627.08,,,
9/16/22,15919373.67,3873.33,240.13,
9/15/22,2612163.645,3901.35,235.38,
9/14/22,3035886.945,3946.01,224.12,
9/13/22,4420899.47,3932.69,218.13,
9/12/22,3124450.485,4110.41,236.53,
9/11/22,10161896.03,,,
9/10/22,15556125.91,,,
9/9/22,11825435.96,4067.36,233.57,
9/8/22,2540554.12,4006.18,227.44,
9/7/22,3135268.435,3979.87,228.96,
9/6/22,3642958.475,3908.19,218.39,
9/5/22,13195546.46,,,
9/4/22,16323909.75,,,
9/3/22,20752682.34,,,
9/2/22,9788613.77,3924.26,226.11,
9/1/22,3554134.155,3966.85,230.04,
8/31/22,3905482.165,3955,223.56,
8/30/22,5900534.25,3986.16,220.65,
8/29/22,4066259.665,4030.61,224.57,
8/28/22,12648932.79,,,
8/27/22,19216705.82,,,
8/26/22,13890243.38,4057.66,223.28,
8/25/22,5614309.415,4199.12,233.98,
8/24/22,6193560.36,4140.77,229.61,
8/23/22,9223216.21,4128.73,224.55,
8/22/22,7661324.125,4137.99,226.54,
8/21/22,20412049.52,,,
8/20/22,28304930.81,,,
8/19/22,27838744.57,4228.48,241.16,
8/18/22,6565119.925,4283.74,245.17,
8/17/22,7584089.045,4274.04,241.15,
8/16/22,9991656.415,4305.2,245.69,
8/15/22,7310091.035,4297.14,249.11,
8/14/22,18080375.76,,,
8/13/22,25062267.43,,,
8/12/22,18275525.39,4280.15,249.3,
8/11/22,9777065.415,4207.27,242.7,
8/10/22,10349884.16,4210.24,244.11,
8/9/22,15315800.57,4122.47,229.94,
8/8/22,11666380.05,4140.06,233.49,
8/7/22,27743099.09,,,
8/6/22,36020130.32,,,
8/5/22,33481757.47,4145.19,226.78,
8/4/22,11546950.55,4151.94,229.91,
8/3/22,12993078.41,4155.17,226.73,
8/2/22,17371333.72,4091.19,221.42,
8/1/22,14423102.01,4118.63,226.21,
7/31/22,30450810.98,,,
7/30/22,39096506.67,,,
7/29/22,34164666.25,4130.29,224.9,
7/28/22,15456566.52,4072.43,226.02,
7/27/22,16708759.15,4023.61,226.75,
7/26/22,22708550.02,3921.05,213.91,
7/25/22,18266850.03,3966.84,218.51,
7/24/22,40076250.5,,,
7/23/22,50109135.57,,,
7/22/22,46923494.61,3961.63,220.44,
7/21/22,16716368.18,3998.95,223.88,
7/20/22,18303073.04,3959.9,216.44,
7/19/22,24408427.88,3936.69,201.63,
7/18/22,19980996.75,3830.85,190.92,
7/17/22,43885710.38,,,
7/16/22,55029158.02,,,
7/15/22,46095560.1,3863.16,189.11,
7/14/22,21645002.99,3790.38,174.78,
7/13/22,23750853.43,3801.78,176.56,
7/12/22,32924033.03,3818.8,174.45,
7/11/22,27475364.22,3854.43,177.34,
7/10/22,66900984.09,,,
7/9/22,86977660.58,,,
7/8/22,108336423.3,3899.38,186.98,
7/7/22,21795187.96,3902.62,189.27,
7/6/22,28087036.97,3845.08,184.06,
7/5/22,35296080.17,3831.39,185.88,
7/4/22,36990646.29,,,
7/3/22,58766961.96,,,
7/2/22,69758089.77,,,
7/1/22,79766330.02,3825.33,179.95,26272.011
6/30/22,16445464.17,3785.38,174.87,
6/29/22,18669965.08,3818.83,178.36,
6/28/22,22956120.85,3821.55,179.6,
6/27/22,20500052.82,3900.11,189.14,
6/26/22,42591873.61,,,
6/25/22,54310395.3,,,
6/24/22,50437223.33,3911.74,190.85,
6/23/22,16189792.58,3795.73,181.71,
6/22/22,18106806.25,3759.89,178.89,
6/21/22,22624989.92,3764.79,170.91,
6/20/22,27381011.58,,,
6/19/22,61391264.03,,,
6/18/22,63583098.93,,,
6/17/22,55429749.25,3674.84,175.51,
6/16/22,18401147.31,3666.77,173.35,
6/15/22,20646371.4,3789.99,180.11,
6/14/22,27641872.25,3735.48,167.54,
6/13/22,23560245.35,3749.63,169.69,
6/12/22,67444145.73,,,
6/11/22,80834723.58,,,
6/10/22,86500219.91,3900.86,182.94,
6/9/22,13306044.25,4017.82,192.77,
6/8/22,17695742.94,4115.77,202.83,
6/7/22,20102996.49,4160.68,198.61,
6/6/22,17593148.11,4121.43,197.14,
6/5/22,41058855.18,,,
6/4/22,52415535.77,,,
6/3/22,37349772.4,4108.54,198.98,
6/2/22,20953686.26,4176.82,205.09,
6/1/22,21195243.68,4101.23,192.91,
5/31/22,23674743.24,4132.15,197.44,
5/30/22,50275486.69,,,
5/29/22,56684627.03,,,
5/28/22,61163832.93,,,
5/27/22,75168843.82,4158.24,195.19,
5/26/22,6386046.94,4057.84,191.4,
5/25/22,7465794.375,3978.73,187.83,
5/24/22,8688032.665,3941.48,180.34,
5/23/22,7691758.035,3973.75,187.44,
5/22/22,22910180.48,,,
5/21/22,31295144.79,,,
5/20/22,24828779.82,3901.36,186.35,
5/19/22,6785688.975,3900.79,183.48,
5/18/22,6828796.13,3923.68,177.19,
5/17/22,9039900.025,4088.85,190.56,
5/16/22,7363759.78,4008.01,186.51,
5/15/22,28826794.69,,,
5/14/22,42219789.17,,,
5/13/22,27353158.95,4023.89,187.64,
5/12/22,11571971.06,3930.08,174.31,
5/11/22,12862579.02,3935.18,166.37,
5/10/22,17361408.61,4001.05,177.66,
5/9/22,17807728.06,3991.24,173.1,
5/8/22,55205808.84,,,
5/7/22,78804399.9,,,
5/6/22,109413557.4,4123.34,180.97,
5/5/22,3257938.905,4146.87,188.32,
5/4/22,4851675.985,4300.17,204.01,
5/3/22,6898453.12,4175.48,199.87,
5/2/22,5524774.58,4155.38,199.46,
5/1/22,20295784.73,,,
4/30/22,31013978.65,,,
4/29/22,18251807.67,4131.93,190.36,
4/28/22,6251452.415,4287.5,199.52,
4/27/22,6474389.48,4183.96,188.54,
4/26/22,9009395.395,4175.2,198.4,
4/25/22,7117843.135,4296.12,209.91,
4/24/22,27713070.71,,,
4/23/22,39841924.2,,,
4/22/22,32136684.06,4271.78,215.52,
4/21/22,7501400.79,4393.66,218.22,
4/20/22,8535606.755,4459.45,226.19,
4/19/22,11541996.83,4462.21,348.61,
4/18/22,13747964.69,4391.69,337.86,
4/17/22,26841251.13,,,
4/16/22,43585646.52,,,
4/15/22,46590687.39,,,
4/14/22,10292535.76,4392.59,341.13,
4/13/22,9892408.63,4446.59,350.43,
4/12/22,10764614.97,4397.45,344.1,
4/11/22,9259144.18,4412.53,348,
4/10/22,34060776.36,,,
4/9/22,50867536.85,,,
4/8/22,44551391.11,4488.28,355.88,
4/7/22,4803038.305,4500.21,362.15,
4/6/22,5373859.205,4481.15,368.35,
4/5/22,7506140.135,4525.12,380.15,
4/4/22,5602903.605,4582.64,391.5,
4/3/22,21122400.98,,,
4/2/22,32720815.79,,,
4/1/22,31114417.62,4545.86,373.47,25805.791
3/31/22,5342487.15,4530.41,374.59,
3/30/22,5792080.71,4602.45,381.47,
3/29/22,8018292.165,4631.6,391.82,
3/28/22,6601947.365,4575.52,378.51,
3/27/22,21573260.87,,,
3/26/22,34743669.68,,,
3/25/22,30402949.01,4543.06,373.85,
3/24/22,6159569.455,4520.16,375.71,
3/23/22,7076439.89,4456.24,374.49,
3/22/22,8651272.63,4511.61,382.92,
3/21/22,7603418.81,4461.18,374.59,
3/20/22,22391279.11,,,
3/19/22,35852381.37,,,
3/18/22,30223740.11,4463.12,380.6,
3/17/22,8614482.76,4411.67,371.4,
3/16/22,9767070.69,4357.86,357.53,
3/15/22,12067865.23,4262.45,343.75,
3/14/22,10167066.33,4173.11,331.01,
3/13/22,29913193.12,,,
3/12/22,51116928.72,,,
3/11/22,28973323.21,4204.31,340.32,
3/10/22,12344108.6,4259.52,356.77,
3/9/22,12134789.55,4277.88,358.79,
3/8/22,15472135.97,4170.7,341.76,
3/7/22,14684929.55,4201.09,350.26,
3/6/22,47296713.88,,,
3/5/22,62210741.97,,,
3/4/22,71069404.32,4328.87,361.73,
3/3/22,3459299.74,4363.49,368.07,
3/2/22,4221978.475,4386.54,380.03,
3/1/22,6436668.095,4306.26,386.24,
2/28/22,4363273.72,4373.94,394.52,
2/27/22,16816197.19,,,
2/26/22,28194588.83,,,
2/25/22,15861265.03,4384.65,390.8,
2/24/22,6222987.615,4288.7,390.03,
2/23/22,6368118.315,4225.5,367.46,
2/22/22,10101916.63,4304.76,377.38,
2/21/22,17691549.46,,,
2/20/22,29177921.7,,,
2/19/22,38752267.13,,,
2/18/22,31695576.9,4348.87,391.29,
2/17/22,3785257.06,4380.26,386.67,
2/16/22,4550250.77,4475.01,398.08,
2/15/22,6323017.74,4471.07,407.46,
2/14/22,13656472.9,4401.67,396.57,
2/13/22,10215929.43,,,
2/12/22,26888023.57,,,
2/11/22,18608044.2,4418.64,391.31,
2/10/22,3600122.045,4504.08,406.27,
2/9/22,3955839.225,4587.18,412.89,
2/8/22,5226499.72,4521.54,403.53,
2/7/22,4366718.005,4483.87,402.1,
2/6/22,15606374.68,,,
2/5/22,26060286.85,,,
2/4/22,20106666.19,4500.53,410.17,
2/3/22,2163676.19,4477.44,405.6,
2/2/22,2450978.4,4589.38,429.48,
2/1/22,3322021.17,4546.54,457.13,
1/31/22,2773128.995,4515.55,427.14,
1/30/22,8674393.65,,,
1/29/22,16654953.38,,,
1/28/22,8981093.03,4431.85,384.36,
1/27/22,3431188.54,4326.51,386.7,
1/26/22,3314372.36,4349.93,359.7,
1/25/22,4202806.725,4356.45,366.42,
1/24/22,3332418.115,4410.13,387.15,
1/23/22,12360970.9,,,
1/22/22,21058890,,,
1/21/22,13228531.81,4397.94,397.5,
1/20/22,4570325.305,4482.73,508.25,
1/19/22,4684069.585,4532.76,515.86,
1/18/22,6098215.435,4577.11,510.8,
1/17/22,14274837.53,,,
1/16/22,19990559.42,,,
1/15/22,29441354.8,,,
1/14/22,26095536.35,4662.85,525.69,
1/13/22,4459872.82,4659.03,519.2,
1/12/22,4715144.395,4726.35,537.22,
1/11/22,6103454.24,4713.07,540.84,
1/10/22,4759821.755,4670.29,539.85,
1/9/22,18786681.81,,,
1/8/22,30327216.73,,,
1/7/22,17611980.62,4677.03,541.06,
1/6/22,7351239.025,4696.05,553.29,
1/5/22,8167858.335,4700.58,567.52,
1/4/22,11491657.45,4793.54,591.15,
1/3/22,14753744.53,4796.56,597.37,
1/2/22,32093239.88,,,
1/1/22,43181040.83,,,25215.491
12/31/21,30499974.64,4766.18,602.44,
12/30/21,38698729.88,4778.73,612.09,
12/29/21,37672100.9,4793.06,610.54,
12/28/21,39895759.8,4786.35,610.71,
12/27/21,43326874.31,4791.19,613.12,
12/26/21,58502516.67,,,
12/25/21,62408966.82,,,
12/24/21,34351962.65,,,
12/23/21,49745822.62,4725.79,614.09,
12/22/21,52210849.99,4696.56,614.24,
12/21/21,39349603.61,4649.23,604.92,
12/20/21,45156878.07,4568.02,593.74,
12/19/21,78019397.95,,,
12/18/21,90647339.06,,,
12/17/21,141469700.2,4620.64,586.73,
12/16/21,2910280.49,4668.67,591.06,
12/15/21,3963331.125,4709.85,605.04,
12/14/21,4953113.88,4634.09,597.99,
12/13/21,3881070.505,4668.97,604.56,
12/12/21,12839371.81,,,
12/11/21,19137102.73,,,
12/10/21,13069345.51,4712.02,611.66,
12/9/21,4330357.98,4667.45,611,
12/8/21,4547572.25,4701.21,628.08,
12/7/21,5540521.935,4686.75,625.58,
12/6/21,4401470.255,4591.67,612.69,
12/5/21,15823192.26,,,
12/4/21,22757237.43,,,
12/3/21,13907423.92,4538.43,602.13,
12/2/21,7395298.69,4577.1,616.47,
12/1/21,8003487.375,4513.04,617.77,
11/30/21,7027962.435,4567,641.9,
11/29/21,5625114.105,4655.27,663.84,
11/28/21,23038708.55,,,
11/27/21,38514683.29,,,
11/26/21,40907209.4,4594.62,665.64,
11/25/21,21898349.66,,,
11/24/21,27309720.3,4701.46,658.29,
11/23/21,11058499.66,4690.7,654.06,
11/22/21,9637743.7,4682.94,659.2,
11/21/21,23541239.35,,,
11/20/21,35563535.48,,,
11/19/21,29697221.97,4697.96,678.8,
11/18/21,4216872.27,4704.54,682.02,
11/17/21,4680837.46,4688.67,691.69,
11/16/21,6028104.29,4700.9,687.4,
11/15/21,4694346.085,4682.8,679.33,
11/14/21,19610689.15,,,
11/13/21,32367021.31,,,
11/12/21,20789552.88,4682.85,682.61,
11/11/21,15778723.74,4649.27,657.58,
11/10/21,10527781.42,4646.71,646.91,
11/9/21,9318760.035,4685.25,655.99,
11/8/21,7659259.985,4701.7,651.45,
11/7/21,27882548.98,,,
11/6/21,42376113.52,,,
11/5/21,44721941.23,4697.53,645.72,
11/4/21,4951177.92,4680.06,668.4,
11/3/21,6163233.635,4660.57,688.29,
11/2/21,7660872.18,4630.65,677.72,
11/1/21,6575102.495,4613.67,681.17,
10/31/21,17292646.67,,,
10/30/21,27746219.61,,,
10/29/21,23241794.29,4605.38,690.31,
10/28/21,4318782,4596.42,674.05,
10/27/21,4380582.44,4551.68,662.92,
10/26/21,5329906.725,4574.79,668.52,
10/25/21,4653409.15,4566.48,671.66,
10/24/21,26041868.71,,,
10/23/21,40542341.71,,,
10/22/21,36765824.1,4544.9,664.78,
10/21/21,6426123.08,4549.78,653.16,
10/20/21,7382585.665,4536.19,625.14,
10/19/21,9264801.78,4519.63,639,
10/18/21,8456150.625,4486.46,637.97,
10/17/21,27174754.49,,,
10/16/21,46916482.28,,,
10/15/21,44039709.81,4471.37,628.29,
10/14/21,7502269.32,4438.26,633.8,
10/13/21,8394308.195,4363.8,629.76,
10/12/21,10472012.07,4350.65,624.94,
10/11/21,15611784.76,4361.19,627.04,
10/10/21,32251081.4,,,
10/9/21,43932164.58,,,
10/8/21,42108059.31,4391.34,632.66,
10/7/21,5978299.73,4399.76,631.85,
10/6/21,7211702.94,4363.55,639.1,
10/5/21,10293759,4345.72,634.81,
10/4/21,9307891.255,4300.46,603.35,
10/3/21,32586551.66,,,
10/2/21,49831922.01,,,
10/1/21,52071751.49,4357.04,613.15,24777.038
9/30/21,2839049.98,4307.54,610.34,
9/29/21,2658516.185,4359.46,599.06,
9/28/21,3387286.89,4352.63,583.85,
9/27/21,2653385.67,4443.11,592.64,
9/26/21,9249943.95,,,
9/25/21,15542776.41,,,
9/24/21,11340693.46,4455.48,592.39,
9/23/21,2870204.35,4448.98,593.26,
9/22/21,3112730.855,4395.64,590.65,
9/21/21,4040873.395,4354.19,573.14,
9/20/21,3178918.145,4357.73,575.43,
9/19/21,11487302.65,,,
9/18/21,19177837.45,,,
9/17/21,11916598.46,4432.99,589.35,
9/16/21,4794765.17,4473.75,586.5,
9/15/21,4491921.135,4480.7,582.87,
9/14/21,5529018.885,4443.05,577.76,
9/13/21,4214026.895,4468.73,589.29,
9/12/21,16229314.01,,,
9/11/21,26359284.38,,,
9/10/21,16608036.19,4458.58,598.72,
9/9/21,6479627.18,4493.28,597.54,
9/8/21,7376935.8,4514.07,606.05,
9/7/21,10132288.66,4520.03,606.71,
9/6/21,30467054.48,,,
9/5/21,38165151.9,,,
9/4/21,39333802.11,,,
9/3/21,41778409.08,4535.43,590.53,
9/2/21,4151955.73,4536.95,588.55,
9/1/21,4778862.01,4524.09,582.07,
8/31/21,6176147.77,4522.68,569.19,
8/30/21,5330468.065,4528.79,566.18,
8/29/21,16149672.24,,,
8/28/21,25601883.13,,,
8/27/21,20561637.79,4509.37,558.92,
8/26/21,4996308.33,4470,550.12,
8/25/21,5847338.445,4496.19,547.58,
8/24/21,7159057.425,4486.23,553.41,
8/23/21,6054932.585,4479.53,553.33,
8/22/21,17340905.34,,,
8/21/21,24965195.39,,,
8/20/21,18920371.34,4441.67,546.88,
8/19/21,6504060.94,4405.8,543.71,
8/18/21,6823457.875,4400.27,521.87,
8/17/21,8925446.335,4448.08,518.91,
8/16/21,7383128.22,4479.71,517.92,
8/15/21,18972557.18,,,
8/14/21,26936539.7,,,
8/13/21,25888963.23,4468,515.92,
8/12/21,3770769.405,4460.83,510.72,
8/11/21,4627617.345,4447.7,512.4,
8/10/21,5807647.95,4436.75,515.84,
8/9/21,4759788.605,4432.35,519.97,
8/8/21,17609294.37,,,
8/7/21,24938077.58,,,
8/6/21,24277298.63,4436.52,520.55,
8/5/21,7590205.22,4429.1,524.89,
8/4/21,8829530.125,4402.66,517.35,
8/3/21,11370242.26,4423.15,510.82,
8/2/21,9740647.93,4387.16,515.15,
8/1/21,21870150.06,,,
7/31/21,29061749.73,,,
7/30/21,29480162.4,4395.26,517.57,
7/29/21,6160061.18,4419.15,514.25,
7/28/21,7058881.44,4400.64,519.3,
7/27/21,9004864.895,4401.46,518.91,
7/26/21,7570519.645,4422.3,516.49,
7/25/21,17864316.21,,,
7/24/21,23539009.46,,,
7/23/21,26063002.94,4411.79,515.41,
7/22/21,6337658.99,4367.48,511.77,
7/21/21,7733660.74,4358.69,513.63,
7/20/21,8968729.185,4323.06,531.05,
7/19/21,7970789.32,4258.49,532.28,
7/18/21,18079107.22,,,
7/17/21,24860569.57,,,
7/16/21,35698208.46,4327.16,530.31,
7/15/21,10430366.83,4360.03,542.95,
7/14/21,11390198.56,4374.3,547.95,
7/13/21,14822073.31,4369.21,540.68,
7/12/21,13542611.49,4384.63,537.31,
7/11/21,31629360.88,,,
7/10/21,41276290.45,,,
7/9/21,56762126.2,4369.55,535.98,
7/8/21,8550348.56,4320.82,530.76,
7/7/21,9834716.58,4358.13,535.96,
7/6/21,11129847.3,4343.54,541.64,
7/5/21,18908294.8,,,
7/4/21,15221008.14,,,
7/3/21,27239808.05,,,
7/2/21,30139415.35,4352.34,533.98,
7/1/21,9275568.9,4319.94,533.54,23921.991
6/30/21,9766666.26,4297.5,528.21,
6/29/21,11306869.41,4291.8,533.5,
6/28/21,10949583.13,4290.61,533.03,
6/27/21,26708877.65,,,
6/26/21,34592449.32,,,
6/25/21,41902196.7,4280.7,527.07,
6/24/21,4193061.73,4266.49,518.06,
6/23/21,4905302.74,4241.84,512.74,
6/22/21,6003957.83,4246.44,508.82,
6/21/21,5005467.675,4224.79,497,
6/20/21,12097370.94,,,
6/19/21,14608708.86,,,
6/18/21,14456564.72,4166.45,500.77,
6/17/21,5912458.305,4221.86,498.34,
6/16/21,8642378.485,4223.7,492.41,
6/15/21,5171255.245,4246.59,491.9,
6/14/21,4677321.35,4255.15,499.89,
6/13/21,10316453.49,,,
6/12/21,14096657.38,,,
6/11/21,18009051.32,4247.44,488.77,
6/10/21,4832199.255,4239.18,487.27,
6/9/21,5253694.875,4219.55,485.81,
6/8/21,5993173.03,4227.26,492.39,
6/7/21,5285847.06,4226.52,494.66,
6/6/21,18476192.28,,,
6/5/21,27409100.68,,,
6/4/21,25590441.96,4229.89,494.74,
6/3/21,7484088.755,4192.85,489.43,
6/2/21,7315050.275,4208.12,499.24,
6/1/21,7944400.815,4202.04,499.08,
5/31/21,18538947.44,,,
5/30/21,25105224.3,,,
5/29/21,28576214.94,,,
5/28/21,32508888.95,4204.11,502.81,
5/27/21,1125122.05,4200.88,503.86,
5/26/21,1483096.745,4195.99,502.36,
5/25/21,1668344.47,4188.13,501.34,
5/24/21,1434690.01,4197.05,502.9,
5/23/21,4325624.16,,,
5/22/21,6329568.18,,,
5/21/21,4333772.43,4155.86,497.89,
5/20/21,1729015.6,4159.12,501.67,
5/19/21,1641215.615,4115.68,487.7,
5/18/21,2024995.375,4127.83,486.28,
5/17/21,1734858.84,4163.29,488.94,
5/16/21,5633220.385,,,
5/15/21,8327278.895,,,
5/14/21,7454837.195,4173.85,493.37,
5/13/21,1455133.615,4112.5,486.66,
5/12/21,1669868.265,4063.04,484.98,
5/11/21,1967118.79,4152.1,495.08,
5/10/21,1732674.255,4188.43,486.69,
5/9/21,6837101.31,,,
5/8/21,9503041.99,,,
5/7/21,7261203.625,4232.6,503.84,
5/6/21,1170914.355,4201.62,499.55,
5/5/21,1207500.905,4167.59,496.08,
5/4/21,1437992.855,4164.66,503.18,
5/3/21,1230718.06,4192.66,509.11,
5/2/21,4254632.33,,,
5/1/21,6307665.975,,,
4/30/21,6619934.555,4181.17,513.47,
4/29/21,2012034.83,4211.47,509,
4/28/21,2230947.485,4183.18,506.52,
4/27/21,2643445.09,4186.72,505.55,
4/26/21,2442791.455,4187.62,510.3,
4/25/21,13883383.54,,,
4/24/21,19970266.1,,,
4/23/21,22600661.14,4180.17,505.55,
4/22/21,738737.805,4134.98,508.78,
4/21/21,755055.34,4173.42,508.9,
4/20/21,876354.505,4134.94,549.57,
4/19/21,692253.77,4163.26,554.44,
4/18/21,4981922.335,,,
4/17/21,8596293.355,,,
4/16/21,5333012.88,4185.47,546.54,
4/15/21,1684186.855,4170.42,549.22,
4/14/21,1573044.85,4124.66,540.02,
4/13/21,1890156.645,4141.59,553.73,
4/12/21,1602717.415,4127.99,552.78,
4/11/21,7596208.685,,,
4/10/21,12313819.44,,,
4/9/21,7977348.6,4128.8,555.31,
4/8/21,3022560.645,4097.17,554.58,
4/7/21,3012874.215,4079.95,546.99,
4/6/21,3767759.385,4073.94,544.53,
4/5/21,4129854.625,4077.91,540.67,
4/4/21,10784579,,,
4/3/21,18860551.06,,,
4/2/21,17791174.05,,,
4/1/21,8982637.82,4019.87,539.42,23368.861
3/31/21,12122011.33,3972.89,521.66,
3/30/21,1816551.49,3958.55,513.39,
3/29/21,1455428.65,3971.09,513.95,
3/28/21,5429901.49,,,
3/27/21,7851311.195,,,
3/26/21,5918463.98,3974.54,508.05,
3/25/21,1175240.43,3909.52,502.86,
3/24/21,1181085.88,3889.14,520.81,
3/23/21,1468322.895,3910.52,535.09,
3/22/21,1095106.935,3940.59,523.11,
3/21/21,4590486.03,,,
3/20/21,7493550.87,,,
3/19/21,4998334.9,3913.1,512.18,
3/18/21,1755801.905,3915.46,504.79,
3/17/21,1582073.805,3974.12,524.44,
3/16/21,1864376.995,3962.71,524.03,
3/15/21,1478093.305,3968.94,520.25,
3/14/21,4971019.3,,,
3/13/21,7715685.705,,,
3/12/21,4467811.14,3943.34,518.02,
3/11/21,1324420.955,3939.34,523.06,
3/10/21,1219516.675,3898.81,504.54,
3/9/21,1716018.59,3875.44,506.44,
3/8/21,1271667.15,3821.35,493.33,
3/7/21,6624219.745,,,
3/6/21,11128721.31,,,
3/5/21,7502257.165,3841.94,516.39,
3/4/21,945034.675,3768.47,511.29,
3/3/21,935839.97,3819.72,520.7,
3/2/21,1353385.215,3870.29,547.82,
3/1/21,998697.895,3901.82,550.64,
2/28/21,6103227.715,,,
2/27/21,9453563.405,,,
2/26/21,6028725.3,3811.15,538.85,
2/25/21,464957.48,3829.34,546.7,
2/24/21,413130.77,3925.43,553.41,
2/23/21,555223.825,3881.37,546.15,
2/22/21,384143.305,3876.5,533.78,
2/21/21,2145259.155,,,
2/20/21,3657914.65,,,
2/19/21,1889153.305,3906.71,540.22,
2/18/21,496259.92,3913.97,548.22,
2/17/21,465416.055,3931.33,551.34,
2/16/21,617277.31,3932.59,557.28,
2/15/21,1490317.92,,,
2/14/21,4732229.905,,,
2/13/21,4509318.255,,,
2/12/21,2566526.04,3934.83,556.52,
2/11/21,502323.055,3916.38,557.59,
2/10/21,424887.97,3909.88,563.59,
2/9/21,570080.55,3911.23,559.07,
2/8/21,432258.32,3915.59,547.92,
2/7/21,1291358.25,,,
2/6/21,4324744.58,,,
2/5/21,2369274.7,3886.83,550.79,
2/4/21,608575.435,3871.74,552.16,
2/3/21,596502.205,3830.17,539.45,
2/2/21,839035.34,3826.31,548.16,
2/1/21,522850.64,3773.86,539.04,
1/31/21,2986365.265,,,
1/30/21,5691514.66,,,
1/29/21,3565739.97,3714.24,532.39,
1/28/21,532158.055,3787.38,538.6,
1/27/21,461934.2,3750.77,523.28,
1/26/21,628667.65,3849.62,561.93,
1/25/21,440935.885,3855.36,556.78,
1/24/21,2216355.96,,,
1/23/21,4526229.175,,,
1/22/21,2474853.03,3841.47,565.17,
1/21/21,615619.81,3853.07,579.84,
1/20/21,545654.525,3851.85,586.34,
1/19/21,844458.68,3798.91,501.77,
1/18/21,2120112.67,,,
1/17/21,3416904.205,,,
1/16/21,5045974.765,,,
1/15/21,3226245.295,3768.25,497.98,
1/14/21,592242.43,3795.54,500.86,
1/13/21,581073.09,3809.84,507.79,
1/12/21,772302.18,3801.19,494.25,
1/11/21,523857.295,3799.61,499.1,
1/10/21,2489086.535,,,
1/9/21,4633742.36,,,
1/8/21,2678834.925,3824.68,510.4,
1/7/21,822270.28,3803.79,508.89,
1/6/21,718751.67,3748.14,500.49,
1/5/21,1037574.005,3726.86,520.8,
1/4/21,1007104.735,3700.65,522.86,
1/3/21,3124463.745,,,
1/2/21,5723478.995,,,
1/1/21,5058890.005,,,22656.793
12/31/20,3221111.465,3756.07,540.73,
12/30/20,3178488.3,3732.04,524.59,
12/29/20,3385469.165,3727.04,530.87,
12/28/20,3409315.065,3735.36,519.12,
12/27/20,5859107.8,,,
12/26/20,9285930.485,,,
12/25/20,11132262.83,,,
12/24/20,864642.61,3703.06,513.97,
12/23/20,1028748.37,3690.01,514.48,
12/22/20,1043900.13,3687.26,527.33,
12/21/20,855241.27,3694.92,528.91,
12/20/20,2070021.915,,,
12/19/20,2987745.41,,,
12/18/20,2418331.175,3709.41,534.45,
12/17/20,353281.76,3722.48,532.9,
12/16/20,354758.04,3701.17,524.83,
12/15/20,450821.215,3694.62,519.78,
12/14/20,323869.975,3647.49,522.42,
12/13/20,1651260.065,,,
12/12/20,2834413.4,,,
12/11/20,1707124.445,3663.46,503.22,
12/10/20,476079.305,3668.1,501.09,
12/9/20,440819.86,3672.82,493.6,
12/8/20,583353.81,3702.25,512.66,
12/7/20,415677.795,3691.96,515.78,
12/6/20,2163910.45,,,
12/5/20,3744609.635,,,
12/4/20,2307226.74,3699.12,498.31,
12/3/20,597043.655,3666.72,497.52,
12/2/20,592224.75,3669.01,503.38,
12/1/20,842141.495,3662.45,504.58,
11/30/20,699485.995,3621.63,490.7,
11/29/20,3297090.16,,,
11/28/20,5599059.31,,,
11/27/20,5723383.965,3638.35,491.36,
11/26/20,3777488.91,,,
11/25/20,2705086.41,3629.65,485,
11/24/20,665803.385,3635.41,482.88,
11/23/20,506008.23,3577.59,476.62,
11/22/20,1478080.045,,,
11/21/20,2655790.15,,,
11/20/20,1826093.165,3557.54,488.24,
11/19/20,547072.24,3581.87,484.67,
11/18/20,563335.63,3567.79,481.79,
11/17/20,802376.965,3609.53,480.63,
11/16/20,720978.245,3626.91,479.1,
11/15/20,2577395.925,,,
11/14/20,5013045.765,,,
11/13/20,3851937.18,3585.15,482.84,
11/12/20,680926.415,3537.01,486.77,
11/11/20,1173796.195,3572.66,490.76,
11/10/20,1064313.9,3545.53,480.24,
11/9/20,714592.45,3550.5,470.5,
11/8/20,2790203.455,,,
11/7/20,5229179.345,,,
11/6/20,3831094.67,3509.44,514.73,
11/5/20,656278.285,3510.45,513.76,
11/4/20,642166.33,3443.44,496.95,
11/3/20,801217.82,3369.02,487.22,
11/2/20,744804.255,3310.24,484.12,
11/1/20,2530615.75,,,
10/31/20,3842950.215,,,
10/30/20,3263805.35,3269.96,475.74,
10/29/20,678374.97,3310.11,504.21,
10/28/20,667195.685,3271.03,486.24,
10/27/20,840457.475,3390.68,488.93,
10/26/20,609706.955,3400.97,488.24,
10/25/20,2668873.35,,,
10/24/20,4588398.685,,,
10/23/20,3365301.81,3465.39,488.28,
10/22/20,679162.835,3453.49,485.23,
10/21/20,909454.78,3435.56,489.05,
10/20/20,970194.42,3443.12,525.42,
10/19/20,704384.46,3426.92,530.72,
10/18/20,3090562.345,,,
10/17/20,5517339.035,,,
10/16/20,4220432.58,3483.81,530.79,
10/15/20,589887.675,3483.34,541.94,
10/14/20,616521.49,3488.67,541.45,
10/13/20,796152.5,3511.93,554.09,
10/12/20,1046996.34,3534.22,539.81,
10/11/20,2775302.53,,,
10/10/20,4546226.36,,,
10/9/20,3207658.09,3477.13,539.44,
10/8/20,672386.975,3446.83,531.79,
10/7/20,632755.045,3419.45,534.66,
10/6/20,749422.05,3360.95,505.87,
10/5/20,580309.535,3408.63,520.65,
10/4/20,2172333.865,,,
10/3/20,4083821.43,,,
10/2/20,2704718.445,3348.44,503.06,
10/1/20,821428.27,3380.8,527.51,22068.767
9/30/20,755981.33,3363,500.03,
9/29/20,874846.18,3335.47,493.48,
9/28/20,794860.755,3351.6,490.65,
9/27/20,2349674.21,,,
9/26/20,3998733.115,,,
9/25/20,3085868.305,3298.46,482.88,
9/24/20,1079562.9,3246.59,473.08,
9/23/20,1065306.19,3236.92,470.61,
9/22/20,1289390.245,3315.57,491.17,
9/21/20,1020245.395,3281.06,487.35,
9/20/20,2753259.99,,,
9/19/20,5158533.38,,,
9/18/20,3634032.285,3319.47,469.96,
9/17/20,1047516.795,3357.01,470.2,
9/16/20,1286898.47,3385.49,483.86,
9/15/20,1478577.295,3401.2,495.99,
9/14/20,1173440.385,3383.54,476.26,
9/13/20,3307282.68,,,
9/12/20,6160591.58,,,
9/11/20,4163789.175,3340.97,482.03,
9/10/20,1448482.62,3339.19,480.67,
9/9/20,1490063.77,3398.96,500.19,
9/8/20,1665490.255,3331.84,507.02,
9/7/20,4029402.39,,,
9/6/20,5762172.78,,,
9/5/20,6808176.83,,,
9/4/20,5138398.07,3426.96,516.05,
9/3/20,6414055.375,3455.06,525.75,
9/2/20,868760.945,3580.84,552.84,
9/1/20,994534.255,3526.65,556.55,
8/31/20,922602.07,3500.31,529.56,
8/30/20,3056239.94,,,
8/29/20,5123818.7,,,
8/28/20,5430471.67,3508.01,523.89,
8/27/20,504459.02,3484.55,526.27,
8/26/20,480396.54,3478.73,547.53,
8/25/20,682268.99,3443.62,490.58,
8/24/20,505752.975,3431.28,488.81,
8/23/20,1504507.225,,,
8/22/20,2302680.77,,,
8/21/20,2080867.49,3397.16,492.31,
8/20/20,176802.21,3385.51,497.9,
8/19/20,171544.62,3374.85,484.53,
8/18/20,271610.105,3389.78,491.87,
8/17/20,177811.075,3381.99,482.35,
8/16/20,296124.53,,,
8/15/20,409434.545,,,
8/14/20,437251.815,3372.85,482.68,
8/13/20,45029.855,3373.43,481.33,
8/12/20,49415.6,3380.35,475.47,
8/11/20,46498.4,3333.69,466.93,
8/10/20,43359.095,3360.47,483.38,
8/9/20,80788.76,,,
8/8/20,149304.285,,,
8/7/20,256552.27,3351.28,494.73,
8/6/20,93123.875,3349.16,509.08,
8/5/20,76736.725,3327.77,502.11,
8/4/20,70798.455,3306.51,509.64,
8/3/20,61958.455,3294.61,498.62,
8/2/20,140978.11,,,
8/1/20,231209.095,,,
7/31/20,226070.845,3271.12,488.88,
7/30/20,102042.33,3246.22,485.8,
7/29/20,74667.06,3258.44,484.48,
7/28/20,88914.93,3218.44,488.51,
7/27/20,78387.595,3239.41,495.65,
7/26/20,180586.835,,,
7/25/20,223264.145,,,
7/24/20,325234.65,3215.63,480.45,
7/23/20,43394.455,3235.66,477.58,
7/22/20,43071.795,3276.02,489.82,
7/21/20,37335.74,3257.3,490.1,
7/20/20,39345.735,3251.84,502.41,
7/19/20,66622.66,,,
7/18/20,119410.72,,,
7/17/20,101337.34,3224.73,492.99,
7/16/20,45824.35,3215.57,527.39,
7/15/20,42187.795,3226.56,523.26,
7/14/20,47910.59,3197.52,524.88,
7/13/20,50692.98,3155.22,525.5,
7/12/20,100919.65,,,
7/11/20,163115.68,,,
7/10/20,153382.84,3185.04,548.73,
7/9/20,61979.45,3152.05,507.76,
7/8/20,59426.9,3169.94,502.78,
7/7/20,56438.98,3145.32,493.16,
7/6/20,57517.46,3179.72,493.81,
7/5/20,92559.22,,,
7/4/20,82058.405,,,
7/3/20,151393.84,,,
7/2/20,66035.905,3130.01,476.89,
7/1/20,57359.445,3115.86,485.64,21684.551
6/30/20,50204.57,3100.29,455.04,
6/29/20,59682.155,3053.24,447.24,
6/28/20,90149.215,,,
6/27/20,87459.645,,,
6/26/20,114016.11,3009.05,443.4,
6/25/20,90975.755,3083.76,465.91,
6/24/20,79175.46,3050.33,457.85,
6/23/20,76435.06,3131.29,466.26,
6/22/20,66830.4,3117.86,468.04,
6/21/20,89655.28,,,
6/20/20,204501.245,,,
6/19/20,183423.37,3097.74,453.72,
6/18/20,72164.235,3115.34,449.87,
6/17/20,62948.535,3113.49,447.77,
6/16/20,69170.79,3124.74,436.13,
6/15/20,59499.83,3066.59,425.5,
6/14/20,116995.19,,,
6/13/20,245816.09,,,
6/12/20,208195.26,3041.31,418.07,
6/11/20,72713.42,3002.1,425.56,
6/10/20,75478.13,3190.14,434.48,
6/9/20,53958.255,3207.18,434.05,
6/8/20,44723.77,3232.39,419.49,
6/7/20,116953.2,,,
6/6/20,193902.085,,,
6/5/20,143015.73,3193.93,419.6,
6/4/20,19508.775,3112.35,414.33,
6/3/20,14720.81,3122.87,421.97,
6/2/20,11746.15,3080.82,427.31,
6/1/20,11603.605,3055.73,425.92,
5/31/20,37736.855,,,
5/30/20,86742.5,,,
5/29/20,70515.575,3044.31,419.73,
5/28/20,22706.645,3029.73,413.44,
5/27/20,20158.515,3036.13,419.89,
5/26/20,21891.155,2991.77,414.77,
5/25/20,24123.255,,,
5/24/20,68806.14,,,
5/23/20,94102.905,,,
5/22/20,78582.075,2955.45,429.32,
5/21/20,19744.14,2948.51,436.25,
5/20/20,22607.195,2971.61,447.67,
5/19/20,20902.18,2922.94,451.04,
5/18/20,17551.82,2953.91,452.58,
5/17/20,30258.215,,,
5/16/20,57755.035,,,
5/15/20,49170.29,2863.7,454.19,
5/14/20,14551.745,2852.5,441.95,
5/13/20,17562.87,2820,438.27,
5/12/20,14433.51,2870.12,431.82,
5/11/20,12897.56,2930.32,440.52,
5/10/20,16863.405,,,
5/9/20,43717.115,,,
5/8/20,32768.775,2929.8,435.55,
5/7/20,9910.745,2881.19,436.53,
5/6/20,10000.25,2848.42,434.26,
5/5/20,7125.04,2868.44,424.68,
5/4/20,8551.595,2842.74,428.15,
5/3/20,16940.755,,,
5/2/20,35853.935,,,
5/1/20,35041.76,2830.71,415.27,
4/30/20,2219.945,2912.43,419.85,
4/29/20,1539.265,2939.51,411.89,
4/28/20,1617.72,2863.39,403.83,
4/27/20,1439.815,2878.48,421.38,
4/26/20,2712.775,,,
4/25/20,6413.42,,,
4/24/20,4202.315,2836.74,424.99,
4/23/20,1558.05,2797.8,426.7,
4/22/20,457.47,2799.31,421.42,
4/21/20,1326,2736.56,433.83,
4/20/20,576.81,2823.16,437.49,
4/19/20,2187.9,,,
4/18/20,2173.535,,,
4/17/20,1434.29,2874.56,422.96,
4/16/20,802.23,2799.55,439.17,
4/15/20,225.42,2783.36,426.75,
4/14/20,742.56,2846.06,413.55,
4/13/20,609.96,2761.63,396.72,
4/12/20,623.22,,,
4/11/20,1286.22,,,
4/10/20,1541.475,,,
4/9/20,328.185,2789.82,370.72,
4/8/20,308.295,2749.98,371.12,
4/7/20,192.27,2659.41,372.28,
4/6/20,139.23,2663.68,379.96,
4/5/20,155.805,,,
4/4/20,643.11,,,
4/3/20,520.455,2488.65,361.76,
4/2/20,0,2526.9,370.08,
4/1/20,0,2470.5,364.08,19935.444
3/31/20,0,2584.59,375.5,
3/30/20,0,2626.65,370.96,
3/29/20,0,,,
3/28/20,0,,,
3/27/20,212.16,2541.47,357.12,
3/26/20,26.52,2630.07,362.99,
3/25/20,191.165,2475.56,342.39,
3/24/20,4.42,2447.33,357.32,
3/23/20,13.26,2237.4,360.27,
3/22/20,26.52,,,
3/21/20,117.13,,,
3/20/20,121.55,2304.92,332.83,
3/19/20,158723.305,2409.39,332.03,
3/18/20,272457.64,2398.1,315.47,
3/17/20,1460464.135,2529.19,319.75,
3/16/20,3573736.855,2386.13,298.84,
3/15/20,13141145.1,,,
3/14/20,21780241.73,,,
3/13/20,19864914.29,2711.02,336.3,
3/12/20,5880181.255,2480.64,315.25,
3/11/20,7233318.95,2741.38,349.92,
3/10/20,12263183.92,2882.23,364.13,
3/9/20,7667215.985,2746.56,346.49,
3/8/20,26720390.65,,,
3/7/20,43787244.93,,,
3/6/20,29388628.62,2972.37,368.97,
3/5/20,5717183.81,3023.94,372.78,
3/4/20,6424523.04,3130.12,383.79,
3/3/20,10795957.19,3003.37,368.77,
3/2/20,6324989.06,3090.23,381.05,
3/1/20,25220626.08,,,
2/29/20,40406389.14,,,
2/28/20,26638351.03,2954.22,369.03,
2/27/20,6155764.94,2978.76,371.71,
2/26/20,8531485.105,3116.39,379.24,
2/25/20,10555877.15,3128.21,360.09,
2/24/20,6071686.595,3225.89,368.7,
2/23/20,26244230.68,,,
2/22/20,41824866.59,,,
2/21/20,27860057.81,3337.75,380.07,
2/20/20,7540608.4,3373.23,386,
2/19/20,7930678.925,3386.15,386.19,
2/18/20,14059089.59,3370.29,387.78,
2/17/20,26419842.8,,,
2/16/20,41189102.63,,,
2/15/20,55174371.59,,,
2/14/20,58351847.71,3380.16,380.4,
2/13/20,6124217.19,3373.94,381.4,
2/12/20,6098065.155,3379.45,380.01,
2/11/20,10129299.64,3357.75,373.69,
2/10/20,6651513.245,3352.09,371.07,
2/9/20,23639115.83,,,
2/8/20,38435261.41,,,
2/7/20,27576309.28,3327.71,366.77,
2/6/20,5477302.675,3345.78,366.95,
2/5/20,5912089.235,3334.69,369.67,
2/4/20,9479179.515,3297.59,369.01,
2/3/20,5815815.005,3248.92,358,
2/2/20,12249624.47,,,
2/1/20,37931833.36,,,
1/31/20,21492242.27,3225.52,345.09,
1/30/20,7640429.68,3283.66,347.74,
1/29/20,7723900.275,3273.4,343.16,
1/28/20,12879599.33,3276.24,348.52,
1/27/20,7911402.2,3243.63,342.88,
1/26/20,32453957.19,,,
1/25/20,52613367.24,,,
1/24/20,31151759.99,3295.47,353.16,
1/23/20,10236892.38,3325.54,349.6,
1/22/20,10856768.65,3321.75,326,
1/21/20,18373643.86,3320.79,338.11,
1/20/20,38277690.62,,,
1/19/20,49111905.12,,,
1/18/20,63641865.04,,,
1/17/20,51734965.17,3329.62,339.67,
1/16/20,10772805.23,3316.81,338.62,
1/15/20,12071332.72,3289.29,339.07,
1/14/20,16977616.7,3283.15,338.69,
1/13/20,9717907.03,3288.13,338.92,
1/12/20,35135639.7,,,
1/11/20,53342097.06,,,
1/10/20,41323974.51,3265.35,329.05,
1/9/20,9067720.61,3274.7,335.66,
1/8/20,10182327.48,3253.05,339.26,
1/7/20,16630099.72,3237.18,330.75,
1/6/20,12581036.07,3246.28,335.83,
1/5/20,36801960.91,,,
1/4/20,58785779,,,
1/3/20,49410457.33,3234.85,325.9,
1/2/20,35097608.91,3257.85,329.81,
1/1/20,58772158.77,,,21727.657
12/31/19,46040318.94,3230.78,323.57,
12/30/19,47757250.26,3221.29,323.31,
12/29/19,62334815.79,,,
12/28/19,72037337.91,,,
12/27/19,72036341.2,3240.02,329.09,
12/26/19,75656112.35,3239.91,332.63,
12/25/19,83094838.65,,,
12/24/19,40706762.4,3223.38,333.2,
12/23/19,52189089.23,3224.01,333.1,
12/22/19,69318326.29,,,
12/21/19,79598812.02,,,
12/20/19,119837762.7,3221.22,336.9,
12/19/19,8688585.165,3205.37,332.22,
12/18/19,9791105.545,3191.14,320.8,
12/17/19,15831865.4,3192.52,315.48,
12/16/19,9401982.005,3191.45,304.21,
12/15/19,33460048.64,,,
12/14/19,50895041.41,,,
12/13/19,37671718.57,3168.8,298.5,
12/12/19,6236597.9,3168.57,298.44,
12/11/19,7219246.775,3141.63,298.93,
12/10/19,11716031.02,3132.52,293.12,
12/9/19,6761650.805,3135.96,302.5,
12/8/19,26274719.84,,,
12/7/19,39135438.03,,,
12/6/19,23000996.01,3145.91,307.35,
12/5/19,8824728.9,3117.43,302.86,
12/4/19,9223353.23,3112.76,304.32,
12/3/19,15423237.51,3093.2,306.16,
12/2/19,10034286.21,3113.87,309.99,
12/1/19,40979141.58,,,
11/30/19,70253676.74,,,
11/29/19,73599815.64,3140.98,314.66,
11/28/19,36462618.73,,,
11/27/19,48124701.43,3153.63,315.93,
11/26/19,34549038.29,3140.52,312.49,
11/25/19,21623280.9,3133.64,315.55,
11/24/19,60299535.08,,,
11/23/19,82693628.62,,,
11/22/19,67117968.52,3110.29,310.48,
11/21/19,6423160.575,3103.54,311.69,
11/20/19,7715780.735,3108.46,305.16,
11/19/19,12355689,3120.18,302.6,
11/18/19,7418582.145,3122.03,302.57,
11/17/19,26231712.13,,,
11/16/19,42125947.05,,,
11/15/19,30680223.34,3120.46,295.03,
11/14/19,6974147.83,3096.63,289.62,
11/13/19,7328067.175,3094.04,283.11,
11/12/19,12407493.61,3091.84,292.01,
11/11/19,17570649.2,3087.01,294.18,
11/10/19,32660003.22,,,
11/9/19,44631805.27,,,
11/8/19,33987372.32,3093.08,291.57,
11/7/19,6932754.53,3085.18,289.57,
11/6/19,7612646.665,3076.78,288.59,
11/5/19,14556444.57,3074.62,288.03,
11/4/19,8527222.015,3078.27,292.86,
11/3/19,30369692.93,,,
11/2/19,46371950.43,,,
11/1/19,33070493.04,3066.91,286.81,
10/31/19,9197271.915,3037.56,287.41,
10/30/19,7571625.75,3046.77,291.45,
10/29/19,12278271.59,3036.89,281.21,
10/28/19,9429795.96,3039.42,281.86,
10/27/19,30032381.73,,,
10/26/19,42201153.35,,,
10/25/19,29588108.75,3022.55,276.82,
10/24/19,9835439.25,3010.29,271.5,
10/23/19,9579777.61,3004.52,271.27,
10/22/19,16904643.6,2995.99,266.69,
10/21/19,11001113.7,3006.72,278.05,
10/20/19,39528009.17,,,
10/19/19,58193070.26,,,
10/18/19,45773563.1,2986.2,275.3,
10/17/19,10165603.31,2997.95,293.35,
10/16/19,11522325.62,2989.69,286.28,
10/15/19,17746013.81,2995.68,284.25,
10/14/19,22018841.07,2966.15,285.53,
10/13/19,42509214.09,,,
10/12/19,57942815.39,,,
10/11/19,46409335.9,2970.27,282.93,
10/10/19,13356238.87,2938.13,280.48,
10/9/19,16243623.76,2919.4,267.53,
10/8/19,22808709.43,2893.06,270.72,
10/7/19,15316070.19,2938.79,274.46,
10/6/19,41677817.61,,,
10/5/19,58416683.59,,,
10/4/19,57647998.07,2952.01,272.79,
10/3/19,6174453.805,2910.63,268.15,
10/2/19,8282396.005,2887.61,268.03,
10/1/19,11866564.06,2940.25,269.58,21933.217
9/30/19,8462566.255,2976.74,267.62,
9/29/19,25214155.2,,,
9/28/19,40656484.9,,,
9/27/19,26778610.89,2961.79,263.08,
9/26/19,8990405.97,2977.62,263.31,
9/25/19,9600694.155,2984.87,264.75,
9/24/19,15248896.13,2966.6,254.59,
9/23/19,11486609.81,2991.78,265.92,
9/22/19,31702784.82,,,
9/21/19,48107177.24,,,
9/20/19,45513230.62,2992.07,270.75,
9/19/19,6686783.74,3006.79,286.6,
9/18/19,7665349.64,3006.73,291.56,
9/17/19,12579500.12,3005.7,298.6,
9/16/19,9011315.885,2997.96,294.29,
9/15/19,26582494.38,,,
9/14/19,44821002.27,,,
9/13/19,36008467.04,3007.39,294.15,
9/12/19,7228154.18,3009.57,288.86,
9/11/19,8296060.435,3000.93,288.27,
9/10/19,13764573.94,2979.39,287.99,
9/9/19,8880036.36,2978.43,294.34,
9/8/19,32678138.48,,,
9/7/19,53467170.9,,,
9/6/19,50630101.08,2978.71,290.17,
9/5/19,3828295.705,2976,293.25,
9/4/19,4767195.42,2937.78,291.52,
9/3/19,7735373.49,2906.27,289.29,
9/2/19,22598277.65,,,
9/1/19,27390600.77,,,
8/31/19,26370173.05,,,
8/30/19,17039933.17,2926.46,293.75,
8/29/19,8252114.585,2924.58,296.78,
8/28/19,8655351.185,2887.94,291.77,
8/27/19,14540637.54,2869.16,291.03,
8/26/19,9026828.98,2878.38,294.98,
8/25/19,27757082.86,,,
8/24/19,38999748.45,,,
8/23/19,30371687.45,2847.11,291.44,
8/22/19,10047487.65,2922.95,296.93,
8/21/19,12754124.37,2924.43,297.81,
8/20/19,17225335.6,2900.51,298.99,
8/19/19,11527581,2923.65,309.38,
8/18/19,32850497.49,,,
8/17/19,44978659.25,,,
8/16/19,34723528.84,2888.68,302.8,
8/15/19,13072164.37,2847.6,295.76,
8/14/19,15406643.72,2840.6,299.11,
8/13/19,26744428.82,2926.32,312.28,
8/12/19,15677707.96,2883.09,310.83,
8/11/19,38829906.64,,,
8/10/19,51552960.62,,,
8/9/19,43732762.91,2918.65,308.93,
8/8/19,15232434.95,2938.09,315.9,
8/7/19,17520365.07,2883.98,304.29,
8/6/19,27962075.83,2881.77,310.1,
8/5/19,19046491.62,2844.74,307.63,
8/4/19,46056203.31,,,
8/3/19,59994167.22,,,
8/2/19,52951739.23,2932.05,318.83,
8/1/19,17497129.13,2953.56,319.5,
7/31/19,20443138.69,2980.38,322.99,
7/30/19,32389474.91,3013.18,325.93,
7/29/19,21361173.8,3020.97,332.7,
7/28/19,51969153.34,,,
7/27/19,64510549.74,,,
7/26/19,55483605.84,3025.86,335.78,
7/25/19,24797135.94,3003.67,326.46,
7/24/19,27811995.84,3019.56,317.94,
7/23/19,48068810.53,3005.47,307.3,
7/22/19,32568270.54,2985.03,310.62,
7/21/19,79577833.6,,,
7/20/19,94771477.52,,,
7/19/19,105899949.1,2976.61,315.1,
7/18/19,14037577.45,2995.11,325.21,
7/17/19,17264241.54,2984.42,362.44,
7/16/19,26032816.55,3004.04,365.99,
7/15/19,15983707.87,3014.3,366.6,
7/14/19,37820034.98,,,
7/13/19,49238232.03,,,
7/12/19,39200671.71,3013.77,373.25,
7/11/19,21727964.18,2999.91,379.5,
7/10/19,22100445.32,2993.07,381,
7/9/19,34141509.87,2979.63,379.93,
7/8/19,23458173.18,2975.95,376.16,
7/7/19,52485534.21,,,
7/6/19,72693560.94,,,
7/5/19,67322588,2990.41,380.55,
7/4/19,48895483.13,,,
7/3/19,51678542.76,2995.82,381.72,
7/2/19,66326669.18,2973.01,375.43,
7/1/19,20652242.26,2964.33,374.6,21717.171
6/30/19,48158752.01,,,
6/29/19,59063823.52,,,
6/28/19,46179135.67,2941.76,367.32,
6/27/19,24506180.6,2924.92,370.02,
6/26/19,29043235.46,2913.78,362.2,
6/25/19,36479973.86,2917.38,360.3,
6/24/19,25123520.89,2945.35,371.04,
6/23/19,59355887.18,,,
6/22/19,72972248.57,,,
6/21/19,77798854.32,2950.46,369.21,
6/20/19,13636324.33,2954.18,365.21,
6/19/19,15669579.58,2926.46,363.52,
6/18/19,24638436.94,2917.75,357.12,
6/17/19,15340765.83,2889.67,350.62,
6/16/19,47513695,,,
6/15/19,49290466.49,,,
6/14/19,40187349.41,2886.98,339.73,
6/13/19,15955509.38,2891.64,343.43,
6/12/19,17839728.86,2879.84,345.56,
6/11/19,27511860.16,2885.72,351.27,
6/10/19,18444023.52,2886.73,352.01,
6/9/19,51154734.09,,,
6/8/19,66247394.27,,,
6/7/19,57583887.08,2873.34,360.87,
6/6/19,16008614.57,2843.49,357.13,
6/5/19,17938665.03,2826.15,355.73,
6/4/19,27839343.48,2803.27,353.4,
6/3/19,18218406.83,2744.45,336.63,
6/2/19,52974940.92,,,
6/1/19,69551445.93,,,
5/31/19,62711746.76,2752.06,343.28,
5/30/19,13573602.32,2788.86,351.85,
5/29/19,16197414.87,2783.02,349.19,
5/28/19,25138849.45,2802.39,354.78,
5/27/19,52238695.99,,,
5/26/19,65516029.02,,,
5/25/19,65727923.82,,,
5/24/19,60041519.79,2826.06,354.39,
5/23/19,10504633.88,2822.24,352.21,
5/22/19,11550626.88,2856.27,359.73,
5/21/19,18061491.31,2864.36,354.27,
5/20/19,15968180.41,2840.23,348.11,
5/19/19,44454514.65,,,
5/18/19,60569090.99,,,
5/17/19,49567025.89,2859.53,354.45,
5/16/19,10090695.36,2876.32,359.31,
5/15/19,11197830.22,2850.96,354.99,
5/14/19,18195718.97,2834.41,345.61,
5/13/19,13279481.15,2811.87,345.26,
5/12/19,53430990.99,,,
5/11/19,70223723.51,,,
5/10/19,53536207.99,2881.4,361.04,
5/9/19,11728683.27,2870.72,362.75,
5/8/19,12996194.51,2879.42,364.37,
5/7/19,20179923.27,2884.05,370.46,
5/6/19,15469402.2,2932.47,378.67,
5/5/19,63502210.72,,,
5/4/19,89261115.45,,,
5/3/19,61507464.72,2945.64,385.03,
5/2/19,26721865.82,2917.52,379.06,
5/1/19,31413628.42,2923.73,378.81,
4/30/19,42241951.05,2945.83,370.54,
4/29/19,44732892.88,2943.03,371.83,
4/28/19,112440176.7,,,
4/27/19,139008027.6,,,
4/26/19,186772337.7,2939.88,374.85,
4/25/19,6045343.395,2926.17,368.33,
4/24/19,8051624.49,2927.25,374.23,
4/23/19,13005633.42,2933.68,381.89,
4/22/19,12000402.77,2907.97,377.34,
4/21/19,24428320.09,,,
4/20/19,39651539.33,,,
4/19/19,41203925.1,,,
4/18/19,12670532.23,2905.03,360.35,
4/17/19,10813543.26,2900.45,354.74,
4/16/19,14763121.56,2907.06,359.46,
4/15/19,9568192.79,2905.58,348.87,
4/14/19,29643166.48,,,
4/13/19,46709017.42,,,
4/12/19,34636341.03,2907.41,351.14,
4/11/19,8145046.715,2888.32,367.65,
4/10/19,9050915.77,2888.21,363.92,
4/9/19,15588778.66,2878.2,364.71,
4/8/19,9551876.36,2895.77,361.41,
4/7/19,39768203.02,,,
4/6/19,59573851.74,,,
4/5/19,53056745.17,2892.74,365.49,
4/4/19,8820048.12,2879.39,367.88,
4/3/19,9991513.87,2873.4,369.75,
4/2/19,16441531.47,2867.24,367.72,
4/1/19,10976073.29,2867.19,366.96,21397.938
3/31/19,40109398.29,,,
3/30/19,58056055.79,,,
3/29/19,44914527.26,2834.4,356.56,
3/28/19,10813413.98,2815.44,354.61,
3/27/19,12408528.99,2805.37,353.37,
3/26/19,19110257.86,2818.46,359.97,
3/25/19,13273609.18,2798.36,366.23,
3/24/19,40328907.65,,,
3/23/19,61334514.54,,,
3/22/19,52284302.66,2800.71,361.01,
3/21/19,9207356.145,2854.88,377.87,
3/20/19,9940524.75,2824.23,375.22,
3/19/19,16290241.5,2832.57,358.78,
3/18/19,10631568.55,2832.94,363.44,
3/17/19,38495855.19,,,
3/16/19,58616701.85,,,
3/15/19,42638097.97,2822.48,361.46,
3/14/19,15216130.67,2808.48,358.82,
3/13/19,14602422.51,2810.92,361.21,
3/12/19,23766675.92,2791.52,356.27,
3/11/19,16973942.57,2783.3,358.86,
3/10/19,57632371.16,,,
3/9/19,80800800.08,,,
3/8/19,80462730.86,2743.07,349.6,
3/7/19,5406797.045,2748.93,352.6,
3/6/19,6422745.095,2771.45,359.61,
3/5/19,10864760.01,2789.65,354.3,
3/4/19,7173672.155,2792.81,351.04,
3/3/19,29839187.95,,,
3/2/19,46897882.92,,,
3/1/19,28105017.53,2803.69,357.32,
2/28/19,6799941.265,2784.49,358.1,
2/27/19,6395863.76,2792.38,362.87,
2/26/19,11010363.65,2793.9,364.97,
2/25/19,6693148.54,2796.11,363.91,
2/24/19,33326396.68,,,
2/23/19,52716037.21,,,
2/22/19,36430509.64,2792.67,363.02,
2/21/19,7206021.03,2774.88,356.97,
2/20/19,7302559.355,2784.7,359.91,
2/19/19,12428810.16,2779.76,361.92,
2/18/19,23659425.73,,,
2/17/19,37034284.95,,,
2/16/19,49183467.13,,,
2/15/19,30025563.88,2775.6,356.87,
2/14/19,29016475.67,2745.73,359.07,
2/13/19,8184677.54,2753.03,351.77,
2/12/19,8808751.705,2744.73,359.97,
2/11/19,6185633.09,2709.8,345.73,
2/10/19,28635546.81,,,
2/9/19,46478303.37,,,
2/8/19,29891556.11,2707.88,347.57,
2/7/19,4187615.185,2706.05,344.71,
2/6/19,4445897.885,2731.61,352.19,
2/5/19,7140647.02,2737.7,355.81,
2/4/19,4551118.195,2724.87,351.34,
2/3/19,11064951.76,,,
2/2/19,29539707.54,,,
2/1/19,16972892.82,2706.53,339.85,
1/31/19,6137215.305,2704.1,339.5,
1/30/19,5917707.055,2681.05,340.66,
1/29/19,8565847.29,2640,328.9,
1/28/19,5538191.49,2643.85,335.66,
1/27/19,23390446.63,,,
1/26/19,39083973.76,,,
1/25/19,20899564.47,2664.76,338.05,
1/24/19,7884760.65,2642.33,326.67,
1/23/19,7857869.37,2638.7,321.99,
1/22/19,12947490.53,2632.9,325.16,
1/21/19,29437286.19,,,
1/20/19,34446233.51,,,
1/19/19,49623385.31,,,
1/18/19,36953471.88,2670.71,339.1,
1/17/19,11001480.56,2635.96,353.19,
1/16/19,15669537.59,2616.1,351.39,
1/15/19,13783514.75,2610.3,354.64,
1/14/19,8528426.465,2582.61,332.94,
1/13/19,30146461.93,,,
1/12/19,45811103.26,,,
1/11/19,31050734.26,2596.26,337.59,
1/10/19,8948741.945,2596.64,324.66,
1/9/19,10390796.78,2584.96,319.96,
1/8/19,15872877.48,2574.41,320.27,
1/7/19,11027672.37,2549.69,315.34,
1/6/19,34579555.08,,,
1/5/19,53972491.82,,,
1/4/19,42951504.7,2531.94,297.57,
1/3/19,24311887.34,2447.89,271.2,
1/2/19,27672709.48,2510.03,267.66,
1/1/19,58110170.95,,,21111.6
12/31/18,40045687.31,2506.85,267.66,
12/30/18,56280054.48,,,
12/29/18,64220898.3,,,
12/28/18,62617882.54,2485.74,256.08,
12/27/18,57096809.71,2488.83,255.57,
12/26/18,61415635.91,2467.7,253.67,
12/25/18,78343111.02,,,
12/24/18,35086671.62,2351.1,233.88,
12/23/18,54668185.46,,,
12/22/18,61387463.93,,,
12/21/18,64456827.96,2416.62,246.39,
12/20/18,14302822.76,2467.42,260.58,
12/19/18,16975060.83,2506.96,266.77,
12/18/18,15777244.15,2546.16,270.94,
12/17/18,12332390.07,2545.94,262.8,
12/16/18,31653602.37,,,
12/15/18,47281803.01,,,
12/14/18,35177149.02,2599.95,266.84,
12/13/18,5816813.925,2650.54,276.02,
12/12/18,6889093.77,2651.07,274.88,
12/11/18,9793028.245,2636.78,265.32,
12/10/18,6029701.015,2637.72,269.7,
12/9/18,23348480.94,,,
12/8/18,37717048.98,,,
12/7/18,20569345.16,2633.08,265.14,
12/6/18,7783565.855,2695.95,282.88,
12/5/18,8386672.645,,,
12/4/18,12814218.69,2700.06,275.33,
12/3/18,7402263.505,2790.37,290.3,
12/2/18,33502198.86,,,
12/1/18,52411595.34,,,
11/30/18,31426971.29,2760.17,286.13,
11/29/18,10271029.15,2737.76,288.75,
11/28/18,10385201.06,2743.79,282.65,
11/27/18,17168031.4,2682.17,266.63,
11/26/18,11974775.61,2673.45,261.43,
11/25/18,51729146.24,,,
11/24/18,86568797.32,,,
11/23/18,86941519.34,2632.56,258.82,
11/22/18,44274377.55,,,
11/21/18,60472378.07,2649.93,262.13,
11/20/18,24973248.63,2641.89,266.98,
11/19/18,18107240.52,2690.73,270.6,
11/18/18,50634605.06,,,
11/17/18,70808039.77,,,
11/16/18,57557628.96,2736.27,286.21,
11/15/18,8903518.715,2730.2,290.06,
11/14/18,9389328.65,2701.58,286.73,
11/13/18,15707909.82,2722.18,294.4,
11/12/18,25134041.6,2726.22,294.07,
11/11/18,51306779.88,,,
11/10/18,69345861.78,,,
11/9/18,47948858.36,2781.01,303.47,
11/8/18,8806024.565,2806.83,317.92,
11/7/18,9586286.06,2813.89,327.5,
11/6/18,17809134.72,2755.45,310.84,
11/5/18,10882973.73,2738.31,315.44,
11/4/18,37978998.07,,,
11/3/18,58654818.82,,,
11/2/18,46336371.64,2723.06,309.1,
11/1/18,6602852.36,2740.37,317.38,
10/31/18,12184354.33,2711.74,301.78,
10/30/18,11807229.98,2682.63,285.81,
10/29/18,8015350.655,2641.25,284.84,
10/28/18,26795017.93,,,
10/27/18,43367585.82,,,
10/26/18,30383659.02,2658.69,299.83,
10/25/18,10939337.57,2705.57,312.87,
10/24/18,10716843.61,2656.1,301.83,
10/23/18,16991152.95,2740.69,333.16,
10/22/18,11941638.87,2755.88,329.54,
10/21/18,42057020.46,,,
10/20/18,68305117.53,,,
10/19/18,62043669.29,2767.78,332.67,
10/18/18,9668941.165,2768.78,346.71,
10/17/18,10115452.88,2809.21,364.7,
10/16/18,15355873.39,2809.92,346.4,
10/15/18,11594153.94,2750.79,333.13,
10/14/18,38011268.49,,,
10/13/18,59294222.65,,,
10/12/18,42134987.05,2767.13,339.56,
10/11/18,13149873.49,2728.37,321.1,
10/10/18,14299656.93,2785.68,325.89,
10/9/18,21231200.38,2880.34,355.71,
10/8/18,26925522.85,2884.43,349.1,
10/7/18,52989962.29,,,
10/6/18,67983737.12,,,
10/5/18,66467122.41,2885.57,351.35,
10/4/18,5422074.775,2901.61,363.65,
10/3/18,6184488.31,2925.51,377.05,
10/2/18,11281526.23,2923.43,377.14,
10/1/18,6646557.32,2924.59,381.43,20917.867
9/30/18,26801120.84,,,
9/29/18,44300897.55,,,
9/28/18,31235215.12,2913.98,374.13,
9/27/18,5970815.565,2914,380.71,
9/26/18,6831524.375,2905.97,377.88,
9/25/18,10560100.46,2915.56,369.43,
9/24/18,6058434.33,2919.37,369.61,
9/23/18,22823208.14,,,
9/22/18,38083222.78,,,
9/21/18,25888415.15,2929.67,361.19,
9/20/18,6931260.57,2930.75,365.36,
9/19/18,8002276.295,2907.95,366.96,
9/18/18,12806289.21,2904.31,367.65,
9/17/18,8336935.49,2888.8,350.35,
9/16/18,26124844.27,,,
9/15/18,41167694.36,,,
9/14/18,36855835.19,2904.98,364.56,
9/13/18,6738051.32,2904.18,368.15,
9/12/18,7573839.065,2888.92,369.95,
9/11/18,12619260.23,2887.89,355.93,
9/10/18,9285221.075,2877.13,348.41,
9/9/18,28756824.98,,,
9/8/18,47567156,,,
9/7/18,41174200.6,2871.68,348.68,
9/6/18,4630203.045,2878.05,346.46,
9/5/18,5547190.61,2888.6,341.18,
9/4/18,8240334.18,2896.72,363.6,
9/3/18,25230558.93,,,
9/2/18,31001419.22,,,
9/1/18,29807927.5,,,
8/31/18,20919538.45,2901.52,367.68,
8/30/18,8759728.38,2901.13,370.98,
8/29/18,9721204.35,2914.04,368.04,
8/28/18,13761074.41,2897.52,368.49,
8/27/18,9113030.03,2896.74,364.58,
8/26/18,27323478.65,,,
8/25/18,39130357.24,,,
8/24/18,27068023.65,2874.69,358.82,
8/23/18,11500567.07,2856.98,339.17,
8/22/18,13565082.77,2861.82,344.44,
8/21/18,20456516.93,2862.96,338.02,
8/20/18,13717963.94,2857.05,327.73,
8/19/18,36959564.85,,,
8/18/18,49163591.49,,,
8/17/18,36220407.15,2850.13,316.78,
8/16/18,16038996.55,2840.69,322.44,
8/15/18,18159315.85,2818.37,326.4,
8/14/18,22193130.51,2839.96,337.49,
8/13/18,16544675.49,2821.93,341.31,
8/12/18,39670016.04,,,
8/11/18,54626479.44,,,
8/10/18,46014805.59,2833.28,345.87,
8/9/18,14249357.33,2853.58,349.36,
8/8/18,16319482.01,2857.7,347.61,
8/7/18,24358369.17,2858.45,351.83,
8/6/18,17876171.76,2850.4,350.92,
8/5/18,37674428.03,,,
8/4/18,51427898.93,,,
8/3/18,43209954.26,2840.35,343.09,
8/2/18,18426093.79,2827.22,344.5,
8/1/18,21101918.7,2813.36,338.38,
7/31/18,30055552.48,2816.29,337.45,
7/30/18,20440084.47,2802.6,334.96,
7/29/18,45858359.69,,,
7/28/18,59015516.24,,,
7/27/18,53507186.27,2818.82,355.21,
7/26/18,18161615.36,2837.44,363.09,
7/25/18,22926503.54,2846.07,362.87,
7/24/18,32693901.31,2820.4,357.32,
7/23/18,23073349.2,2806.98,362.66,
7/22/18,52575525.41,,,
7/21/18,63831944.93,,,
7/20/18,57494068.26,2801.83,361.05,
7/19/18,17286259.77,2804.49,364.23,
7/18/18,19592924.07,2815.62,375.13,
7/17/18,31970114.15,2809.55,379.48,
7/16/18,20733499.54,2798.43,400.48,
7/15/18,49101308.17,,,
7/14/18,64456687.62,,,
7/13/18,56653849.46,2801.31,395.8,
7/12/18,17788169.56,2798.29,413.5,
7/11/18,19994554,2774.02,418.65,
7/10/18,30840156.62,2793.84,415.63,
7/9/18,21807100.97,2784.17,418.97,
7/8/18,52861352.44,,,
7/7/18,68351435.82,,,
7/6/18,74151488,2759.82,408.25,
7/5/18,27909938.62,2736.61,398.39,
7/4/18,44885092.27,,,
7/3/18,36195045.19,2713.22,390.52,
7/2/18,27170189.74,2726.71,398.18,
7/1/18,57829944.06,,,20798.73
6/30/18,69948658.07,,,
6/29/18,57398934.39,2718.37,391.43,
6/28/18,29428784.32,2716.31,395.42,
6/27/18,30949960.47,2699.63,390.39,
6/26/18,43229932.66,2723.06,399.39,
6/25/18,33781574.91,2717.07,384.48,
6/24/18,84640555.74,,,
6/23/18,108340094.1,,,
6/22/18,104693460.4,2754.88,411.09,
6/21/18,26686479.3,2749.76,415.44,
6/20/18,31957264.11,2767.32,416.76,
6/19/18,43621236.36,2762.59,404.98,
6/18/18,36852390.9,2773.75,390.4,
6/17/18,85632684.41,,,
6/16/18,95838442.31,,,
6/15/18,104371325.2,2779.66,391.98,
6/14/18,11835426.27,2782.49,392.87,
6/13/18,14691946.3,2775.63,379.93,
6/12/18,18675753.07,2786.85,363.83,
6/11/18,14249830.27,2782,361.45,
6/10/18,35706111.42,,,
6/9/18,46208727.57,,,
6/8/18,39259665.45,2779.03,360.57,
6/7/18,10149460.36,2770.37,361.4,
6/6/18,11117770.76,2772.35,367.45,
6/5/18,16542394.77,2748.8,365.8,
6/4/18,12125532.97,2746.87,361.81,
6/3/18,31472260.82,,,
6/2/18,43893797.87,,,
6/1/18,31876120.64,2734.62,359.93,
5/31/18,14416102.94,2705.27,351.6,
5/30/18,15538260.27,2724.01,353.54,
5/29/18,21370122.09,2689.86,349.73,
5/28/18,47505061.63,,,
5/27/18,63929049.02,,,
5/26/18,64066275.65,,,
5/25/18,65529627.15,2721.33,351.29,
5/24/18,14196707.4,2727.76,349.29,
5/23/18,16095307.35,2733.29,344.72,
5/22/18,24261940.24,2724.44,331.62,
5/21/18,21526401.13,2733.01,331.82,
5/20/18,60627981.96,,,
5/19/18,79447693.33,,,
5/18/18,81513177.01,2712.97,324.18,
5/17/18,7821995.545,2720.13,325.22,
5/16/18,9693189.285,2722.46,328.19,
5/15/18,14230275.09,2711.45,326.13,
5/14/18,10621687.64,2730.13,328.53,
5/13/18,48560812.89,,,
5/12/18,55433048.78,,,
5/11/18,36174591.64,2727.72,326.46,
5/10/18,11614897,2723.07,329.6,
5/9/18,12026239.88,2697.79,330.3,
5/8/18,17782969.43,2671.92,326.89,
5/7/18,13378536.67,2672.63,326.26,
5/6/18,54978409.79,,,
5/5/18,70802451.79,,,
5/4/18,50048100.9,2663.42,320.09,
5/3/18,21400767.05,2629.73,311.69,
5/2/18,22888398.72,2635.67,313.36,
5/1/18,31646197.77,2654.8,313.3,
4/30/18,31565820.07,2648.05,312.46,
4/29/18,90455940.9,,,
4/28/18,112612776.6,,,
4/27/18,132052734.4,2669.91,311.76,
4/26/18,6262030.58,2666.94,313.98,
4/25/18,8074341.08,2639.4,305.76,
4/24/18,11451696.23,2634.56,307.02,
4/23/18,8354748.09,2670.29,318.69,
4/22/18,29596363.1,,,
4/21/18,48759571.45,,,
4/20/18,40086454.07,2670.14,327.77,
4/19/18,9544361.255,2693.13,332.7,
4/18/18,9624688.125,2708.64,334.52,
4/17/18,14017738.28,2706.39,336.06,
4/16/18,11227251.95,2677.84,307.78,
4/15/18,40074354.32,,,
4/14/18,58465335.63,,,
4/13/18,47090745.2,2656.3,311.65,
4/12/18,10037310.6,2663.99,309.25,
4/11/18,10859300.21,2642.19,303.67,
4/10/18,15962784.7,2656.87,298.07,
4/9/18,11708623.1,2613.16,289.93,
4/8/18,39759503.36,,,
4/7/18,64620083.97,,,
4/6/18,51402352.43,2604.47,288.85,
4/5/18,12143066,2662.84,293.97,
4/4/18,14009313.76,2644.69,288.94,
4/3/18,18205454.02,2614.45,283.67,
4/2/18,17313323.43,2581.88,280.29,
4/1/18,32950879,,,20580.912
3/31/18,46721569.12,,,
3/30/18,47679372.07,,,
3/29/18,25564519.76,2640.87,295.35,
3/28/18,11559179.58,2605,285.77,
3/27/18,16854951.75,2612.62,300.69,
3/26/18,11796374.46,2658.55,320.35,
3/25/18,34080403.37,,,
3/24/18,49460456.37,,,
3/23/18,36702054.55,2588.26,300.94,
3/22/18,10637180.84,2643.69,306.7,
3/21/18,10687614.15,2711.93,316.48,
3/20/18,15256403.5,2716.94,317.5,
3/19/18,10937734.21,2712.92,313.48,
3/18/18,35976592.21,,,
3/17/18,52315948.75,,,
3/16/18,42993351.05,2752.01,318.45,
3/15/18,11552386.04,2747.33,321.09,
3/14/18,12700929.67,2749.48,321.55,
3/13/18,17499112.61,2765.31,315.88,
3/12/18,13030968.86,2783.02,321.3,
3/11/18,39029565.77,,,
3/10/18,58952397.53,,,
3/9/18,38429527.57,2786.57,331.44,
3/8/18,10494739.71,2738.97,317,
3/7/18,10407790.58,2726.8,321.16,
3/6/18,15523557.14,2728.12,325.22,
3/5/18,11389856.01,2720.94,315,
3/4/18,42100802.77,,,
3/3/18,66061671.39,,,
3/2/18,40282652.35,2691.25,301.05,
3/1/18,12457686.02,2677.67,290.39,
2/28/18,13087015.57,2713.83,291.38,
2/27/18,18577548.41,2744.28,290.61,
2/26/18,14024461.1,2779.6,294.16,
2/25/18,59170080.32,,,
2/24/18,83904041.2,,,
2/23/18,53176320.54,2747.3,285.93,
2/22/18,21032757.85,2703.96,278.14,
2/21/18,21498913.15,2701.33,281.04,
2/20/18,30669334.67,2716.26,278.55,
2/19/18,61486658.68,,,
2/18/18,89357778.64,,,
2/17/18,102800762.2,,,
2/16/18,103456567.6,2732.22,278.52,
2/15/18,8440783.39,2731.2,280.27,
2/14/18,23180480.05,2698.63,266,
2/13/18,11934101.66,2662.94,258.27,
2/12/18,9329716.11,2656,257.95,
2/11/18,33209661.16,,,
2/10/18,51753696.02,,,
2/9/18,40823486.86,2619.55,249.47,
2/8/18,5615079.6,2581,250.1,
2/7/18,5926618.88,2681.66,264.56,
2/6/18,8479900.39,2695.14,265.72,
2/5/18,6089175.43,2648.94,254.26,
2/4/18,13208104.78,,,
2/3/18,37363583.79,,,
2/2/18,22285804.65,2762.13,267.43,
2/1/18,7266445.745,2821.98,265.07,
1/31/18,7592146.705,2823.81,270.3,
1/30/18,10923623.36,2822.43,278.8,
1/29/18,7992360.025,2853.53,284.59,
1/28/18,32020786.14,,,
1/27/18,49182653.85,,,
1/26/18,32125857.27,2872.87,274.6,
1/25/18,8412004.77,2839.25,269.7,
1/24/18,8650368.74,2837.54,261.3,
1/23/18,12182883.57,2839.13,250.29,
1/22/18,8643496.745,2832.97,227.58,
1/21/18,27781905.58,,,
1/20/18,52779784.66,,,
1/19/18,34552986.46,2810.3,220.46,
1/18/18,10269778.29,2798.03,220.33,
1/17/18,9427059.98,2802.56,217.5,
1/16/18,13212828.66,2776.42,221.53,
1/15/18,32807964.93,,,
1/14/18,47163721.61,,,
1/13/18,58221521.8,,,
1/12/18,37519116.96,2786.24,221.23,
1/11/18,10463983.14,2767.56,217.24,
1/10/18,11304302.49,2748.23,212.52,
1/9/18,16090413.3,2751.29,209.31,
1/8/18,11998744.16,2747.71,212.05,
1/7/18,41667868.19,,,
1/6/18,66338950.15,,,
1/5/18,51302911.27,2743.15,209.99,
1/4/18,21533230.03,2723.99,205.63,
1/3/18,25064292.89,2713.06,205.05,
1/2/18,36398736.47,2695.81,201.07,
1/1/18,58288459.39,,,20328.553
12/31/17,49789764.05,,,
12/30/17,72868858.14,,,
12/29/17,68887217.17,2673.61,191.96,
12/28/17,63597333.54,2687.54,192.71,
12/27/17,66491865.57,2682.62,186.24,
12/26/17,78224283.74,2680.5,187.76,
12/25/17,81108996.74,,,
12/24/17,41823690.87,,,
12/23/17,71771656.13,,,
12/22/17,67959757.52,2683.34,189.94,
12/21/17,36550340.26,2684.57,188.62,
12/20/17,34937815.97,2679.25,188.82,
12/19/17,31500776.45,2681.47,187.02,
12/18/17,30303642.66,2690.16,190.42,
12/17/17,73235356.81,,,
12/16/17,92949910.43,,,
12/15/17,129055667.2,2675.81,190.12,
12/14/17,5393053.055,2652.01,189.56,
12/13/17,6640694.19,2662.85,187.86,
12/12/17,9049919.06,2664.11,185.73,
12/11/17,6133302.5,2659.99,186.22,
12/10/17,22555257.79,,,
12/9/17,33793483.49,,,
12/8/17,22887227.42,2651.5,188.54,
12/7/17,7813142.285,2636.98,185.2,
12/6/17,7880793.7,2629.27,185.3,
12/5/17,11369140.58,2629.57,184.21,
12/4/17,7291268.465,2639.44,184.04,
12/3/17,31488589.41,,,
12/2/17,46738382.8,,,
12/1/17,28636419.76,2642.22,186.82,
11/30/17,10435145.96,2647.58,187.58,
11/29/17,9931643.865,2626.07,188.15,
11/28/17,14753575.46,2627.04,199.18,
11/27/17,10345194.54,2601.42,195.05,
11/26/17,46219008.49,,,
11/25/17,74495815.94,,,
11/24/17,76591508.11,2602.42,195.75,
11/23/17,37490946.09,,,
11/22/17,47613679.82,2597.08,196.32,
11/21/17,30503329.42,2599.03,196.23,
11/20/17,21636785.11,2582.14,194.1,
11/19/17,55936400.59,,,
11/18/17,81566570.61,,,
11/17/17,75559113.24,2578.85,193.2,
11/16/17,8101561.65,2585.64,195.51,
11/15/17,9314374.29,2564.62,192.12,
11/14/17,13583514.17,2578.87,195.71,
11/13/17,11370663.27,2584.84,195.08,
11/12/17,38847361.22,,,
11/11/17,61335457.11,,,
11/10/17,52551934.76,2582.3,192.02,
11/9/17,11916450.39,2584.62,193.9,
11/8/17,10652443.1,2594.38,196.44,
11/7/17,17662953.17,2590.64,195.89,
11/6/17,12841665.79,2591.13,200.13,
11/5/17,47627153.08,,,
11/4/17,68925198.23,,,
11/3/17,65382491.98,2587.84,200.01,
11/2/17,6038041.555,2579.85,199.32,
11/1/17,6792116.76,2579.36,198,
10/31/17,8337089.085,2575.26,196.43,
10/30/17,5490984.785,2572.83,198.37,
10/29/17,16905761.86,,,
10/28/17,25741213.68,,,
10/27/17,21331839.36,2581.07,199.54,
10/26/17,5335763.225,2560.4,195.21,
10/25/17,5767238.1,2557.15,193.77,
10/24/17,9370914.93,2569.13,196.02,
10/23/17,6479037.11,2564.98,192.47,
10/22/17,21731661.51,,,
10/21/17,35396828.55,,,
10/20/17,27854619,2575.21,194.16,
10/19/17,6293178.32,2562.1,195.13,
10/18/17,6354544.495,2561.26,195.54,
10/17/17,9599947.175,2559.36,199.48,
10/16/17,7338001.125,2557.64,202.68,
10/15/17,24707292.81,,,
10/14/17,39941324.48,,,
10/13/17,33623959.92,2553.17,199.49,
10/12/17,7202544.7,2550.93,195.86,
10/11/17,7950614.23,2555.24,194.95,
10/10/17,11440882.7,2550.64,195.08,
10/9/17,16743914.72,2544.73,196.87,
10/8/17,31255047.66,,,
10/7/17,41574547.63,,,
10/6/17,34356585.97,2549.33,198.02,
10/5/17,5779106.905,2552.07,194.39,
10/4/17,6481855.965,2537.74,184.45,
10/3/17,9136331.165,2534.58,179.19,
10/2/17,5890301.95,2529.12,177.01,
10/1/17,22700125.5,,,20037.088
9/30/17,39069936.95,,,
9/29/17,26921553.69,2519.36,181.35,
9/28/17,7506772.195,2510.06,180.7,
9/27/17,7069687.235,2507.04,181.97,
9/26/17,12736463.16,2496.84,179.38,
9/25/17,7674612.855,2496.66,178.55,
9/24/17,29708107.33,,,
9/23/17,50249198.74,,,
9/22/17,39904954.51,2502.22,187.35,
9/21/17,7819427.525,2500.6,188.78,
9/20/17,8097147.175,2508.24,185.51,
9/19/17,11322170.34,2506.65,185.68,
9/18/17,8412311.96,2503.87,184.62,
9/17/17,27817581.61,,,
9/16/17,47418725.77,,,
9/15/17,37135937.22,2500.23,182.35,
9/14/17,11297838.24,2495.62,182.63,
9/13/17,11733833.67,2498.37,183.64,
9/12/17,16859481.15,2496.48,185.15,
9/11/17,12192760.06,2488.11,181.74,
9/10/17,38900045.41,,,
9/9/17,64469915.58,,,
9/8/17,65781651.13,2461.43,176.42,
9/7/17,2557805.38,2465.1,179,
9/6/17,3292054.675,2465.54,179.25,
9/5/17,4432247.82,2457.85,174.52,
9/4/17,14350146.59,,,
9/3/17,20978473.62,,,
9/2/17,20662541.97,,,
9/1/17,12405864.84,2476.55,174.74,
8/31/17,5131043.19,2471.65,174.71,
8/30/17,5240775.215,2457.59,174.69,
8/29/17,8273263.18,2446.3,168.81,
8/28/17,5553818.4,2444.24,167.12,
8/27/17,15169702.99,,,
8/26/17,21505681.28,,,
8/25/17,16194149.6,2443.05,165.95,
8/24/17,7349669.925,2438.97,168.13,
8/23/17,8032647.22,2444.04,169.06,
8/22/17,12284466.22,2452.51,169.34,
8/21/17,8139087.45,2428.37,166.76,
8/20/17,21950738.81,,,
8/19/17,33564754.02,,,
8/18/17,28242279.52,2425.55,166.54,
8/17/17,9741502.095,2430.01,166.09,
8/16/17,10667580.5,2468.11,169.98,
8/15/17,16849835.6,2464.61,168.5,
8/14/17,11873934.41,2465.84,171,
8/13/17,27008973.55,,,
8/12/17,41089773.08,,,
8/11/17,37151432.63,2441.32,171.4,
8/10/17,10998769.99,2438.21,169.14,
8/9/17,12307788.35,2474.02,175.78,
8/8/17,18757928.61,2474.92,178.36,
8/7/17,16520333.44,2480.91,181.33,
8/6/17,31963830.02,,,
8/5/17,45838477.43,,,
8/4/17,38709084.83,2476.83,180.27,
8/3/17,16982737.27,2472.16,179.23,
8/2/17,18164491.67,2477.57,180.74,
8/1/17,24784180.92,2476.35,182.03,
7/31/17,17823150.54,2470.3,181.66,
7/30/17,40157542.04,,,
7/29/17,58707372.62,,,
7/28/17,49301365.1,2472.1,184.04,
7/27/17,20747127.51,2475.42,182.68,
7/26/17,20973062.44,2477.83,189.08,
7/25/17,30528125.62,2477.13,186.97,
7/24/17,25067181.36,2469.91,187.91,
7/23/17,53844686.42,,,
7/22/17,71692842,,,
7/21/17,65551763.62,2472.54,188.54,
7/20/17,16601634.92,2473.45,183.6,
7/19/17,18644750.09,2473.83,183.86,
7/18/17,27545981.45,2460.61,183.6,
7/17/17,20426134.95,2459.14,161.7,
7/16/17,47896238.26,,,
7/15/17,65117787.02,,,
7/14/17,59441598.71,2459.27,161.12,
7/13/17,21095824.62,2447.83,158.21,
7/12/17,22936798.82,2443.25,158.75,
7/11/17,33149408.83,2425.53,154.33,
7/10/17,24905774.01,2427.43,152.67,
7/9/17,57580751.09,,,
7/8/17,76641300.52,,,
7/7/17,84925245.73,2425.18,150.18,
7/6/17,19885166.73,2409.75,146.25,
7/5/17,20828800.27,2432.54,147.61,
7/4/17,34387977.91,,,
7/3/17,37523433.09,2429.01,146.17,
7/2/17,51076516.66,,,
7/1/17,62151526.13,,,19692.595
6/30/17,60486290.02,2423.41,149.41,
6/29/17,16265445.3,2419.7,150.09,
6/28/17,20266494.5,2440.69,153.41,
6/27/17,21872432.99,2419.38,151.03,
6/26/17,17113238.87,2439.07,157.5,
6/25/17,42169724.94,,,
6/24/17,56820374.07,,,
6/23/17,44685617.67,2438.3,158.02,
6/22/17,25557272.07,2434.5,154.89,
6/21/17,33485240.43,2435.61,155.03,
6/20/17,24833541.27,2437.03,152.05,
6/19/17,21465233.86,2453.46,153.4,
6/18/17,60782266.48,,,
6/17/17,69267648.78,,,
6/16/17,67828823.86,2433.15,152.38,
6/15/17,14546061.99,2432.46,151.76,
6/14/17,16111101.11,2437.92,152.2,
6/13/17,22894483.95,2440.35,152.72,
6/12/17,15854921.23,2429.39,151.44,
6/11/17,44783139.44,,,
6/10/17,60349609.26,,,
6/9/17,46569981.9,2431.77,158.03,
6/8/17,18230849.13,2433.79,165.88,
6/7/17,18316308.73,2433.14,165.61,
6/6/17,28233920.2,2429.33,165.17,
6/5/17,22137645.14,2436.1,165.06,
6/4/17,57683205.58,,,
6/3/17,72410178.17,,,
6/2/17,67726349.47,2439.07,165.18,
6/1/17,9887743.32,2430.06,162.99,
5/31/17,11652213.95,2411.8,163.07,
5/30/17,17330108.38,2412.91,163.22,
5/29/17,39605688.46,,,
5/28/17,48263645.24,,,
5/27/17,51422158.45,,,
5/26/17,48375465.71,2415.82,162.43,
5/25/17,13280905.5,2415.07,163.05,
5/24/17,8984001.39,2404.39,157.75,
5/23/17,14503169.2,2398.42,157.95,
5/22/17,12460667.31,2394.02,157.16,
5/21/17,35715533.75,,,
5/20/17,50154993.07,,,
5/19/17,41570987.32,2381.73,157.02,
5/18/17,7787589.16,2365.72,155.7,
5/17/17,8562389.745,2357.03,153.2,
5/16/17,13050557.2,2400.67,159.41,
5/15/17,9962941.885,2402.32,160.02,
5/14/17,46520275.69,,,
5/13/17,54935168.93,,,
5/12/17,36183880.27,2390.9,160.81,
5/11/17,10643079.33,2394.44,158.54,
5/10/17,11455965.95,2399.63,160.28,
5/9/17,17987519.29,2396.92,157.46,
5/8/17,13787443.02,2399.38,156.38,
5/7/17,55842043.53,,,
5/6/17,75157983.88,,,
5/5/17,72713492.93,2399.29,156.6,
5/4/17,4527520.92,2389.52,157.25,
5/3/17,5298365.605,2388.13,155.59,
5/2/17,9076005.9,2391.17,156.45,
5/1/17,5829970.055,2388.33,155.35,
4/30/17,25754490.26,,,
4/29/17,37317273.24,,,
4/28/17,26296002.14,2384.2,152.2,
4/27/17,5897392.735,2388.77,153.08,
4/26/17,6312408.635,2387.45,150.17,
4/25/17,10614255.41,2388.61,152.16,
4/24/17,6666217.48,2374.15,143.83,
4/23/17,27272937.06,,,
4/22/17,44326282.72,,,
4/21/17,28874054.43,2348.69,142.87,
4/20/17,11060373.74,2355.84,141.18,
4/19/17,11659351.15,2338.17,139.76,
4/18/17,17368229.78,2342.19,143.36,
4/17/17,19216267.14,2349.01,147.25,
4/16/17,39530395.97,,,
4/15/17,58386977.87,,,
4/14/17,74333018.5,,,
4/13/17,12294074.2,2328.95,142.92,
4/12/17,11599861.26,2344.93,143.83,
4/11/17,15467761.27,2353.78,144.35,
4/10/17,10322399.49,2357.16,143.85,
4/9/17,31885620.33,,,
4/8/17,51007145.87,,,
4/7/17,34555378.78,2355.54,143.11,
4/6/17,11800566.83,2357.49,143.74,
4/5/17,11780335.39,2352.95,143.62,
4/4/17,18157714.71,2360.16,145.5,
4/3/17,12520010.23,2358.84,146.92,
4/2/17,49781445.61,,,
4/1/17,73788874.51,,,19438.643
3/31/17,55053507.8,2362.72,147.81,
3/30/17,14059679.66,2368.06,148.06,
3/29/17,15053131.02,2361.13,146.47,
3/28/17,22651590.59,2358.57,145.17,
3/27/17,17011967.83,2341.59,144.06,
3/26/17,63410911.2,,,
3/25/17,87158647.42,,,
3/24/17,62400717.99,2343.98,142.02,
3/23/17,18723995.16,2345.96,141.84,
3/22/17,20156914.96,2348.45,142.65,
3/21/17,31523526.19,2344.02,142.42,
3/20/17,22515183.86,2373.47,145.83,
3/19/17,78185452.93,,,
3/18/17,106747748.2,,,
3/17/17,93775728.87,2378.25,145.11,
3/16/17,12778119.45,2381.38,144.39,
3/15/17,14678748.18,2385.26,145.25,
3/14/17,18848541.92,2365.45,143.19,
3/13/17,15956072.93,2373.47,143.52,
3/12/17,47489257.92,,,
3/11/17,68626086.88,,,
3/10/17,48930598.93,2372.6,140.89,
3/9/17,13235097.72,2364.87,140.53,
3/8/17,13163825.22,2362.98,140.32,
3/7/17,19453863.13,2368.39,141.43,
3/6/17,15521574.77,2375.31,141.94,
3/5/17,52240882.79,,,
3/4/17,71722746.62,,,
3/3/17,61693927.95,2383.12,139.14,
3/2/17,8832403.125,2381.92,139.53,
3/1/17,9570282.345,2395.96,142.65,
2/28/17,13261785.68,2363.64,142.13,
2/27/17,10154275.95,2369.75,143.41,
2/26/17,32934099.58,,,
2/25/17,49626874.9,,,
2/24/17,32365324.03,2367.34,143.25,
2/23/17,11164230.48,2363.81,142.78,
2/22/17,11294469.1,2362.82,143.86,
2/21/17,14450139.15,2365.38,142.6,
2/20/17,29934055.52,,,
2/19/17,44586281.48,,,
2/18/17,58694625.34,,,
2/17/17,39498490.2,2351.16,142.22,
2/16/17,11834052.75,2347.22,142.01,
2/15/17,12394401.57,2349.25,142.27,
2/14/17,32649220.63,2337.58,140.82,
2/13/17,14014186.81,2328.25,143.2,
2/12/17,48334214.96,,,
2/11/17,76766835.15,,,
2/10/17,64136117.18,2316.1,144.82,
2/9/17,5236391.68,2307.87,144.14,
2/8/17,5973027.775,2294.67,144.74,
2/7/17,8610880.46,2293.08,144,
2/6/17,6247258.94,2292.56,140.97,
2/5/17,14614734.42,,,
2/4/17,41839334.36,,,
2/3/17,27152789.3,2297.42,140.25,
2/2/17,7626376.29,2280.85,139.2,
2/1/17,7633941.12,2279.55,140.78,
1/31/17,11264539.07,2278.87,140.71,
1/30/17,8102517.475,2280.9,141.22,
1/29/17,33898018.7,,,
1/28/17,53883750.38,,,
1/27/17,35592359.4,2294.69,142.45,
1/26/17,9410141.325,2296.68,138.96,
1/25/17,9592212.175,2298.37,139.52,
1/24/17,13704587.91,2280.07,140.11,
1/23/17,9762337.975,2265.2,137.39,
1/22/17,32613674.99,,,
1/21/17,59329526.3,,,
1/20/17,41252023.54,2271.31,138.6,
1/19/17,7863944.66,2263.69,138.41,
1/18/17,8438870.635,2271.89,133.26,
1/17/17,12449411.78,2267.89,132.89,
1/16/17,32479614.18,,,
1/15/17,40589208.08,,,
1/14/17,53168869.52,,,
1/13/17,38313784.34,2274.64,133.7,
1/12/17,10723975.28,2270.44,129.18,
1/11/17,11214092.5,2275.32,130.5,
1/10/17,16870204.07,2268.9,129.89,
1/9/17,11513561.87,2268.9,130.95,
1/8/17,38136282.67,,,
1/7/17,55279178.63,,,
1/6/17,39727793.17,2276.98,131.07,
1/5/17,16495560.45,2269,131.81,
1/4/17,18448808.17,2270.75,129.41,
1/3/17,27403804.42,2257.83,127.49,
1/2/17,59742757.62,,,
1/1/17,62711968.87,,,19280.084
12/31/16,53842887.48,,,
12/30/16,67389457.07,2238.83,123.8,
12/29/16,58959019.8,2249.26,125.33,
12/28/16,61740577.73,2249.92,125.89,
12/27/16,73564553.99,2268.88,128.35,
12/26/16,94578440.65,,,
12/25/16,83796090.43,,,
12/24/16,39182013.78,,,
12/23/16,61546096.63,2263.79,125.59,
12/22/16,43586157.03,2260.96,125.58,
12/21/16,45177368.08,2265.18,126.5,
12/20/16,29840023.33,2270.76,125.12,
12/19/16,28253212.39,2262.53,125.45,
12/18/16,58445095.35,,,
12/17/16,72606410.7,,,
12/16/16,93921657.38,2258.07,124.22,
12/15/16,5937825.79,2262.03,125,
12/14/16,6694898.86,2253.28,123.44,
12/13/16,9162008.05,2271.72,123.78,
12/12/16,6485491.415,2256.96,122.83,
12/11/16,20781975.89,,,
12/10/16,35160189.48,,,
12/9/16,23186726.62,2259.53,122.88,
12/8/16,5844160.465,2246.19,123.24,
12/7/16,6172375.3,2241.35,125.39,
12/6/16,9050534.545,2212.23,124.57,
12/5/16,6157027.955,2204.71,119.16,
12/4/16,26102333.21,,,
12/3/16,42078363.54,,,
12/2/16,24448495.18,2191.95,120.81,
12/1/16,8272590.235,2191.08,117.22,
11/30/16,8578732.695,2198.81,117,
11/29/16,12942463.89,2204.66,117.51,
11/28/16,9420290.75,2201.72,116.93,
11/27/16,41762394.31,,,
11/26/16,72523756.7,,,
11/25/16,74236518.85,2213.35,117.41,
11/24/16,35309852.89,,,
11/23/16,45499224.75,2204.72,117.69,
11/22/16,21710582.53,2202.94,118.04,
11/21/16,16371523.09,2198.18,117.96,
11/20/16,43251200.59,,,
11/19/16,64159757.55,,,
11/18/16,54560521.99,2181.9,115.21,
11/17/16,7657300.82,2187.12,115.03,
11/16/16,8889591.295,2176.94,115.19,
11/15/16,13344717.04,2180.39,113.59,
11/14/16,9518292.095,2164.2,113.38,
11/13/16,38199206.89,,,
11/12/16,64855687.65,,,
11/11/16,58162498.23,2164.45,114.78,
11/10/16,14660794.14,2167.48,115.42,
11/9/16,11790214.09,2163.26,122.19,
11/8/16,20563028.98,2139.56,124.34,
11/7/16,14194530.55,2131.52,124.58,
11/6/16,52496869.3,,,
11/5/16,80568042.88,,,
11/4/16,66568962.53,2085.18,122.03,
11/3/16,5262471.89,2088.66,122.14,
11/2/16,5553019.485,2097.94,122.34,
11/1/16,8685609.4,2111.72,123.3,
10/31/16,9167161.77,2126.15,124.87,
10/30/16,21918404.3,,,
10/29/16,35144586.88,,,
10/28/16,25054185.46,2126.41,126.57,
10/27/16,7905582.165,2133.04,126.47,
10/26/16,7727708.105,2139.43,126.97,
10/25/16,11599726.45,2143.16,126.51,
10/24/16,8775491.205,2151.33,127.33,
10/23/16,29001172.53,,,
10/22/16,49981293.7,,,
10/21/16,41601757.15,2141.16,127.5,
10/20/16,6998841.265,2141.34,123.35,
10/19/16,6436707.875,2144.29,121.87,
10/18/16,9984866.19,2139.6,118.79,
10/17/16,7559352.515,2126.5,99.8,
10/16/16,24158893.46,,,
10/15/16,39111768.93,,,
10/14/16,30642045.59,2132.98,101.47,
10/13/16,7013176.43,2132.55,100.23,
10/12/16,9000116.71,2139.18,99.5,
10/11/16,11214774.29,2136.73,100.59,
10/10/16,15094361.88,2163.66,103.33,
10/9/16,27436299.15,,,
10/8/16,43560034.83,,,
10/7/16,31890360.78,2153.74,104.82,
10/6/16,7133528.61,2160.77,105.07,
10/5/16,7042730.76,2159.73,106.28,
10/4/16,10854308.92,2150.49,102.34,
10/3/16,9241920.545,2161.2,102.63,
10/2/16,29306569.11,,,
10/1/16,49073981.52,,,19089.379
9/30/16,34562988.92,2168.27,98.55,
9/29/16,6306180.855,2151.13,96.67,
9/28/16,7165264.21,2171.37,97.48,
9/27/16,10579989.36,2159.93,97.07,
9/26/16,6936257.38,2146.1,94.56,
9/25/16,26114021.9,,,
9/24/16,43877440.56,,,
9/23/16,32670900.73,2164.69,95.94,
9/22/16,5386795.44,2177.18,95.83,
9/21/16,6020637.805,2163.12,94.88,
9/20/16,9941323.665,2139.76,98.25,
9/19/16,6436787.435,2139.12,98.06,
9/18/16,19830841.62,,,
9/17/16,33662042.64,,,
9/16/16,25411388.86,2139.16,99.48,
9/15/16,6005288.25,2147.26,97.34,
9/14/16,6740169.605,2125.77,97.01,
9/13/16,9754920.11,2127.02,96.09,
9/12/16,6795203.025,2159.04,99.05,
9/11/16,21508444.88,,,
9/10/16,39219740.69,,,
9/9/16,28340611.26,2127.81,96.5,
9/8/16,4260039.095,2181.3,99.66,
9/7/16,4751706.635,2186.16,99.15,
9/6/16,6752616.325,2186.48,100.09,
9/5/16,21103442.49,,,
9/4/16,27389769.81,,,
9/3/16,27807515.06,,,
9/2/16,18713835.79,2179.98,97.38,
9/1/16,8584707.43,2170.86,97.38,
8/31/16,8321497.535,2170.95,97.45,
8/30/16,12660926.46,2176.12,97.45,
8/29/16,9095987.615,2180.38,97.3,
8/28/16,27288766.18,,,
8/27/16,41895407.58,,,
8/26/16,31621180.57,2169.04,97.58,
8/25/16,10464040.6,2172.47,97.32,
8/24/16,11315225.42,2175.44,95.18,
8/23/16,16445449.8,2186.9,95.94,
8/22/16,12577569.68,2182.64,95.26,
8/21/16,35863316.45,,,
8/20/16,49144146.81,,,
8/19/16,39213541.64,2183.87,95.87,
8/18/16,15497673.62,2187.02,96.16,
8/17/16,17720015.37,2182.22,96.37,
8/16/16,26117457.34,2178.15,95.12,
8/15/16,20279865,2190.15,95.31,
8/14/16,48947818.14,,,
8/13/16,66197774.24,,,
8/12/16,54829466.84,2184.05,96.59,
8/11/16,20845092.39,2185.79,95.89,
8/10/16,24051964.82,2175.49,93.93,
8/9/16,31949266.12,2181.74,93.99,
8/8/16,26898531.01,2180.89,95.11,
8/7/16,60073491.86,,,
8/6/16,80555808.32,,,
8/5/16,99981335.94,2182.87,97.03,
8/4/16,18566511.67,2164.25,93.44,
8/3/16,21414613.81,2163.79,93.1,
8/2/16,29592035.92,2157.03,93.56,
8/1/16,24918487.04,2170.84,94.37,
7/31/16,56783649.39,,,
7/30/16,70846678.31,,,
7/29/16,65607181.58,2173.6,91.25,
7/28/16,21285936.56,2170.06,91.65,
7/27/16,24303341.27,2166.58,92.04,
7/26/16,29371010.5,2169.18,91.41,
7/25/16,27234134.98,2168.48,87.66,
7/24/16,55966751.62,,,
7/23/16,72871649.37,,,
7/22/16,68316753.18,2175.03,85.89,
7/21/16,19106916.34,2165.17,85.99,
7/20/16,19361307.23,2173.02,87.91,
7/19/16,27505942.88,2163.78,85.84,
7/18/16,21247450.51,2166.89,98.81,
7/17/16,49231865.02,,,
7/16/16,64438438.55,,,
7/15/16,53637462.45,2161.74,98.39,
7/14/16,24044930.39,2163.75,98.02,
7/13/16,25669091.44,2152.43,96.43,
7/12/16,34164867.36,2152.14,95.97,
7/11/16,26429521.5,2137.16,94.67,
7/10/16,64425379.66,,,
7/9/16,84674289.18,,,
7/8/16,78518924.25,2129.9,97.06,
7/7/16,22613409.52,2097.9,95.1,
7/6/16,25475620.3,2099.73,94.6,
7/5/16,33390001.58,2088.55,97.91,
7/4/16,42469291.54,,,
7/3/16,60172716.44,,,
7/2/16,67635425.65,,,
7/1/16,70626938.01,2102.95,96.67,18892.639
6/30/16,20326343.51,2098.86,91.48,
6/29/16,25437513.27,2070.77,91.06,
6/28/16,34782761.26,2036.09,87.97,
6/27/16,24834318.08,2000.54,85.33,
6/26/16,54834459.23,,,
6/25/16,72817169.56,,,
6/24/16,68108890.53,2037.41,88.44,
6/23/16,29648655.01,2113.32,91.66,
6/22/16,31448286.74,2085.45,90.01,
6/21/16,40259614.2,2088.9,90.99,
6/20/16,34144793.93,2083.25,93.8,
6/19/16,66584731.98,,,
6/18/16,86542674.01,,,
6/17/16,93491753.81,2071.22,94.45,
6/16/16,12595899.42,2077.99,95.44,
6/15/16,15551164.46,2071.5,94.29,
6/14/16,20711090.14,2075.32,94.12,
6/13/16,16127912.58,2079.06,93.85,
6/12/16,40718557.17,,,
6/11/16,57431779.41,,,
6/10/16,56071472.47,2096.07,93.75,
6/9/16,11729885.51,2115.48,97.09,
6/8/16,12506456.3,2119.12,97.86,
6/7/16,17525838.14,2112.13,99.89,
6/6/16,13865569.84,2109.41,100.74,
6/5/16,39770015.22,,,
6/4/16,52513195.67,,,
6/3/16,44387632.32,2099.13,99.59,
6/2/16,11807065.34,2105.26,101.25,
6/1/16,13437975.72,2099.33,101.51,
5/31/16,18232431.49,2096.96,102.57,
5/30/16,43868467.96,,,
5/29/16,55101103.46,,,
5/28/16,59612010.71,,,
5/27/16,59135910.41,2099.06,103.3,
5/26/16,9055824.18,2090.1,102.81,
5/25/16,9789709.93,2090.54,100.2,
5/24/16,13172866.33,2076.06,97.89,
5/23/16,12743841.24,2048.04,94.89,
5/22/16,39864375.59,,,
5/21/16,59250283.43,,,
5/20/16,42684193.05,2052.32,92.49,
5/19/16,7789811.315,2040.04,89.55,
5/18/16,8514489.1,2047.63,90.5,
5/17/16,12773401.1,2047.21,88.63,
5/16/16,9608144.065,2066.66,89.12,
5/15/16,38580918.09,,,
5/14/16,59411537.19,,,
5/13/16,37950523.33,2046.61,87.88,
5/12/16,12506707.14,2064.11,87.74,
5/11/16,13615777.96,2064.46,90.02,
5/10/16,20525984.96,2084.39,92.89,
5/9/16,18665709.73,2058.69,90.54,
5/8/16,70248840.16,,,
5/7/16,89971068.01,,,
5/6/16,96594369.5,2057.14,90.84,
5/5/16,4867889.65,2050.63,89.37,
5/4/16,6455007.78,2051.12,90.79,
5/3/16,8882104.92,2063.37,91.54,
5/2/16,6537003.2,2081.43,93.11,
5/1/16,31143490.17,,,
4/30/16,47164274.11,,,
4/29/16,28808148.92,2065.3,90.03,
4/28/16,8177545.87,2075.81,90.28,
4/27/16,8346669.435,2095.15,91.04,
4/26/16,12741799.2,2091.7,92.43,
4/25/16,9092092.49,2087.79,93.56,
4/24/16,35948118.57,,,
4/23/16,56134759.14,,,
4/22/16,37966595.55,2091.58,95.9,
4/21/16,10717188.37,2091.48,94.98,
4/20/16,11061471.01,2102.4,96.77,
4/19/16,16320882.05,2100.8,94.34,
4/18/16,12688239.85,2094.34,108.4,
4/17/16,51180604.35,,,
4/16/16,74474816.52,,,
4/15/16,56753719.36,2080.73,111.51,
4/14/16,5292905.8,2082.78,110.42,
4/13/16,5994200.68,2082.42,109.65,
4/12/16,9218357.525,2061.72,106.98,
4/11/16,6630460.785,2041.99,102.68,
4/10/16,27051607.77,,,
4/9/16,44229588.59,,,
4/8/16,29434236.39,2047.6,103.81,
4/7/16,8642429.315,2041.91,104.45,
4/6/16,8962979.87,2066.66,104.83,
4/5/16,12217314.27,2045.17,104.94,
4/4/16,8895464.37,2066.13,104.35,
4/3/16,35053320.51,,,
4/2/16,56145441.17,,,
4/1/16,39809233.88,2072.78,105.7,18711.702
3/31/16,18204124.71,2059.74,102.23,
3/30/16,18053946.37,2063.95,102.19,
3/29/16,25264207.28,2055.01,104.13,
3/28/16,29397501.77,2037.05,101.21,
3/27/16,58747242.13,,,
3/26/16,87750435.7,,,
3/25/16,122634750.9,,,
3/24/16,12191721.36,2035.94,98.36,
3/23/16,10915018.73,2036.71,99.59,
3/22/16,14825844.67,2049.8,99.84,
3/21/16,11770984.88,2051.6,101.06,
3/20/16,35225641.95,,,
3/19/16,53473375.48,,,
3/18/16,39297909.5,2049.58,101.12,
3/17/16,11922880.39,2040.59,99.72,
3/16/16,13037298.3,2027.22,99.35,
3/15/16,15230855.9,2015.93,97.86,
3/14/16,11788808.53,2019.64,98.13,
3/13/16,37779141.14,,,
3/12/16,55432537.16,,,
3/11/16,37405832.36,2022.19,97.66,
3/10/16,9684130.495,1989.57,97.36,
3/9/16,9714021.85,1989.26,98,
3/8/16,13554315.65,1979.26,96.23,
3/7/16,11043315.86,2001.76,95.49,
3/6/16,46900534.92,,,
3/5/16,66616030,,,
3/4/16,44045617.14,1999.99,101.58,
3/3/16,6473607.14,1993.4,97.93,
3/2/16,7156413.16,1986.45,97.61,
3/1/16,9739348.45,1978.35,98.3,
2/29/16,7421588.85,1932.23,93.41,
2/28/16,26278599.49,,,
2/27/16,44805579.78,,,
2/26/16,29778205.21,1948.05,94.79,
2/25/16,9102007.655,1951.7,94.53,
2/24/16,9029549.49,1929.8,91.61,
2/23/16,12372631.96,1921.27,89.12,
2/22/16,9764168.96,1945.5,91.93,
2/21/16,37243606.21,,,
2/20/16,57179922.28,,,
2/19/16,39413746.65,1917.78,89.23,
2/18/16,14419207.99,1917.83,90.49,
2/17/16,15087193.75,1926.82,94.76,
2/16/16,20564890.91,1895.58,89.05,
2/15/16,39047979.49,,,
2/14/16,83611364.27,,,
2/13/16,80663640.85,,,
2/12/16,74195748.77,1864.78,87.4,
2/11/16,5256494.945,1829.08,86.35,
2/10/16,5693099.23,1851.86,88.45,
2/9/16,7919683.07,1852.21,86.13,
2/8/16,6834723.35,1853.44,83.32,
2/7/16,15152694.83,,,
2/6/16,42422055,,,
2/5/16,25871261.13,1880.05,82.79,
2/4/16,6822777.195,1915.45,89.71,
2/3/16,7109009.765,1912.53,90.74,
2/2/16,9907075.295,1903.03,91.49,
2/1/16,7679268.22,1939.38,94.09,
1/31/16,37093483.12,,,
1/30/16,58191328.78,,,
1/29/16,35496173.57,1940.24,91.84,
1/28/16,8507610.475,1893.36,94.41,
1/27/16,8697622.96,1882.95,91.15,
1/26/16,11356706.01,1903.63,97.83,
1/25/16,8765526.315,1877.08,99.12,
1/24/16,24809972.72,,,
1/23/16,48674375.95,,,
1/22/16,32304929.15,1906.9,100.72,
1/21/16,9741934.15,1868.99,102.35,
1/20/16,9982709.23,1859.33,107.74,
1/19/16,14363096.09,1881.33,107.89,
1/18/16,33627911.4,,,
1/17/16,49263058.07,,,
1/16/16,63944136.69,,,
1/15/16,47572771.61,1880.33,104.04,
1/14/16,12585126.78,1921.84,107.06,
1/13/16,12441243.62,1890.28,106.56,
1/12/16,15788115.14,1938.68,116.58,
1/11/16,12312617.2,1923.67,114.97,
1/10/16,41560105.28,,,
1/9/16,67983204.51,,,
1/8/16,48375222.61,1922.03,111.39,
1/7/16,14392754.29,1943.09,114.56,
1/6/16,15381495.03,1990.26,117.68,
1/5/16,19967031.76,2016.71,107.66,
1/4/16,18915898.3,2012.66,109.96,
1/3/16,49439484.58,,,
1/2/16,85524660.72,,,
1/1/16,84419929.23,,,18525.933
12/31/15,51790236.16,2043.94,114.38,
12/30/15,60529650.22,2063.36,116.71,
12/29/15,61396886.27,2078.36,119.12,
12/28/15,60497341.13,2056.5,117.11,
12/27/15,84684683.92,,,
12/26/15,111494203.9,,,
12/25/15,105898309.3,2060.99,,
12/24/15,40331272.35,2060.99,117.33,
12/23/15,57322507.06,2064.29,118.16,
12/22/15,56176686.15,2038.97,116.24,
12/21/15,56326223.59,2021.15,116.63,
12/20/15,85701666.25,,,
12/19/15,98902364.21,,,
12/18/15,149655335.8,2005.55,118.02,
12/17/15,5095389.26,2041.89,122.51,
12/16/15,6363759.09,2073.07,122.64,
12/15/15,8076210.74,2043.41,118.6,
12/14/15,6354867.155,2021.94,120.67,
12/13/15,20099578.72,,,
12/12/15,32455569.38,,,
12/11/15,21143326.36,2012.37,118.91,
12/10/15,6549827.83,2052.23,122.91,
12/9/15,6779418.1,2047.62,124.2,
12/8/15,8872069.31,2063.59,126.98,
12/7/15,6637625.605,2077.07,125.36,
12/6/15,24864554.2,,,
12/5/15,42515356.78,,,
12/4/15,28491609.51,2091.69,130.93,
12/3/15,8175651.9,2049.62,126.81,
12/2/15,8414234.66,2079.51,128.93,
12/1/15,11704143.43,2102.63,125.37,
11/30/15,9564316.45,2080.41,123.33,
11/29/15,39567441.1,,,
11/28/15,71839885.46,,,
11/27/15,74067370.98,2090.11,125.44,
11/26/15,35104921.8,2088.87,,
11/25/15,42919776.84,2088.87,124.16,
11/24/15,22392851.52,2089.14,123.31,
11/23/15,16808729.6,2086.59,125.03,
11/22/15,44557311.7,,,
11/21/15,66141480.02,,,
11/20/15,69786833.03,2089.17,123.84,
11/19/15,5578988.09,2081.24,120.22,
11/18/15,6255472.405,2083.58,120.63,
11/17/15,8723810.355,2050.44,117.1,
11/16/15,6330890.865,2053.19,111.35,
11/15/15,27393332.33,,,
11/14/15,47015685.86,,,
11/13/15,29185790.4,2023.04,103.65,
11/12/15,9446783.125,2045.97,108.92,
11/11/15,24138823.35,2075,112.86,
11/10/15,15666083.36,2081.72,112.7,
11/9/15,10352316.26,2078.58,109.86,
11/8/15,41850531.32,,,
11/7/15,68448018.34,,,
11/6/15,54117010.35,2099.2,114.06,
11/5/15,4783111.84,2099.93,113.5,
11/4/15,5017038.13,2102.31,114.05,
11/3/15,7861095.97,2109.79,109.74,
11/2/15,5684438.24,2104.05,107.64,
11/1/15,19857078.74,,,
10/31/15,24608948.91,,,
10/30/15,20103734.63,2079.36,108.38,
10/29/15,6619881.515,2089.41,105.12,
10/28/15,6871828.145,2090.35,105.8,
10/27/15,9126539.76,2065.89,103.07,
10/26/15,7052674.655,2071.18,103.04,
10/25/15,25890054.97,,,
10/24/15,43431672.51,,,
10/23/15,29911545.56,2075.15,100.04,
10/22/15,7646761.33,2052.51,97.32,
10/21/15,9245527.265,2018.94,97.96,
10/20/15,10665514.15,2030.77,98.99,
10/19/15,8323425.76,2033.66,101.69,
10/18/15,31737791.22,,,
10/17/15,50252829.77,,,
10/16/15,38239937.19,2033.11,98.99,
10/15/15,7769950.045,2023.86,101.09,
10/14/15,7984655.965,1994.24,110.23,
10/13/15,10699248.69,2003.69,109.73,
10/12/15,17064573.57,2017.46,113.45,
10/11/15,33412645.24,,,
10/10/15,49939630.78,,,
10/9/15,34666905.33,2014.89,113.33,
10/8/15,9908351.57,2013.43,114.93,
10/7/15,9766897.205,1995.83,108.1,
10/6/15,14033285.63,1979.92,108.33,
10/5/15,10907642.85,1987.05,111.25,
10/4/15,41107448.66,,,
10/3/15,67329816.91,,,
10/2/15,46079686.77,1951.36,106.11,
10/1/15,7761083.525,1923.82,105.98,18435.137
9/30/15,9006905.83,1920.03,103.26,
9/29/15,12907969.1,1884.09,98.35,
9/28/15,9405870.5,1881.77,99.47,
9/27/15,36628930.07,,,
9/26/15,60272878.06,,,
9/25/15,41961197.07,1931.34,102.24,
9/24/15,6997278.795,1932.24,103.76,
9/23/15,7972676.66,1938.76,98.07,
9/22/15,10833101.76,1942.74,98.47,
9/21/15,7889771.825,1966.97,100.3,
9/20/15,25265676.93,,,
9/19/15,44344590.36,,,
9/18/15,36755514.45,1958.03,102.62,
9/17/15,4944654,1990.2,104.21,
9/16/15,5452549.57,1995.31,104.08,
9/15/15,8358155.91,1978.09,99.16,
9/14/15,6716085.025,1953.03,95.69,
9/13/15,21816234.9,,,
9/12/15,37812683.42,,,
9/11/15,30852812.19,1961.05,97.51,
9/10/15,4454568.82,1952.29,99.48,
9/9/15,4864529.345,1942.04,99.18,
9/8/15,6294432.495,1969.41,94.95,
9/7/15,20181356.46,1921.22,,
9/6/15,25204754.97,,,
9/5/15,24038540.18,,,
9/4/15,17093484.79,1921.22,98.79,
9/3/15,6342422.645,1951.13,101.06,
9/2/15,6840824.055,1948.86,105.44,
9/1/15,8247313.36,1913.85,105.79,
8/31/15,6598101.965,1972.18,115.03,
8/30/15,19817716.43,,,
8/29/15,29321077.76,,,
8/28/15,20783526.21,1988.87,117.63,
8/27/15,8122337.86,1987.66,117.66,
8/26/15,8811210.33,1940.51,110.13,
8/25/15,11748266.08,1867.61,101.52,
8/24/15,9262065.8,1893.21,96.88,
8/23/15,25554666.48,,,
8/22/15,37430431.87,,,
8/21/15,31333554.59,1970.89,103.96,
8/20/15,12922024.7,2035.73,112.49,
8/19/15,14337276.66,2079.61,122.06,
8/18/15,20138224.99,2096.92,124.05,
8/17/15,17138246.13,2102.44,125.36,
8/16/15,40389168.82,,,
8/15/15,52943962.24,,,
8/14/15,49990019.89,2091.54,123.39,
8/13/15,11216284.82,2083.39,123.73,
8/12/15,12831319.67,2086.05,120.51,
8/11/15,20757939.93,2084.07,122.74,
8/10/15,14653695.62,2104.18,123.03,
8/9/15,34500790.68,,,
8/8/15,48797014.37,,,
8/7/15,41855027.57,2077.57,123.52,
8/6/15,15935103.34,2083.56,126.45,
8/5/15,18977624.71,2099.84,123.71,
8/4/15,25385515.29,2093.32,121.15,
8/3/15,20960246.65,2098.04,112.56,
8/2/15,44302180.46,,,
8/1/15,56934006.74,,,
7/31/15,49229237.33,2103.84,114.31,
7/30/15,18968001.26,2108.63,111.56,
7/29/15,21359410.22,2108.57,107.08,
7/28/15,24300042.85,2093.25,106.9,
7/27/15,19850844.33,2067.64,106.43,
7/26/15,44405679.18,,,
7/25/15,56826316.76,,,
7/24/15,51673249.81,2079.65,109.34,
7/23/15,19208114.45,2102.15,110.1,
7/22/15,20871026.74,2114.15,111.5,
7/21/15,29964824.24,2119.21,112.51,
7/20/15,23444029.18,2128.28,110.55,
7/19/15,55120261.95,,,
7/18/15,75276863.09,,,
7/17/15,66943747.59,2126.64,114.77,
7/16/15,20622748.71,2124.29,115.81,
7/15/15,24989988.27,2107.4,98.13,
7/14/15,34420242.81,2108.95,100.37,
7/13/15,26314071.1,2099.6,101.09,
7/12/15,61195831.52,,,
7/11/15,79892700.03,,,
7/10/15,83164405.03,2076.62,97.23,
7/9/15,17595575.79,2051.31,95.73,
7/8/15,20818811.07,2046.68,93.51,
7/7/15,26817927.89,2081.34,94.09,
7/6/15,21663132.73,2068.76,94.57,
7/5/15,43503901.94,,,
7/4/15,38887367.74,,,
7/3/15,57980079.3,2076.78,,
7/2/15,37715662.21,2076.78,94.04,
7/1/15,42078812.17,2077.42,93.64,18401.626
6/30/15,27478208.49,2063.11,93.85,
6/29/15,23709740.8,2057.64,92.23,
6/28/15,57819608.99,,,
6/27/15,75586099.55,,,
6/26/15,58945764.22,2101.49,93.09,
6/25/15,25155162.57,2102.31,94.89,
6/24/15,26159816.41,2108.58,96.94,
6/23/15,35864403.77,2124.2,97.31,
6/22/15,29985907.64,2122.85,96.41,
6/21/15,85112884.68,,,
6/20/15,94691332.97,,,
6/19/15,84003886.79,2109.99,93.87,
6/18/15,26793512.92,2121.24,94.74,
6/17/15,29590856.88,2100.44,94.27,
6/16/15,35592304.15,2096.29,95.27,
6/15/15,35504676.55,2084.43,93.43,
6/14/15,80628129.47,,,
6/13/15,102910820.2,,,
6/12/15,110429884.4,2094.11,94.42,
6/11/15,10685835.1,2108.86,95.09,
6/10/15,13217029.87,2105.2,95.87,
6/9/15,16872512.41,2080.15,92.45,
6/8/15,14677287.37,2079.28,89.6,
6/7/15,35385356.44,,,
6/6/15,52678811.97,,,
6/5/15,47619693.23,2092.83,90.46,
6/4/15,13021824.99,2095.84,89.35,
6/3/15,17824853.35,2114.07,88.81,
6/2/15,16698131.26,2109.6,89.13,
6/1/15,13759109.72,2111.73,89,
5/31/15,42552233.95,,,
5/30/15,57684071.9,,,
5/29/15,44709556.39,2107.39,89.15,
5/28/15,10475943.66,2120.79,89.51,
5/27/15,11144821.16,2123.48,89.86,
5/26/15,15304672.11,2104.2,87.99,
5/25/15,41623206.3,2126.06,,
5/24/15,53953206.26,,,
5/23/15,57515714.1,,,
5/22/15,48383589.67,2126.06,88.84,
5/21/15,13051277.66,2130.82,89,
5/20/15,13175836.57,2125.85,88.79,
5/19/15,17143332.44,2127.83,88.07,
5/18/15,17714504.73,2129.2,88.27,
5/17/15,51800825.38,,,
5/16/15,74949768.73,,,
5/15/15,67123394.07,2122.73,87.61,
5/14/15,7304675.43,2121.1,83.84,
5/13/15,8154176.225,2098.48,82.87,
5/12/15,11080002.96,2099.12,83.38,
5/11/15,9476454.585,2105.33,84.28,
5/10/15,40829471.54,,,
5/9/15,55714193.93,,,
5/8/15,35892997.86,2116.1,82.09,
5/7/15,12465214.39,2088,80.75,
5/6/15,13317443.43,2080.15,80.08,
5/5/15,18129828.93,2089.46,80.79,
5/4/15,17299673.37,2114.49,79.27,
5/3/15,65140685.94,,,
5/2/15,77298353.41,,,
5/1/15,105058654,2108.29,79.58,
4/30/15,4433768.3,,,
4/29/15,5110426.1,,,
4/28/15,7237951.11,,,
4/27/15,5594126.59,,,
4/26/15,21728382.98,,,
4/25/15,40749336.94,,,
4/24/15,26563543.63,,,
4/23/15,7148705.785,,,
4/22/15,7346337.245,,,
4/21/15,9556215.695,,,
4/20/15,8076095.82,,,
4/19/15,31385623.3,,,
4/18/15,51205122.09,,,
4/17/15,37450735.14,,,
4/16/15,7514712.725,,,
4/15/15,7603140.35,,,
4/14/15,10919249.77,,,
4/13/15,8348061.735,,,
4/12/15,33585082.7,,,
4/11/15,58223521.85,,,
4/10/15,44573021.48,,,
4/9/15,17527852.55,,,
4/8/15,19121180.78,,,
4/7/15,26129074.21,,,
4/6/15,26832814.45,,,
4/5/15,54858979.18,,,
4/4/15,79691860.76,,,
4/3/15,104869354.3,,,
4/2/15,13746121.55,,,
4/1/15,11776664.58,,,18279.784
3/31/15,15365127.77,,,
3/30/15,12110012.14,,,
3/29/15,40075402.97,,,
3/28/15,64691988.53,,,
3/27/15,49828046.78,,,
3/26/15,7951494.915,,,
3/25/15,8371814.815,,,
3/24/15,11544424.52,,,
3/23/15,9467968.185,,,
3/22/15,33102387.76,,,
3/21/15,52917861.04,,,
3/20/15,43675831.1,,,
3/19/15,9650965.025,,,
3/18/15,10158949,,,
3/17/15,12567005.88,,,
3/16/15,10087546.11,,,
3/15/15,33618140.99,,,
3/14/15,53109903.41,,,
3/13/15,41184536.77,,,
3/12/15,6227257.335,,,
3/11/15,6649880.055,,,
3/10/15,8639348.575,,,
3/9/15,6679518.365,,,
3/8/15,20781035.54,,,
3/7/15,35256418.41,,,
3/6/15,24166989.8,,,
3/5/15,6302407.28,,,
3/4/15,6141182.255,,,
3/3/15,8238801.545,,,
3/2/15,6944888.535,,,
3/1/15,24953271.33,,,
2/28/15,44511993.44,,,
2/27/15,29297641.82,,,
2/26/15,7913759.165,,,
2/25/15,7583550.91,,,
2/24/15,10413659.23,,,
2/23/15,8161166.455,,,
2/22/15,30219713.49,,,
2/21/15,48297733.38,,,
2/20/15,36237356.74,,,
2/19/15,12907716.06,,,
2/18/15,12531183.99,,,
2/17/15,17088744.34,,,
2/16/15,33085716.63,,,
2/15/15,57163063.3,,,
2/14/15,97130228.2,,,
2/13/15,62551462.09,,,
2/12/15,6596314.075,,,
2/11/15,6782504.365,,,
2/10/15,9621755.455,,,
2/9/15,8846824.48,,,
2/8/15,39997699.37,,,
2/7/15,65364394.29,,,
2/6/15,41330826.62,,,
2/5/15,6812705.12,,,
2/4/15,6430579.545,,,
2/3/15,8646725.555,,,
2/2/15,7154950.14,,,
2/1/15,13829714.8,,,
1/31/15,46005114.74,,,
1/30/15,28916027.86,,,
1/29/15,8497352.76,,,
1/28/15,8794834.23,,,
1/27/15,11878577.62,,,
1/26/15,9052779.905,,,
1/25/15,40238387.15,,,
1/24/15,67402930.34,,,
1/23/15,43169988.62,,,
1/22/15,14120284.49,,,
1/21/15,13648975.47,,,
1/20/15,18918003.33,,,
1/19/15,46343589.5,,,
1/18/15,54880241.59,,,
1/17/15,81531948.75,,,
1/16/15,61859498.94,,,
1/15/15,7429232.135,,,
1/14/15,7981039.3,,,
1/13/15,10702527.23,,,
1/12/15,7526779.325,,,
1/11/15,28273225.05,,,
1/10/15,50432374.59,,,
1/9/15,36997149.22,,,
1/8/15,7830443.27,,,
1/7/15,8159836.035,,,
1/6/15,10502619.47,,,
1/5/15,10107667.05,,,
1/4/15,30396090.27,,,
1/3/15,51556557.39,,,
1/2/15,57131574.11,,,
1/1/15,51164403.94,,,18063.529
,,,,
,,,,
,,,,
,,,,
,,,,
,,,,
,,,,
,,,,
,,,,
,,,,
,,,,
,,,,
,,,,
,,,,
,,,,
,,,,
,,,,
,,,,
,,,,
,,,,
,,,,
,,,,
,,,,
,,,,
,,,,
,,,,
,,,,
,,,,
,,,,
,,,,
,,,,
,,,,
,,,,
,,,,
,,,,
,,,,
,,,,
,,,,
,,,,
,,,,
,,,,
,,,,
,,,,
,,,,
,,,,
,,,,
,,,,
,,,,