Date,Close/Last,Volume,Open,High,Low
4/30/25,"$1,131.72 ",4266676,"$1,112.65 ","$1,133.20 ","$1,101.11 "
4/29/25,"$1,125.64 ",3777329,"$1,103.92 ","$1,127.81 ","$1,095.48 "
4/28/25,"$1,110.38 ",3831088,"$1,100.00 ","$1,114.00 ","$1,082.62 "
4/25/25,"$1,101.53 ",3950008,"$1,097.04 ","$1,106.80 ","$1,091.00 "
4/24/25,"$1,096.87 ",6381896,"$1,048.00 ","$1,101.00 ","$1,047.02 "
4/23/25,"$1,049.59 ",6471876,"$1,047.23 ","$1,061.25 ","$1,032.00 "
4/22/25,"$1,040.34 ",9368873,"$1,005.30 ","$1,064.97 ","$1,004.52 "
4/21/25,$987.91 ,9775747,$984.40 ,"$1,019.00 ",$973.05 
4/17/25,$973.03 ,8893735,$969.00 ,$984.70 ,$956.00 
4/16/25,$961.63 ,6066113,$976.28 ,$981.21 ,$949.17 
4/15/25,$976.28 ,7711982,$950.00 ,$993.45 ,$948.00 
4/14/25,$931.28 ,4035895,$932.70 ,$948.98 ,$919.50 
4/11/25,$918.29 ,4073638,$920.00 ,$944.86 ,$906.68 
4/10/25,$921.17 ,5129755,$931.94 ,$941.24 ,$894.00 
4/9/25,$945.47 ,7497974,$855.93 ,$951.43 ,$854.40 
4/8/25,$870.40 ,5625382,$912.44 ,$922.42 ,$857.70 
4/7/25,$867.83 ,6656823,$827.85 ,$906.74 ,$821.10 
4/4/25,$855.86 ,6798806,$896.50 ,$906.63 ,$853.87 
4/3/25,$917.05 ,5864622,$901.80 ,$946.59 ,$900.47 
4/2/25,$935.52 ,3256886,$923.00 ,$949.55 ,$916.11 
4/1/25,$928.38 ,3519956,$927.50 ,$932.29 ,$911.50 
3/31/25,$932.53 ,4634075,$920.53 ,$934.48 ,$900.59 
3/28/25,$933.85 ,4422717,$972.00 ,$974.98 ,$929.23 
3/27/25,$976.72 ,3047237,$974.22 ,$989.00 ,$966.37 
3/26/25,$970.65 ,3534707,$993.81 ,$996.79 ,$966.32 
3/25/25,$997.28 ,3782245,$978.18 ,$998.70 ,$977.11 
3/24/25,$971.99 ,4677871,$969.67 ,$977.00 ,$951.55 
3/21/25,$960.29 ,5905429,$941.64 ,$963.65 ,$940.95 
3/20/25,$950.84 ,4466305,$950.01 ,$967.00 ,$945.50 
3/19/25,$959.49 ,6662361,$935.77 ,$968.00 ,$924.00 
3/18/25,$929.98 ,6009400,$940.00 ,$948.25 ,$916.30 
3/17/25,$950.02 ,7543146,$939.95 ,$967.63 ,$934.42 
3/14/25,$918.00 ,5200684,$901.46 ,$919.63 ,$901.00 
3/13/25,$890.17 ,5001698,$913.00 ,$921.89 ,$887.51 
3/12/25,$919.68 ,6865837,$914.60 ,$927.18 ,$901.00 
3/11/25,$895.10 ,7398934,$867.41 ,$910.68 ,$866.00 
3/10/25,$866.68 ,6995309,$875.07 ,$881.27 ,$854.50 
3/7/25,$891.11 ,7737488,$897.64 ,$904.89 ,$858.07 
3/6/25,$906.36 ,7852559,$972.99 ,$973.69 ,$899.00 
3/5/25,$990.92 ,3807935,$973.62 ,$995.60 ,$969.48 
3/4/25,$972.58 ,4392814,$971.61 ,$986.31 ,$948.21 
3/3/25,$973.70 ,3907447,$983.00 ,$994.93 ,$964.81 
2/28/25,$980.56 ,4717409,$969.56 ,$982.27 ,$958.17 
2/27/25,$963.07 ,3766566,$995.00 ,"$1,000.73 ",$961.83 
2/26/25,$990.06 ,3397205,$977.60 ,"$1,000.89 ",$976.90 
2/25/25,$977.24 ,4738304,$989.40 ,$994.40 ,$955.00 
2/24/25,$988.47 ,4426227,"$1,008.00 ","$1,015.17 ",$984.48 
2/21/25,"$1,003.15 ",3738710,"$1,029.42 ","$1,032.38 ",$999.39 
2/20/25,"$1,024.54 ",3111831,"$1,042.00 ","$1,045.00 ","$1,015.59 "
2/19/25,"$1,043.33 ",2600048,"$1,035.18 ","$1,045.00 ","$1,024.51 "
2/18/25,"$1,035.85 ",4229339,"$1,060.00 ","$1,062.00 ","$1,023.75 "
2/14/25,"$1,058.60 ",3145430,"$1,044.95 ","$1,064.50 ","$1,041.69 "
2/13/25,"$1,043.69 ",3476068,"$1,026.63 ","$1,045.99 ","$1,025.10 "
2/12/25,"$1,027.31 ",3388966,"$1,005.49 ","$1,027.74 ",$998.35 
2/11/25,"$1,008.08 ",3331797,"$1,020.79 ","$1,022.69 ","$1,002.95 "
2/10/25,"$1,027.60 ",3296566,"$1,023.05 ","$1,032.85 ","$1,015.88 "
2/7/25,"$1,013.93 ",3212853,"$1,017.00 ","$1,027.76 ","$1,005.67 "
2/6/25,"$1,015.68 ",3134293,"$1,007.87 ","$1,016.35 ","$1,002.61 "
2/5/25,"$1,011.11 ",3997733,$987.73 ,"$1,011.83 ",$986.68 
2/4/25,$994.87 ,6000137,$980.47 ,"$1,008.00 ",$978.51 
2/3/25,$978.94 ,3724197,$973.00 ,$987.69 ,$964.38 
1/31/25,$976.76 ,3618718,$974.00 ,$990.29 ,$974.00 
1/30/25,$973.24 ,3867825,$986.75 ,$994.59 ,$970.01 
1/29/25,$978.15 ,2930728,$980.00 ,$987.64 ,$968.23 
1/28/25,$971.83 ,3433972,$966.71 ,$977.93 ,$957.30 
1/27/25,$971.89 ,4634204,$971.10 ,$982.27 ,$960.26 
1/24/25,$977.59 ,4550397,$984.41 ,$986.28 ,$967.68 
1/23/25,$984.86 ,7752137,$957.81 ,$985.00 ,$953.90 
1/22/25,$953.99 ,14273210,$998.03 ,$999.00 ,$950.76 
1/21/25,$869.68 ,9851351,$863.53 ,$916.40 ,$854.75 
1/17/25,$858.10 ,3617565,$859.79 ,$865.00 ,$852.13 
1/16/25,$842.37 ,4028537,$860.96 ,$868.98 ,$842.02 
1/15/25,$848.26 ,3181383,$836.44 ,$850.84 ,$830.41 
1/14/25,$828.40 ,3037650,$843.20 ,$844.89 ,$823.52 
1/13/25,$840.29 ,3024517,$831.53 ,$847.07 ,$829.14 
1/10/25,$837.69 ,4803312,$866.40 ,$866.41 ,$834.40 
1/8/25,$875.00 ,2347949,$880.00 ,$886.22 ,$873.00 
1/7/25,$879.19 ,2649823,$879.38 ,$888.00 ,$869.11 
1/6/25,$881.79 ,3457656,$888.76 ,$892.83 ,$871.69 
1/3/25,$881.05 ,2970019,$893.13 ,$898.83 ,$879.89 
1/2/25,$886.73 ,2315685,$895.50 ,$898.58 ,$877.00 
12/31/24,$891.32 ,1875897,$901.80 ,$902.68 ,$889.47 
12/30/24,$900.43 ,2202970,$894.51 ,$908.23 ,$889.71 
12/27/24,$907.55 ,3226158,$916.01 ,$918.13 ,$894.50 
12/26/24,$924.14 ,2342418,$928.40 ,$930.49 ,$915.30 
12/24/24,$932.12 ,2320293,$915.00 ,$935.85 ,$911.70 
12/23/24,$911.45 ,2339375,$913.42 ,$915.00 ,$899.10 
12/20/24,$909.05 ,4530519,$893.21 ,$919.92 ,$890.49 
12/19/24,$902.04 ,2815512,$908.18 ,$912.62 ,$899.00 
12/18/24,$889.55 ,2938194,$919.13 ,$922.44 ,$886.56 
12/17/24,$919.13 ,2459456,$921.54 ,$928.45 ,$916.42 
12/16/24,$921.08 ,2674892,$923.94 ,$928.94 ,$919.50 
12/13/24,$918.87 ,2485829,$916.81 ,$925.55 ,$909.61 
12/12/24,$925.55 ,2486197,$933.35 ,$934.09 ,$922.60 
12/11/24,$936.56 ,3501691,$924.71 ,$941.75 ,$923.08 
12/10/24,$913.35 ,2388575,$913.76 ,$922.88 ,$909.58 
12/9/24,$913.69 ,3350082,$928.00 ,$930.30 ,$902.59 
12/6/24,$934.74 ,2955383,$915.23 ,$935.27 ,$912.71 
12/5/24,$917.87 ,2835307,$917.85 ,$927.00 ,$911.11 
12/4/24,$911.06 ,2689629,$898.05 ,$915.97 ,$898.05 
12/3/24,$902.17 ,2401634,$894.36 ,$902.69 ,$888.03 
12/2/24,$897.74 ,2388966,$887.51 ,$902.34 ,$884.12 
11/29/24,$886.81 ,2027237,$882.17 ,$892.41 ,$876.68 
11/27/24,$877.34 ,2578222,$872.06 ,$880.95 ,$858.91 
11/26/24,$872.60 ,3138259,$867.49 ,$886.36 ,$867.25 
11/25/24,$865.59 ,6014203,$902.05 ,$902.05 ,$864.22 
11/22/24,$897.79 ,3214020,$896.00 ,$906.00 ,$893.00 
11/21/24,$897.48 ,4511263,$883.93 ,$908.00 ,$877.24 
11/20/24,$883.85 ,4093843,$879.98 ,$890.60 ,$868.40 
11/19/24,$871.32 ,3814227,$839.75 ,$874.49 ,$839.16 
11/18/24,$847.05 ,4084081,$815.50 ,$848.45 ,$809.33 
11/15/24,$823.96 ,3673720,$832.04 ,$832.04 ,$816.49 
11/14/24,$837.26 ,3038231,$833.67 ,$841.00 ,$830.02 
11/13/24,$830.47 ,2767772,$822.62 ,$836.99 ,$820.54 
11/12/24,$819.50 ,2814064,$807.50 ,$820.37 ,$803.75 
11/11/24,$805.44 ,2399150,$795.90 ,$806.82 ,$795.57 
11/8/24,$795.04 ,1910626,$797.36 ,$799.06 ,$788.65 
11/7/24,$796.54 ,3295074,$781.37 ,$798.22 ,$779.94 
11/6/24,$780.21 ,3690817,$771.50 ,$781.49 ,$757.38 
11/5/24,$763.91 ,2200645,$757.35 ,$767.53 ,$756.27 
11/4/24,$755.51 ,1902194,$753.14 ,$762.48 ,$749.69 
11/1/24,$756.10 ,2996829,$753.48 ,$763.80 ,$747.77 
10/31/24,$756.03 ,3057709,$753.93 ,$760.79 ,$752.23 
10/30/24,$753.74 ,1722002,$758.08 ,$759.79 ,$752.28 
10/29/24,$759.44 ,3660433,$751.13 ,$763.88 ,$748.01 
10/28/24,$749.12 ,2862405,$758.68 ,$758.68 ,$747.88 
10/25/24,$754.68 ,2819473,$756.17 ,$768.50 ,$753.53 
10/24/24,$754.55 ,2642962,$751.97 ,$755.82 ,$746.25 
10/23/24,$749.29 ,3749007,$762.83 ,$763.79 ,$744.26 
10/22/24,$764.24 ,2987252,$765.27 ,$769.70 ,$761.12 
10/21/24,$772.07 ,6057093,$765.76 ,$773.00 ,$756.60 
10/18/24,$763.89 ,15974120,$737.64 ,$766.28 ,$736.23 
10/17/24,$687.65 ,8926672,$704.35 ,$704.41 ,$677.88 
10/16/24,$702.00 ,2494276,$703.43 ,$705.59 ,$697.82 
10/15/24,$705.98 ,2932752,$712.51 ,$713.40 ,$699.78 
10/14/24,$713.00 ,2797071,$725.00 ,$726.62 ,$711.31 
10/11/24,$722.79 ,2299525,$734.90 ,$736.00 ,$721.22 
10/10/24,$730.29 ,2767862,$723.29 ,$733.85 ,$722.50 
10/9/24,$727.43 ,1981070,$719.25 ,$728.59 ,$718.87 
10/8/24,$721.76 ,3187402,$703.88 ,$725.06 ,$703.55 
10/7/24,$701.92 ,3360520,$714.76 ,$715.88 ,$696.43 
10/4/24,$719.70 ,2230139,$713.32 ,$721.01 ,$708.82 
10/3/24,$706.80 ,2256449,$704.26 ,$708.81 ,$700.00 
10/2/24,$711.09 ,1758167,$706.13 ,$716.21 ,$704.69 
10/1/24,$706.13 ,2813482,$713.64 ,$717.76 ,$698.59 
9/30/24,$709.27 ,1711508,$707.00 ,$711.21 ,$702.82 
9/27/24,$707.35 ,2395613,$708.36 ,$710.71 ,$701.25 
9/26/24,$711.43 ,2832962,$724.73 ,$725.26 ,$701.72 
9/25/24,$721.56 ,2259775,$721.00 ,$725.12 ,$716.21 
9/24/24,$722.26 ,3565731,$706.63 ,$722.44 ,$704.45 
9/23/24,$705.37 ,3224344,$702.39 ,$712.25 ,$699.16 
9/20/24,$701.03 ,3998062,$705.55 ,$706.67 ,$696.31 
9/19/24,$704.32 ,4228480,$705.00 ,$715.66 ,$695.37 
9/18/24,$690.47 ,2984411,$707.55 ,$707.55 ,$688.00 
9/17/24,$706.91 ,2298630,$700.82 ,$707.63 ,$698.37 
9/16/24,$696.50 ,1843745,$700.00 ,$703.02 ,$688.63 
9/13/24,$697.06 ,2276482,$680.01 ,$699.64 ,$680.00 
9/12/24,$686.80 ,2588437,$684.92 ,$694.88 ,$682.20 
9/11/24,$681.47 ,2391924,$677.46 ,$682.97 ,$660.80 
9/10/24,$673.62 ,2079182,$676.87 ,$680.59 ,$665.81 
9/9/24,$675.42 ,2683111,$674.00 ,$683.50 ,$672.14 
9/6/24,$665.77 ,2991265,$681.86 ,$683.15 ,$662.34 
9/5/24,$683.62 ,1810072,$673.14 ,$687.31 ,$671.86 
9/4/24,$679.68 ,1785337,$673.31 ,$684.65 ,$673.06 
9/3/24,$675.32 ,3160964,$700.10 ,$703.86 ,$671.01 
8/30/24,$701.35 ,3266723,$700.36 ,$701.86 ,$688.16 
8/29/24,$692.48 ,2186974,$690.00 ,$699.80 ,$686.07 
8/28/24,$683.84 ,2430583,$695.83 ,$696.67 ,$677.10 
8/27/24,$695.72 ,3164878,$688.53 ,$707.89 ,$686.92 
8/26/24,$688.44 ,1354154,$687.26 ,$690.59 ,$681.64 
8/23/24,$686.73 ,2354450,$694.13 ,$696.07 ,$678.63 
8/22/24,$688.96 ,2729389,$691.00 ,$701.50 ,$686.24 
8/21/24,$697.12 ,2235343,$697.00 ,$701.00 ,$691.38 
8/20/24,$698.54 ,4813118,$688.86 ,$711.33 ,$688.25 
8/19/24,$688.53 ,3016227,$674.07 ,$688.84 ,$672.91 
8/16/24,$674.07 ,3511014,$669.43 ,$680.23 ,$665.36 
8/15/24,$663.22 ,3210173,$668.49 ,$673.19 ,$659.80 
8/14/24,$661.68 ,4014344,$648.70 ,$663.57 ,$648.70 
8/13/24,$648.02 ,2639571,$638.56 ,$650.97 ,$635.50 
8/12/24,$633.14 ,2331712,$631.00 ,$639.00 ,$627.07 
8/9/24,$633.94 ,1980836,$622.99 ,$636.62 ,$622.99 
8/8/24,$630.35 ,3283542,$621.99 ,$632.29 ,$616.02 
8/7/24,$611.48 ,3187791,$616.07 ,$632.00 ,$610.64 
8/6/24,$609.57 ,4319057,$600.62 ,$622.45 ,$600.62 
8/5/24,$598.55 ,4044235,$587.04 ,$604.56 ,$587.04 
8/2/24,$613.64 ,3523003,$620.98 ,$625.27 ,$608.35 
8/1/24,$624.85 ,3720573,$629.25 ,$646.71 ,$617.61 
7/31/24,$628.35 ,3134877,$626.57 ,$633.60 ,$622.58 
7/30/24,$622.58 ,3496609,$630.17 ,$634.69 ,$617.00 
7/29/24,$626.96 ,2400537,$634.61 ,$634.61 ,$623.93 
7/26/24,$631.37 ,3120659,$645.00 ,$646.99 ,$629.77 
7/25/24,$634.09 ,4554539,$641.00 ,$649.98 ,$621.70 
7/24/24,$635.99 ,4888163,$635.74 ,$652.42 ,$632.67 
7/23/24,$642.76 ,2463579,$647.50 ,$649.91 ,$641.00 
7/22/24,$647.50 ,5219077,$639.50 ,$656.29 ,$632.60 
7/19/24,$633.34 ,9815631,$660.64 ,$678.97 ,$629.12 
7/18/24,$643.04 ,7575763,$656.60 ,$657.04 ,$639.17 
7/17/24,$647.46 ,4017277,$650.00 ,$650.45 ,$639.47 
7/16/24,$656.32 ,2685706,$661.80 ,$663.68 ,$649.13 
7/15/24,$656.45 ,3208763,$647.50 ,$667.54 ,$646.63 
7/12/24,$647.60 ,3355197,$652.75 ,$655.92 ,$643.71 
7/11/24,$652.75 ,5111928,$672.49 ,$672.49 ,$647.44 
7/10/24,$677.65 ,2651928,$685.02 ,$687.22 ,$673.16 
7/9/24,$685.74 ,2599474,$690.00 ,$695.27 ,$684.72 
7/8/24,$685.74 ,1930786,$687.00 ,$688.86 ,$681.49 
7/5/24,$690.65 ,2659065,$682.51 ,$697.49 ,$677.23 
7/3/24,$682.51 ,1403545,$677.48 ,$683.75 ,$675.50 
7/2/24,$679.58 ,2411426,$673.54 ,$681.74 ,$670.07 
7/1/24,$673.61 ,2212826,$674.89 ,$675.02 ,$663.78 
6/28/24,$674.88 ,3412391,$679.00 ,$687.00 ,$673.08 
6/27/24,$684.34 ,2404849,$679.35 ,$688.57 ,$678.14 
6/26/24,$677.69 ,3545815,$672.41 ,$682.96 ,$670.02 
6/25/24,$672.41 ,2278768,$673.44 ,$673.67 ,$662.30 
6/24/24,$669.02 ,3916335,$685.00 ,$685.50 ,$664.50 
6/21/24,$686.12 ,4557086,$683.26 ,$686.90 ,$678.10 
6/20/24,$679.03 ,2585089,$681.80 ,$689.88 ,$673.72 
6/18/24,$685.67 ,2943775,$675.63 ,$687.06 ,$674.64 
6/17/24,$675.83 ,3631184,$669.11 ,$682.71 ,$665.11 
6/14/24,$669.38 ,4447116,$655.05 ,$675.58 ,$652.64 
6/13/24,$653.26 ,1863587,$644.00 ,$655.25 ,$642.35 
6/12/24,$650.06 ,2094381,$652.21 ,$655.78 ,$643.11 
6/11/24,$648.55 ,2167417,$640.72 ,$650.19 ,$640.52 
6/10/24,$644.50 ,2066759,$641.01 ,$644.79 ,$635.59 
6/7/24,$641.47 ,1876631,$649.38 ,$650.40 ,$640.24 
6/6/24,$648.52 ,2466664,$644.89 ,$657.99 ,$644.24 
6/5/24,$650.27 ,2682614,$634.02 ,$651.25 ,$628.25 
6/4/24,$631.62 ,3008151,$633.78 ,$635.23 ,$626.44 
6/3/24,$633.79 ,2323506,$645.22 ,$646.78 ,$627.27 
5/31/24,$641.62 ,4071023,$644.01 ,$648.58 ,$628.30 
5/30/24,$647.66 ,2393354,$653.52 ,$656.49 ,$644.73 
5/29/24,$654.62 ,3695935,$644.13 ,$664.25 ,$643.89 
5/28/24,$649.00 ,2609451,$647.05 ,$649.75 ,$643.03 
5/24/24,$646.75 ,2615260,$639.40 ,$652.00 ,$637.60 
5/23/24,$635.67 ,2313939,$642.34 ,$642.71 ,$630.00 
5/22/24,$640.47 ,2176174,$647.14 ,$649.25 ,$638.12 
5/21/24,$650.61 ,2920155,$636.76 ,$650.88 ,$634.22 
5/20/24,$640.82 ,3857853,$620.40 ,$644.37 ,$619.52 
5/17/24,$621.10 ,3782708,$617.00 ,$625.79 ,$614.71 
5/16/24,$610.52 ,3056350,$615.75 ,$618.34 ,$609.09 
5/15/24,$613.52 ,5670607,$618.57 ,$624.10 ,$609.10 
5/14/24,$613.66 ,2792358,$615.17 ,$621.48 ,$608.40 
5/13/24,$616.59 ,2086197,$614.30 ,$618.22 ,$606.83 
5/10/24,$610.87 ,2653586,$619.00 ,$623.98 ,$605.06 
5/9/24,$612.09 ,2065375,$614.40 ,$615.72 ,$605.75 
5/8/24,$609.47 ,3093904,$601.63 ,$618.22 ,$601.63 
5/7/24,$606.00 ,3614092,$596.28 ,$606.05 ,$591.32 
5/6/24,$596.97 ,3686337,$581.82 ,$597.34 ,$580.25 
5/3/24,$579.34 ,3307524,$566.00 ,$580.26 ,$565.16 
5/2/24,$565.15 ,3068228,$556.02 ,$565.46 ,$555.59 
5/1/24,$551.71 ,3473233,$547.84 ,$560.39 ,$544.25 
4/30/24,$550.64 ,3361492,$560.00 ,$560.00 ,$549.38 
4/29/24,$559.49 ,2508882,$559.18 ,$559.64 ,$554.24 
4/26/24,$561.23 ,4332593,$558.21 ,$562.92 ,$553.19 
4/25/24,$564.80 ,3807101,$549.46 ,$566.54 ,$545.71 
4/24/24,$555.12 ,5355312,$574.31 ,$576.91 ,$551.30 
4/23/24,$577.75 ,4975520,$556.49 ,$579.21 ,$555.28 
4/22/24,$554.60 ,8597651,$550.66 ,$558.61 ,$542.01 
4/19/24,$555.04 ,16449700,$567.88 ,$579.00 ,$552.16 
4/18/24,$610.56 ,8468407,$612.10 ,$621.33 ,$605.44 
4/17/24,$613.69 ,3312222,$620.97 ,$620.97 ,$607.71 
4/16/24,$617.52 ,3519122,$607.50 ,$622.45 ,$607.50 
4/15/24,$607.15 ,3085394,$630.17 ,$630.17 ,$603.87 
4/12/24,$622.83 ,2959269,$628.23 ,$633.12 ,$618.92 
4/11/24,$628.78 ,2662662,$624.42 ,$631.66 ,$617.24 
4/10/24,$618.58 ,2806248,$610.97 ,$620.14 ,$609.34 
4/9/24,$618.20 ,2146635,$631.99 ,$631.99 ,$615.63 
4/8/24,$628.41 ,2145731,$636.39 ,$639.00 ,$628.11 
4/5/24,$636.18 ,3378842,$624.92 ,$637.91 ,$622.71 
4/4/24,$617.14 ,3064349,$633.21 ,$638.00 ,$616.58 
4/3/24,$630.08 ,2931231,$612.75 ,$630.41 ,$611.50 
4/2/24,$614.21 ,2029217,$611.00 ,$615.03 ,$605.51 
4/1/24,$614.31 ,2115925,$608.00 ,$615.11 ,$605.57 
3/28/24,$607.33 ,3708803,$614.99 ,$615.00 ,$601.59 
3/27/24,$613.53 ,2628267,$629.01 ,$631.35 ,$610.73 
3/26/24,$629.24 ,2804453,$625.20 ,$634.39 ,$619.18 
3/25/24,$627.46 ,1803264,$627.90 ,$630.46 ,$623.16 
3/22/24,$628.01 ,2135688,$624.16 ,$629.05 ,$621.00 
3/21/24,$622.71 ,2507671,$630.65 ,$634.36 ,$622.33 
3/20/24,$627.69 ,2639509,$619.95 ,$629.51 ,$618.34 
3/19/24,$620.74 ,2142613,$615.62 ,$621.28 ,$608.00 
3/18/24,$618.39 ,3344244,$613.56 ,$627.41 ,$610.45 
3/15/24,$605.88 ,6671629,$622.92 ,$622.92 ,$603.82 
3/14/24,$613.01 ,3120452,$615.00 ,$620.80 ,$607.35 
3/13/24,$609.45 ,2192094,$613.37 ,$614.85 ,$607.21 
3/12/24,$611.08 ,2821631,$600.21 ,$615.30 ,$596.27 
3/11/24,$600.93 ,2500940,$608.08 ,$611.00 ,$600.37 
3/8/24,$604.82 ,2777243,$608.27 ,$616.09 ,$600.84 
3/7/24,$608.51 ,2742805,$599.34 ,$610.53 ,$595.90 
3/6/24,$597.69 ,2469592,$602.99 ,$607.93 ,$593.56 
3/5/24,$598.50 ,3849563,$610.10 ,$610.91 ,$592.00 
3/4/24,$615.83 ,3020306,$621.56 ,$624.42 ,$615.08 
3/1/24,$619.34 ,4270305,$599.81 ,$620.28 ,$599.50 
2/29/24,$602.92 ,3572082,$604.25 ,$604.52 ,$595.16 
2/28/24,$596.48 ,2605242,$595.79 ,$598.17 ,$590.01 
2/27/24,$601.67 ,4489355,$595.00 ,$605.36 ,$592.33 
2/26/24,$587.65 ,2393712,$583.56 ,$590.75 ,$583.27 
2/23/24,$583.56 ,2568852,$586.40 ,$592.43 ,$579.82 
2/22/24,$588.47 ,3526597,$582.75 ,$590.85 ,$578.89 
2/21/24,$573.35 ,2281143,$573.51 ,$575.78 ,$567.32 
2/20/24,$575.13 ,3124236,$580.18 ,$586.00 ,$569.66 
2/16/24,$583.95 ,4325689,$596.95 ,$597.00 ,$577.46 
2/15/24,$593.46 ,5220938,$581.91 ,$593.77 ,$580.32 
2/14/24,$579.33 ,5634226,$567.26 ,$581.25 ,$564.34 
2/13/24,$554.52 ,3511453,$550.80 ,$559.20 ,$549.00 
2/12/24,$557.85 ,3608487,$560.36 ,$568.44 ,$557.00 
2/9/24,$561.32 ,3055698,$565.00 ,$566.00 ,$558.10 
2/8/24,$558.53 ,3175468,$560.55 ,$563.70 ,$555.74 
2/7/24,$559.30 ,4373591,$558.16 ,$567.80 ,$554.98 
2/6/24,$555.88 ,2840300,$564.12 ,$566.34 ,$554.37 
2/5/24,$562.06 ,4143099,$562.47 ,$575.75 ,$557.20 
2/2/24,$564.64 ,4032843,$564.52 ,$567.80 ,$562.37 
2/1/24,$567.51 ,3174002,$567.02 ,$572.66 ,$563.83 
1/31/24,$564.11 ,4857599,$562.85 ,$572.15 ,$562.05 
1/30/24,$562.85 ,6181798,$567.32 ,$570.88 ,$560.82 
1/29/24,$575.79 ,6905390,$571.35 ,$578.55 ,$562.68 
1/26/24,$570.42 ,12770570,$561.81 ,$579.64 ,$558.43 
1/25/24,$562.00 ,9451915,$551.95 ,$563.46 ,$548.46 
1/24/24,$544.87 ,26432800,$537.75 ,$562.50 ,$537.07 
1/23/24,$492.19 ,15506020,$492.00 ,$498.96 ,$481.40 
1/22/24,$485.71 ,5212309,$487.55 ,$489.80 ,$479.90 
1/19/24,$482.95 ,5672351,$484.98 ,$485.67 ,$476.06 
1/18/24,$485.31 ,4054399,$480.03 ,$485.77 ,$478.02 
1/17/24,$480.33 ,4894593,$484.50 ,$486.21 ,$475.26 
1/16/24,$481.24 ,4678974,$490.00 ,$494.15 ,$478.02 
1/12/24,$492.16 ,5003718,$500.51 ,$500.79 ,$490.61 
1/11/24,$492.23 ,7993265,$492.54 ,$503.41 ,$483.82 
1/10/24,$478.33 ,4342448,$481.60 ,$487.00 ,$472.95 
1/9/24,$482.09 ,3526757,$475.53 ,$485.09 ,$473.80 
1/8/24,$485.03 ,3675775,$473.89 ,$485.24 ,$473.65 
1/5/24,$474.06 ,2631250,$476.50 ,$479.55 ,$471.80 
1/4/24,$474.67 ,3636513,$472.98 ,$480.74 ,$466.53 
1/3/24,$470.26 ,3443694,$467.32 ,$475.05 ,$465.77 
1/2/24,$468.50 ,5049423,$483.19 ,$484.65 ,$461.86 
12/29/23,$486.88 ,2740555,$490.37 ,$492.23 ,$481.94 
12/28/23,$490.51 ,1710492,$492.00 ,$492.89 ,$489.07 
12/27/23,$491.79 ,2561330,$491.24 ,$494.02 ,$489.25 
12/26/23,$491.19 ,2034517,$489.39 ,$491.48 ,$486.38 
12/22/23,$486.76 ,2702672,$494.00 ,$496.02 ,$485.45 
12/21/23,$491.61 ,2756225,$492.66 ,$494.40 ,$486.77 
12/20/23,$489.27 ,4563690,$492.00 ,$500.89 ,$488.39 
12/19/23,$495.02 ,3849014,$488.40 ,$496.14 ,$484.06 
12/18/23,$486.12 ,6410660,$476.30 ,$492.04 ,$475.10 
12/15/23,$472.06 ,7840992,$467.30 ,$473.00 ,$467.30 
12/14/23,$469.83 ,5176437,$480.36 ,$480.76 ,$464.76 
12/13/23,$479.98 ,5820192,$461.98 ,$481.25 ,$461.98 
12/12/23,$463.00 ,3302660,$465.23 ,$465.61 ,$459.20 
12/11/23,$459.89 ,4929662,$459.36 ,$470.65 ,$457.21 
12/8/23,$453.76 ,3458384,$450.76 ,$455.50 ,$450.76 
12/7/23,$452.00 ,3506722,$450.85 ,$452.89 ,$448.32 
12/6/23,$446.73 ,4178755,$460.00 ,$460.50 ,$445.73 
12/5/23,$455.15 ,3380674,$450.70 ,$456.39 ,$449.58 
12/4/23,$453.90 ,5157713,$460.99 ,$461.20 ,$451.20 
12/1/23,$465.74 ,4341471,$473.17 ,$475.23 ,$464.60 
11/30/23,$473.97 ,4287349,$475.31 ,$478.59 ,$470.42 
11/29/23,$477.19 ,2855540,$479.00 ,$480.99 ,$474.49 
11/28/23,$479.00 ,2890164,$478.11 ,$480.50 ,$475.95 
11/27/23,$479.17 ,3625924,$479.03 ,$482.00 ,$475.35 
11/24/23,$479.56 ,1404732,$477.11 ,$480.40 ,$475.20 
11/22/23,$478.00 ,2843891,$476.80 ,$482.70 ,$476.56 
11/21/23,$474.95 ,2997723,$472.63 ,$477.02 ,$471.21 
11/20/23,$474.47 ,3621095,$465.40 ,$476.76 ,$465.40 
11/17/23,$465.91 ,2800214,$466.95 ,$467.65 ,$462.76 
11/16/23,$466.95 ,3655974,$463.00 ,$467.28 ,$459.65 
11/15/23,$461.94 ,5035283,$452.81 ,$462.75 ,$452.45 
11/14/23,$448.65 ,4060884,$448.78 ,$454.08 ,$445.64 
11/13/23,$444.62 ,2896143,$447.25 ,$448.43 ,$442.60 
11/10/23,$447.24 ,4443284,$437.48 ,$447.48 ,$435.51 
11/9/23,$435.15 ,2735507,$438.03 ,$440.38 ,$434.35 
11/8/23,$436.65 ,2356845,$435.00 ,$438.07 ,$433.68 
11/7/23,$434.61 ,3291064,$436.18 ,$437.64 ,$431.00 
11/6/23,$434.74 ,3003235,$434.38 ,$435.03 ,$429.61 
11/3/23,$432.36 ,3667051,$428.76 ,$434.82 ,$425.53 
11/2/23,$424.71 ,4475984,$421.17 ,$426.69 ,$417.10 
11/1/23,$420.19 ,4806108,$414.77 ,$420.60 ,$414.18 
10/31/23,$411.69 ,3877623,$409.24 ,$412.52 ,$404.63 
10/30/23,$410.08 ,5317147,$402.35 ,$412.82 ,$399.41 
10/27/23,$397.87 ,4997612,$406.42 ,$410.21 ,$395.62 
10/26/23,$403.54 ,6849702,$411.42 ,$417.31 ,$401.54 
10/25/23,$411.25 ,6299587,$416.02 ,$418.84 ,$410.11 
10/24/23,$413.73 ,6459247,$409.68 ,$416.69 ,$408.39 
10/23/23,$406.84 ,7390032,$403.32 ,$407.54 ,$398.52 
10/20/23,$400.96 ,12782920,$405.63 ,$410.64 ,$398.01 
10/19/23,$401.77 ,28074420,$404.74 ,$408.95 ,$392.26 
10/18/23,$346.19 ,11429640,$351.00 ,$354.79 ,$344.73 
10/17/23,$355.72 ,5908412,$361.10 ,$362.70 ,$353.89 
10/16/23,$360.82 ,5128947,$356.21 ,$363.08 ,$354.77 
10/13/23,$355.68 ,6316320,$355.64 ,$358.93 ,$352.05 
10/12/23,$361.20 ,7376086,$366.48 ,$368.83 ,$359.05 
10/11/23,$365.93 ,9151395,$372.78 ,$377.81 ,$365.34 
10/10/23,$373.32 ,7288939,$385.58 ,$388.70 ,$372.25 
10/9/23,$385.95 ,3299802,$378.05 ,$387.17 ,$377.76 
10/6/23,$381.51 ,4778118,$368.43 ,$382.52 ,$367.77 
10/5/23,$372.59 ,5034773,$378.01 ,$378.60 ,$367.24 
10/4/23,$376.90 ,4303658,$376.50 ,$380.22 ,$373.58 
10/3/23,$376.75 ,8878134,$377.11 ,$394.90 ,$372.85 
10/2/23,$380.33 ,3102101,$377.48 ,$384.81 ,$376.80 
9/29/23,$377.60 ,4205298,$380.00 ,$382.58 ,$375.35 
9/28/23,$376.36 ,4369906,$375.60 ,$378.96 ,$371.10 
9/27/23,$377.59 ,3843521,$382.40 ,$384.22 ,$376.25 
9/26/23,$379.25 ,4089392,$382.88 ,$384.56 ,$377.36 
9/25/23,$384.80 ,3757278,$382.90 ,$386.62 ,$380.81 
9/22/23,$379.81 ,3699796,$385.00 ,$386.88 ,$378.36 
9/21/23,$384.15 ,5556388,$386.50 ,$395.90 ,$383.42 
9/20/23,$386.30 ,3866619,$397.05 ,$397.99 ,$386.12 
9/19/23,$396.20 ,4080054,$392.84 ,$398.23 ,$390.25 
9/18/23,$394.40 ,4704706,$395.50 ,$399.47 ,$392.60 
9/15/23,$396.94 ,9116745,$401.00 ,$404.70 ,$395.03 
9/14/23,$400.49 ,10709040,$410.40 ,$411.39 ,$400.00 
9/13/23,$412.24 ,11843030,$435.50 ,$438.40 ,$410.69 
9/12/23,$434.69 ,3124024,$442.85 ,$445.44 ,$434.12 
9/11/23,$445.36 ,2913767,$443.07 ,$449.89 ,$442.75 
9/8/23,$442.80 ,2704353,$443.56 ,$446.81 ,$438.85 
9/7/23,$443.14 ,2922676,$441.15 ,$444.60 ,$436.70 
9/6/23,$445.76 ,3862274,$448.61 ,$451.39 ,$440.49 
9/5/23,$448.68 ,6155865,$438.39 ,$453.45 ,$438.00 
9/1/23,$439.88 ,4793379,$437.73 ,$445.50 ,$435.93 
8/31/23,$433.68 ,3802954,$431.23 ,$437.15 ,$431.23 
8/30/23,$434.67 ,3625380,$430.85 ,$438.16 ,$428.35 
8/29/23,$429.99 ,4486703,$416.00 ,$432.17 ,$414.50 
8/28/23,$418.06 ,2928613,$418.04 ,$419.83 ,$413.27 
8/25/23,$416.03 ,5390933,$412.00 ,$419.25 ,$407.56 
8/24/23,$406.93 ,5687799,$425.41 ,$427.59 ,$406.17 
8/23/23,$427.55 ,8174732,$418.40 ,$437.02 ,$417.71 
8/22/23,$413.17 ,3603273,$409.00 ,$415.74 ,$407.40 
8/21/23,$408.29 ,3861579,$402.23 ,$409.61 ,$399.50 
8/18/23,$404.53 ,4312196,$399.33 ,$406.52 ,$398.15 
8/17/23,$403.00 ,6031469,$415.00 ,$415.24 ,$401.58 
8/16/23,$415.45 ,3967021,$423.73 ,$424.51 ,$415.25 
8/15/23,$423.70 ,3367998,$424.41 ,$429.12 ,$421.04 
8/14/23,$427.78 ,3965963,$421.99 ,$428.85 ,$418.78 
8/11/23,$421.66 ,3927914,$428.98 ,$430.63 ,$421.33 
8/10/23,$429.98 ,5467607,$431.12 ,$438.12 ,$428.69 
8/9/23,$428.90 ,3846639,$439.74 ,$440.62 ,$427.59 
8/8/23,$438.30 ,3767195,$440.36 ,$443.57 ,$435.10 
8/7/23,$440.76 ,4781303,$436.46 ,$441.11 ,$428.91 
8/4/23,$431.60 ,5441811,$433.06 ,$436.50 ,$426.27 
8/3/23,$431.00 ,6259309,$427.80 ,$441.93 ,$427.19 
8/2/23,$429.70 ,4921781,$435.23 ,$435.56 ,$426.56 
8/1/23,$438.62 ,5725544,$437.37 ,$445.25 ,$431.40 
7/31/23,$438.97 ,6587619,$426.51 ,$439.13 ,$426.30 
7/28/23,$425.78 ,6428073,$415.56 ,$427.47 ,$413.76 
7/27/23,$413.17 ,6594466,$426.90 ,$427.52 ,$411.88 
7/26/23,$422.67 ,6009242,$424.20 ,$425.26 ,$415.59 
7/25/23,$427.70 ,4859843,$427.18 ,$430.88 ,$426.13 
7/24/23,$428.37 ,8282434,$425.00 ,$428.64 ,$419.19 
7/21/23,$427.50 ,17340030,$437.37 ,$438.24 ,$423.19 
7/20/23,$437.42 ,23989710,$447.00 ,$448.50 ,$432.00 
7/19/23,$477.59 ,20996480,$476.86 ,$485.00 ,$470.00 
7/18/23,$474.80 ,13196880,$451.00 ,$478.15 ,$448.78 
7/17/23,$450.05 ,6901141,$445.57 ,$456.68 ,$445.11 
7/14/23,$441.91 ,7195860,$452.79 ,$456.48 ,$439.70 
7/13/23,$450.38 ,6157475,$447.00 ,$451.67 ,$441.18 
7/12/23,$444.05 ,5731657,$444.55 ,$445.41 ,$437.75 
7/11/23,$440.21 ,4574559,$438.65 ,$440.80 ,$431.04 
7/10/23,$441.71 ,4251737,$438.52 ,$444.41 ,$436.82 
7/7/23,$438.10 ,4165144,$438.60 ,$442.33 ,$435.84 
7/6/23,$438.84 ,4944892,$440.00 ,$442.80 ,$430.72 
7/5/23,$445.90 ,6875414,$444.91 ,$450.97 ,$439.62 
7/3/23,$441.44 ,3728461,$439.76 ,$441.55 ,$431.62 
6/30/23,$440.49 ,7346394,$431.10 ,$444.12 ,$431.10 
6/29/23,$428.24 ,4932310,$434.33 ,$437.85 ,$426.15 
6/28/23,$429.84 ,8811342,$423.10 ,$437.29 ,$422.89 
6/27/23,$417.08 ,4818066,$417.39 ,$420.88 ,$411.50 
6/26/23,$415.94 ,4640022,$422.44 ,$430.96 ,$414.90 
6/23/23,$424.02 ,8298600,$418.59 ,$425.82 ,$417.73 
6/22/23,$422.48 ,4872246,$422.93 ,$424.71 ,$418.68 
6/21/23,$424.45 ,5146441,$432.65 ,$434.55 ,$422.54 
6/20/23,$434.70 ,4762313,$430.18 ,$440.00 ,$430.00 
6/16/23,$431.96 ,8753740,$446.15 ,$447.51 ,$430.90 
6/15/23,$445.27 ,7099915,$444.10 ,$448.65 ,$439.50 
6/14/23,$440.86 ,8413089,$434.99 ,$447.33 ,$433.50 
6/13/23,$435.73 ,7820535,$430.01 ,$437.27 ,$428.40 
6/12/23,$423.97 ,5967712,$418.83 ,$424.70 ,$416.57 
6/9/23,$420.02 ,12372830,$424.50 ,$425.90 ,$414.76 
6/8/23,$409.37 ,5991087,$399.77 ,$409.54 ,$396.34 
6/7/23,$399.77 ,11932390,$410.43 ,$418.95 ,$399.23 
6/6/23,$399.29 ,4991532,$405.00 ,$405.12 ,$396.93 
6/5/23,$403.54 ,7247413,$400.47 ,$413.86 ,$400.15 
6/2/23,$400.47 ,5902381,$402.89 ,$406.58 ,$395.90 
6/1/23,$403.13 ,7160145,$397.41 ,$407.52 ,$393.08 
5/31/23,$395.23 ,6988047,$391.89 ,$396.26 ,$388.91 
5/30/23,$392.98 ,10864990,$397.48 ,$405.11 ,$385.79 
5/26/23,$378.88 ,9360436,$361.10 ,$383.76 ,$356.00 
5/25/23,$359.00 ,6263105,$359.61 ,$367.45 ,$357.42 
5/24/23,$364.85 ,7973316,$356.93 ,$367.15 ,$356.63 
5/23/23,$355.99 ,6866078,$360.24 ,$364.17 ,$354.31 
5/22/23,$363.01 ,5406420,$365.36 ,$372.01 ,$362.50 
5/19/23,$365.36 ,7859703,$369.86 ,$369.99 ,$363.81 
5/18/23,$371.29 ,20925240,$347.25 ,$375.87 ,$346.37 
5/17/23,$339.96 ,3958807,$331.76 ,$341.38 ,$329.62 
5/16/23,$333.75 ,3334863,$334.00 ,$335.17 ,$331.91 
5/15/23,$335.89 ,3652970,$340.62 ,$341.90 ,$335.54 
5/12/23,$339.89 ,6082360,$344.76 ,$348.17 ,$337.36 
5/11/23,$344.76 ,8033531,$334.98 ,$345.47 ,$331.84 
5/10/23,$335.42 ,4289897,$335.21 ,$337.11 ,$329.51 
5/9/23,$332.14 ,5544852,$330.67 ,$336.32 ,$329.74 
5/8/23,$331.21 ,5488593,$322.99 ,$332.56 ,$322.03 
5/5/23,$322.76 ,3990637,$323.61 ,$324.15 ,$319.44 
5/4/23,$320.78 ,3879657,$319.01 ,$323.61 ,$317.95 
5/3/23,$319.30 ,5064057,$317.55 ,$324.62 ,$315.85 
5/2/23,$317.55 ,4318612,$325.00 ,$326.07 ,$315.62 
5/1/23,$324.12 ,5341484,$329.44 ,$331.23 ,$318.09 
4/28/23,$329.93 ,4228374,$325.24 ,$330.81 ,$324.00 
4/27/23,$325.85 ,5618768,$324.30 ,$327.45 ,$317.44 
4/26/23,$321.15 ,4623238,$321.36 ,$325.90 ,$320.47 
4/25/23,$322.55 ,5426642,$328.50 ,$328.66 ,$321.10 
4/24/23,$329.02 ,5586627,$330.20 ,$334.66 ,$326.75 
4/21/23,$327.98 ,6348000,$323.00 ,$328.29 ,$319.50 
4/20/23,$325.35 ,9947800,$320.39 ,$331.43 ,$318.33 
4/19/23,$323.12 ,22128270,$324.21 ,$325.75 ,$316.10 
4/18/23,$333.70 ,17944500,$335.00 ,$337.19 ,$330.50 
4/17/23,$332.72 ,6136047,$338.00 ,$338.39 ,$327.50 
4/14/23,$338.63 ,5350508,$342.94 ,$344.85 ,$336.41 
4/13/23,$346.19 ,7406437,$339.99 ,$346.43 ,$338.75 
4/12/23,$331.03 ,3965440,$340.81 ,$342.80 ,$330.04 
4/11/23,$338.21 ,4044778,$343.45 ,$347.14 ,$337.64 
4/10/23,$338.99 ,2657898,$335.27 ,$339.88 ,$333.36 
4/6/23,$339.33 ,4660542,$339.34 ,$340.48 ,$332.63 
4/5/23,$342.35 ,4205545,$345.30 ,$345.43 ,$336.25 
4/4/23,$346.75 ,3298072,$348.49 ,$349.80 ,$343.95 
4/3/23,$348.28 ,4413650,$341.83 ,$348.58 ,$340.40 
3/31/23,$345.48 ,5610161,$340.05 ,$345.84 ,$337.20 
3/30/23,$338.43 ,7131468,$340.27 ,$343.29 ,$335.30 
3/29/23,$332.03 ,6287336,$326.29 ,$332.85 ,$325.73 
3/28/23,$323.52 ,6489388,$326.06 ,$333.32 ,$321.28 
3/27/23,$327.66 ,8625763,$327.55 ,$336.44 ,$324.41 
3/24/23,$328.39 ,13004090,$320.63 ,$331.83 ,$320.63 
3/23/23,$320.37 ,15653350,$304.68 ,$322.78 ,$304.14 
3/22/23,$293.90 ,5808035,$306.31 ,$306.45 ,$293.54 
3/21/23,$305.79 ,4886279,$306.32 ,$307.92 ,$300.43 
3/20/23,$305.13 ,5113430,$299.79 ,$307.50 ,$296.00 
3/17/23,$303.50 ,6918777,$310.06 ,$310.76 ,$300.00 
3/16/23,$310.06 ,7912371,$304.75 ,$316.60 ,$301.71 
3/15/23,$303.79 ,9215340,$292.51 ,$306.31 ,$292.28 
3/14/23,$294.94 ,5956692,$295.97 ,$297.45 ,$290.31 
3/13/23,$293.51 ,6292385,$287.34 ,$299.24 ,$285.33 
3/10/23,$292.76 ,5759315,$297.91 ,$298.79 ,$289.00 
3/9/23,$297.78 ,7443350,$312.08 ,$312.51 ,$294.88 
3/8/23,$311.79 ,3479474,$309.29 ,$311.83 ,$305.75 
3/7/23,$308.47 ,4553082,$312.68 ,$314.30 ,$306.62 
3/6/23,$312.03 ,5660743,$317.00 ,$323.30 ,$311.84 
3/3/23,$315.18 ,5953319,$315.45 ,$317.49 ,$310.82 
3/2/23,$311.88 ,4921053,$310.96 ,$315.57 ,$310.38 
3/1/23,$313.48 ,4911311,$321.55 ,$326.60 ,$312.36 
2/28/23,$322.13 ,3676075,$323.70 ,$327.62 ,$321.17 
2/27/23,$323.03 ,6142580,$323.87 ,$330.00 ,$322.12 
2/24/23,$317.15 ,6830692,$319.30 ,$321.50 ,$314.52 
2/23/23,$323.65 ,13238670,$331.23 ,$331.28 ,$314.30 
2/22/23,$334.88 ,4546249,$337.50 ,$341.91 ,$332.82 
2/21/23,$337.50 ,5710292,$342.85 ,$344.13 ,$336.42 
2/17/23,$347.96 ,5294727,$347.91 ,$349.00 ,$342.44 
2/16/23,$350.71 ,5215726,$355.00 ,$361.50 ,$350.31 
2/15/23,$361.42 ,3969945,$356.63 ,$362.88 ,$354.24 
2/14/23,$359.96 ,4624758,$357.55 ,$363.75 ,$353.40 
2/13/23,$358.57 ,7134445,$349.50 ,$359.70 ,$344.25 
2/10/23,$347.36 ,7291096,$359.16 ,$362.14 ,$347.14 
2/9/23,$362.50 ,6901100,$372.41 ,$373.83 ,$361.74 
2/8/23,$366.83 ,6253179,$360.02 ,$368.19 ,$358.31 
2/7/23,$362.95 ,6289368,$358.51 ,$364.18 ,$354.18 
2/6/23,$361.48 ,4994942,$363.64 ,$368.45 ,$360.68 
2/3/23,$365.90 ,9402034,$359.08 ,$379.43 ,$359.00 
2/2/23,$366.89 ,7856952,$365.16 ,$368.32 ,$358.43 
2/1/23,$361.99 ,8005170,$353.86 ,$365.39 ,$349.91 
1/31/23,$353.86 ,5660738,$349.98 ,$355.95 ,$348.71 
1/30/23,$353.11 ,5127593,$358.44 ,$360.95 ,$352.86 
1/27/23,$360.77 ,6703548,$363.20 ,$365.92 ,$360.59 
1/26/23,$364.87 ,8256844,$368.77 ,$369.02 ,$361.70 
1/25/23,$367.96 ,7766907,$360.57 ,$368.90 ,$358.50 
1/24/23,$363.83 ,11796530,$357.53 ,$365.65 ,$355.14 
1/23/23,$357.42 ,15646850,$341.72 ,$362.25 ,$340.63 
1/20/23,$342.50 ,28430340,$336.79 ,$344.00 ,$332.63 
1/19/23,$315.78 ,18008200,$322.57 ,$324.89 ,$313.39 
1/18/23,$326.33 ,7814115,$326.75 ,$330.08 ,$321.25 
1/17/23,$326.22 ,9246987,$331.08 ,$332.50 ,$323.60 
1/13/23,$332.82 ,8286816,$329.97 ,$336.65 ,$328.89 
1/12/23,$330.13 ,10856250,$332.50 ,$332.95 ,$323.14 
1/11/23,$327.26 ,9579681,$326.50 ,$328.88 ,$321.35 
1/10/23,$327.54 ,13072290,$311.07 ,$329.35 ,$311.07 
1/9/23,$315.17 ,6766628,$316.83 ,$321.70 ,$313.22 
1/6/23,$315.55 ,8959839,$311.57 ,$316.77 ,$303.69 
1/5/23,$309.70 ,8328390,$307.00 ,$314.18 ,$304.55 
1/4/23,$309.41 ,9345054,$298.24 ,$311.14 ,$295.51 
1/3/23,$294.95 ,6763964,$298.06 ,$298.39 ,$288.70 
12/30/22,$294.88 ,7566892,$285.53 ,$295.01 ,$283.22 
12/29/22,$291.12 ,9588527,$283.18 ,$295.50 ,$281.01 
12/28/22,$276.88 ,5964369,$281.92 ,$285.19 ,$273.41 
12/27/22,$284.17 ,5778098,$293.19 ,$293.57 ,$282.13 
12/23/22,$294.97 ,4251108,$296.18 ,$298.46 ,$291.91 
12/22/22,$297.75 ,7856192,$298.09 ,$298.88 ,$290.81 
12/21/22,$297.96 ,6376173,$289.99 ,$300.66 ,$286.50 
12/20/22,$288.19 ,6918114,$281.24 ,$289.28 ,$280.81 
12/19/22,$288.30 ,6163667,$289.73 ,$292.25 ,$286.13 
12/16/22,$290.71 ,14080050,$288.76 ,$294.72 ,$288.70 
12/15/22,$290.41 ,17724560,$302.12 ,$303.39 ,$286.55 
12/14/22,$317.83 ,7543291,$318.97 ,$324.71 ,$314.42 
12/13/22,$320.34 ,10756430,$328.00 ,$332.72 ,$317.20 
12/12/22,$315.18 ,10148610,$320.00 ,$323.18 ,$308.85 
12/9/22,$320.01 ,14364030,$321.45 ,$329.00 ,$319.52 
12/8/22,$310.26 ,7205326,$309.11 ,$312.38 ,$304.81 
12/7/22,$308.42 ,7821634,$306.50 ,$309.61 ,$302.10 
12/6/22,$305.56 ,7195395,$311.00 ,$313.22 ,$303.13 
12/5/22,$312.59 ,8423029,$316.46 ,$322.77 ,$310.92 
12/2/22,$320.41 ,12690600,$310.49 ,$321.99 ,$310.00 
12/1/22,$316.95 ,14664870,$303.99 ,$319.80 ,$303.03 
11/30/22,$305.53 ,16070120,$281.37 ,$308.26 ,$280.41 
11/29/22,$280.96 ,5786874,$282.50 ,$282.96 ,$275.94 
11/28/22,$281.17 ,4707049,$284.00 ,$289.55 ,$280.53 
11/25/22,$285.54 ,3235953,$289.00 ,$289.21 ,$284.17 
11/23/22,$291.50 ,5918988,$285.91 ,$292.47 ,$283.76 
11/22/22,$286.69 ,6245119,$284.99 ,$286.98 ,$277.34 
11/21/22,$285.05 ,7256507,$291.00 ,$291.87 ,$282.66 
11/18/22,$287.98 ,8400108,$297.33 ,$298.00 ,$287.00 
11/17/22,$295.28 ,9838220,$294.72 ,$299.82 ,$291.00 
11/16/22,$306.02 ,8038556,$309.94 ,$310.49 ,$303.61 
11/15/22,$310.20 ,14626930,$309.20 ,$312.71 ,$302.55 
11/14/22,$299.27 ,17973400,$290.00 ,$311.00 ,$288.19 
11/11/22,$290.13 ,9573834,$274.47 ,$290.66 ,$271.56 
11/10/22,$274.97 ,9667323,$265.99 ,$275.36 ,$260.09 
11/9/22,$254.66 ,7265994,$259.66 ,$260.90 ,$254.22 
11/8/22,$263.46 ,7683826,$259.92 ,$266.08 ,$256.88 
11/7/22,$258.60 ,7927033,$261.06 ,$261.16 ,$252.09 
11/4/22,$260.79 ,11124690,$272.02 ,$274.97 ,$255.32 
11/3/22,$269.06 ,7057350,$271.25 ,$276.29 ,$268.80 
11/2/22,$273.00 ,10367620,$286.40 ,$287.33 ,$272.84 
11/1/22,$286.75 ,6916424,$296.17 ,$299.70 ,$286.42 
10/31/22,$291.88 ,7505133,$295.13 ,$297.62 ,$289.50 
10/28/22,$295.72 ,9960547,$297.70 ,$301.19 ,$292.29 
10/27/22,$296.94 ,14612590,$298.33 ,$305.21 ,$294.78 
10/26/22,$298.62 ,15749250,$290.04 ,$305.63 ,$288.04 
10/25/22,$291.02 ,15100720,$286.95 ,$297.59 ,$285.55 
10/24/22,$282.45 ,13326420,$290.23 ,$290.49 ,$280.36 
10/21/22,$289.57 ,24889060,$268.95 ,$290.75 ,$265.68 
10/20/22,$268.16 ,17207100,$272.78 ,$278.38 ,$266.38 
10/19/22,$272.38 ,46685260,$265.00 ,$279.30 ,$262.66 
10/18/22,$240.86 ,25776730,$249.80 ,$250.37 ,$237.73 
10/17/22,$245.10 ,21057820,$234.41 ,$249.92 ,$234.40 
10/14/22,$230.00 ,15293400,$237.80 ,$238.80 ,$229.51 
10/13/22,$232.51 ,17505010,$212.69 ,$234.47 ,$211.73 
10/12/22,$220.87 ,12952640,$214.30 ,$223.67 ,$212.64 
10/11/22,$214.29 ,15282410,$226.05 ,$230.44 ,$213.70 
10/10/22,$229.98 ,9991145,$225.64 ,$233.83 ,$224.23 
10/7/22,$224.75 ,9806128,$235.77 ,$237.33 ,$224.28 
10/6/22,$240.02 ,9188940,$236.68 ,$244.28 ,$233.91 
10/5/22,$236.73 ,10825630,$238.76 ,$241.59 ,$227.38 
10/4/22,$240.74 ,13925850,$244.84 ,$245.80 ,$233.25 
10/3/22,$239.04 ,8657443,$237.85 ,$241.54 ,$232.85 
9/30/22,$235.44 ,11848610,$237.00 ,$242.44 ,$233.26 
9/29/22,$239.71 ,18994940,$241.61 ,$246.98 ,$235.68 
9/28/22,$245.20 ,17579670,$229.69 ,$246.65 ,$227.38 
9/27/22,$224.36 ,7762223,$228.63 ,$230.64 ,$220.72 
9/26/22,$224.07 ,8234285,$225.60 ,$232.70 ,$223.01 
9/23/22,$226.41 ,11207230,$235.14 ,$236.45 ,$221.43 
9/22/22,$237.05 ,10017970,$235.35 ,$240.50 ,$231.66 
9/21/22,$236.87 ,9166772,$242.67 ,$248.30 ,$236.68 
9/20/22,$242.85 ,16037430,$240.37 ,$250.49 ,$239.66 
9/19/22,$243.63 ,17912370,$245.05 ,$245.25 ,$235.75 
9/16/22,$240.13 ,18914180,$231.22 ,$241.36 ,$227.83 
9/15/22,$235.38 ,19454120,$230.47 ,$242.29 ,$229.10 
9/14/22,$224.12 ,8230340,$219.82 ,$228.00 ,$215.80 
9/13/22,$218.13 ,8000128,$226.50 ,$227.69 ,$217.72 
9/12/22,$236.53 ,6047425,$233.61 ,$239.49 ,$233.37 
9/9/22,$233.57 ,6702060,$229.62 ,$234.78 ,$229.62 
9/8/22,$227.44 ,6737436,$224.16 ,$228.74 ,$221.30 
9/7/22,$228.96 ,8149329,$220.21 ,$229.33 ,$218.27 
9/6/22,$218.39 ,7469016,$225.59 ,$226.85 ,$214.69 
9/2/22,$226.11 ,8164883,$231.03 ,$233.88 ,$225.04 
9/1/22,$230.04 ,7292917,$220.72 ,$230.37 ,$219.47 
8/31/22,$223.56 ,8615906,$227.00 ,$233.88 ,$223.43 
8/30/22,$220.65 ,5740434,$226.66 ,$229.79 ,$218.74 
8/29/22,$224.57 ,7109397,$221.93 ,$229.87 ,$221.52 
8/26/22,$223.28 ,5349848,$233.63 ,$236.95 ,$223.15 
8/25/22,$233.98 ,3766867,$230.24 ,$234.16 ,$229.00 
8/24/22,$229.61 ,5426316,$225.66 ,$234.10 ,$223.94 
8/23/22,$224.55 ,5276945,$226.46 ,$229.90 ,$224.30 
8/22/22,$226.54 ,8630094,$232.55 ,$233.48 ,$224.59 
8/19/22,$241.16 ,7504707,$240.95 ,$243.29 ,$235.68 
8/18/22,$245.17 ,5280387,$241.96 ,$246.48 ,$239.28 
8/17/22,$241.15 ,5627224,$241.18 ,$244.24 ,$237.56 
8/16/22,$245.69 ,5136806,$247.16 ,$249.29 ,$244.03 
8/15/22,$249.11 ,6527391,$248.11 ,$251.99 ,$247.51 
8/12/22,$249.30 ,6098531,$244.81 ,$249.41 ,$243.76 
8/11/22,$242.70 ,8780062,$244.68 ,$251.62 ,$241.51 
8/10/22,$244.11 ,9254760,$236.99 ,$244.54 ,$236.60 
8/9/22,$229.94 ,6181194,$231.62 ,$232.20 ,$224.65 
8/8/22,$233.49 ,10997410,$227.49 ,$241.96 ,$226.41 
8/5/22,$226.78 ,5539733,$225.30 ,$228.62 ,$222.87 
8/4/22,$229.91 ,7142741,$227.68 ,$232.07 ,$225.05 
8/3/22,$226.73 ,6400701,$224.79 ,$228.10 ,$222.42 
8/2/22,$221.42 ,6361327,$222.76 ,$228.20 ,$220.88 
8/1/22,$226.21 ,5525044,$223.10 ,$228.39 ,$221.00 
7/29/22,$224.90 ,9064937,$223.29 ,$230.75 ,$222.40 
7/28/22,$226.02 ,8972738,$224.60 ,$228.10 ,$219.67 
7/27/22,$226.75 ,10508390,$216.48 ,$227.78 ,$214.58 
7/26/22,$213.91 ,9508532,$216.66 ,$219.39 ,$211.64 
7/25/22,$218.51 ,10935250,$221.31 ,$225.23 ,$216.35 
7/22/22,$220.44 ,17805450,$222.38 ,$229.35 ,$218.44 
7/21/22,$223.88 ,23430120,$214.30 ,$224.32 ,$211.50 
7/20/22,$216.44 ,53920270,$208.17 ,$216.97 ,$200.10 
7/19/22,$201.63 ,28178720,$193.02 ,$201.97 ,$188.40 
7/18/22,$190.92 ,16322850,$192.50 ,$199.67 ,$189.80 
7/15/22,$189.11 ,16319120,$175.58 ,$189.22 ,$174.56 
7/14/22,$174.78 ,9039457,$175.56 ,$177.52 ,$171.82 
7/13/22,$176.56 ,12734420,$170.50 ,$179.18 ,$169.70 
7/12/22,$174.45 ,6845264,$177.33 ,$179.78 ,$173.42 
7/11/22,$177.34 ,6048447,$184.73 ,$184.99 ,$176.89 
7/8/22,$186.98 ,5835680,$186.02 ,$189.91 ,$182.75 
7/7/22,$189.27 ,6334545,$184.27 ,$190.21 ,$183.50 
7/6/22,$184.06 ,5753385,$185.20 ,$186.22 ,$180.82 
7/5/22,$185.88 ,7339023,$176.28 ,$185.92 ,$172.68 
7/1/22,$179.95 ,5201583,$176.49 ,$180.10 ,$174.27 
6/30/22,$174.87 ,7894710,$177.07 ,$179.45 ,$170.30 
6/29/22,$178.36 ,5766847,$179.55 ,$180.67 ,$175.10 
6/28/22,$179.60 ,7201897,$189.20 ,$192.20 ,$179.37 
6/27/22,$189.14 ,8363879,$191.77 ,$191.78 ,$182.39 
6/24/22,$190.85 ,12423970,$183.50 ,$191.19 ,$181.84 
6/23/22,$181.71 ,9538226,$180.50 ,$182.76 ,$175.87 
6/22/22,$178.89 ,12010620,$170.75 ,$182.82 ,$170.20 
6/21/22,$170.91 ,12177590,$177.60 ,$178.62 ,$169.80 
6/17/22,$175.51 ,12133370,$173.63 ,$179.65 ,$173.34 
6/16/22,$173.35 ,8201306,$174.00 ,$176.27 ,$171.56 
6/15/22,$180.11 ,12396040,$169.26 ,$183.85 ,$168.53 
6/14/22,$167.54 ,11555320,$169.75 ,$172.06 ,$164.28 
6/13/22,$169.69 ,10222410,$177.07 ,$179.09 ,$168.96 
6/10/22,$182.94 ,13074280,$182.64 ,$185.86 ,$180.85 
6/9/22,$192.77 ,6948967,$200.65 ,$201.69 ,$192.54 
6/8/22,$202.83 ,7244121,$197.95 ,$207.38 ,$197.64 
6/7/22,$198.61 ,4839491,$194.87 ,$199.60 ,$193.00 
6/6/22,$197.14 ,5372043,$202.09 ,$203.87 ,$195.38 
6/3/22,$198.98 ,7191775,$200.14 ,$202.95 ,$198.05 
6/2/22,$205.09 ,9623121,$192.02 ,$205.47 ,$191.72 
6/1/22,$192.91 ,8416151,$198.70 ,$202.74 ,$191.66 
5/31/22,$197.44 ,11398460,$196.18 ,$199.95 ,$190.80 
5/27/22,$195.19 ,8585987,$193.19 ,$195.25 ,$190.37 
5/26/22,$191.40 ,8049933,$186.49 ,$192.34 ,$183.09 
5/25/22,$187.83 ,8522092,$180.28 ,$188.87 ,$180.17 
5/24/22,$180.34 ,7706372,$182.00 ,$184.00 ,$177.17 
5/23/22,$187.44 ,9602027,$186.15 ,$187.66 ,$177.89 
5/20/22,$186.35 ,10429400,$185.87 ,$190.19 ,$179.77 
5/19/22,$183.48 ,10448510,$178.05 ,$186.30 ,$175.71 
5/18/22,$177.19 ,9665632,$186.72 ,$187.70 ,$176.27 
5/17/22,$190.56 ,9876685,$189.17 ,$191.40 ,$185.17 
5/16/22,$186.51 ,16145010,$193.30 ,$195.89 ,$185.70 
5/13/22,$187.64 ,13136330,$177.16 ,$187.77 ,$176.01 
5/12/22,$174.31 ,17662120,$163.96 ,$177.58 ,$162.71 
5/11/22,$166.37 ,12665520,$176.09 ,$180.92 ,$165.55 
5/10/22,$177.66 ,13883910,$176.01 ,$181.87 ,$170.57 
5/9/22,$173.10 ,14031330,$177.66 ,$183.20 ,$172.30 
5/6/22,$180.97 ,17185480,$186.75 ,$187.21 ,$175.81 
5/5/22,$188.32 ,13971330,$200.45 ,$200.71 ,$186.00 
5/4/22,$204.01 ,12218780,$197.65 ,$204.38 ,$191.01 
5/3/22,$199.87 ,11839430,$198.29 ,$203.20 ,$194.77 
5/2/22,$199.46 ,14591600,$191.71 ,$200.21 ,$190.01 
4/29/22,$190.36 ,16391890,$198.68 ,$204.71 ,$190.00 
4/28/22,$199.52 ,21363160,$191.56 ,$201.48 ,$185.60 
4/27/22,$188.54 ,22298390,$194.01 ,$200.19 ,$187.77 
4/26/22,$198.40 ,20318090,$208.80 ,$209.15 ,$198.28 
4/25/22,$209.91 ,28152050,$213.81 ,$216.66 ,$204.51 
4/22/22,$215.52 ,37515130,$220.18 ,$226.27 ,$210.05 
4/21/22,$218.22 ,53501600,$220.00 ,$227.68 ,$211.52 
4/20/22,$226.19 ,133387500,$245.20 ,$248.70 ,$212.51 
4/19/22,$348.61 ,20906890,$333.22 ,$351.68 ,$333.22 
4/18/22,$337.86 ,5105041,$340.00 ,$342.36 ,$331.62 
4/14/22,$341.13 ,4343837,$350.95 ,$352.00 ,$339.86 
4/13/22,$350.43 ,3230950,$343.92 ,$352.00 ,$341.16 
4/12/22,$344.10 ,3824261,$355.91 ,$359.41 ,$342.25 
4/11/22,$348.00 ,3777096,$350.00 ,$354.78 ,$345.20 
4/8/22,$355.88 ,4025183,$361.96 ,$362.50 ,$354.87 
4/7/22,$362.15 ,4948909,$365.00 ,$368.54 ,$353.69 
4/6/22,$368.35 ,4354885,$374.15 ,$376.47 ,$362.73 
4/5/22,$380.15 ,4234508,$389.30 ,$390.00 ,$377.31 
4/4/22,$391.50 ,7009235,$373.55 ,$396.02 ,$373.13 
4/1/22,$373.47 ,4644237,$376.80 ,$380.87 ,$368.50 
3/31/22,$374.59 ,4134720,$383.59 ,$384.00 ,$373.61 
3/30/22,$381.47 ,4023301,$389.55 ,$392.70 ,$378.63 
3/29/22,$391.82 ,5880723,$384.39 ,$396.50 ,$380.33 
3/28/22,$378.51 ,4323435,$375.23 ,$380.28 ,$366.73 
3/25/22,$373.85 ,3575953,$377.07 ,$377.64 ,$366.43 
3/24/22,$375.71 ,3888461,$379.76 ,$379.76 ,$368.90 
3/23/22,$374.49 ,3728954,$379.77 ,$382.46 ,$374.49 
3/22/22,$382.92 ,4242762,$371.14 ,$386.66 ,$366.76 
3/21/22,$374.59 ,4866463,$378.02 ,$381.82 ,$368.94 
3/18/22,$380.60 ,8324825,$372.00 ,$381.80 ,$368.47 
3/17/22,$371.40 ,5818348,$359.70 ,$373.31 ,$354.88 
3/16/22,$357.53 ,6982469,$348.20 ,$359.99 ,$343.06 
3/15/22,$343.75 ,5460640,$335.10 ,$345.36 ,$332.36 
3/14/22,$331.01 ,5907817,$338.72 ,$341.32 ,$329.82 
3/11/22,$340.32 ,4819925,$361.19 ,$363.36 ,$340.00 
3/10/22,$356.77 ,4807767,$356.20 ,$367.02 ,$353.30 
3/9/22,$358.79 ,6520186,$357.69 ,$364.14 ,$350.51 
3/8/22,$341.76 ,6428655,$349.80 ,$358.86 ,$340.67 
3/7/22,$350.26 ,5708383,$360.41 ,$362.00 ,$350.20 
3/4/22,$361.73 ,5329180,$368.00 ,$374.82 ,$357.17 
3/3/22,$368.07 ,6076836,$386.00 ,$386.12 ,$364.65 
3/2/22,$380.03 ,5356809,$388.93 ,$389.22 ,$375.21 
3/1/22,$386.24 ,3290439,$391.60 ,$395.00 ,$383.71 
2/28/22,$394.52 ,5035046,$387.33 ,$397.75 ,$382.13 
2/25/22,$390.80 ,4841636,$386.61 ,$391.29 ,$375.58 
2/24/22,$390.03 ,7068724,$355.09 ,$390.73 ,$354.72 
2/23/22,$367.46 ,4614290,$382.72 ,$386.00 ,$366.66 
2/22/22,$377.38 ,6697515,$388.95 ,$392.42 ,$373.02 
2/18/22,$391.29 ,6801668,$392.53 ,$402.87 ,$389.05 
2/17/22,$386.67 ,4669222,$394.24 ,$399.11 ,$385.70 
2/16/22,$398.08 ,5277650,$401.53 ,$401.56 ,$390.38 
2/15/22,$407.46 ,5395641,$403.79 ,$409.16 ,$401.01 
2/14/22,$396.57 ,7202155,$387.59 ,$409.36 ,$386.89 
2/11/22,$391.31 ,7558939,$405.33 ,$411.61 ,$387.65 
2/10/22,$406.27 ,8452915,$402.10 ,$408.00 ,$396.36 
2/9/22,$412.89 ,7738227,$408.65 ,$412.98 ,$398.79 
2/8/22,$403.53 ,6818543,$398.18 ,$406.61 ,$395.83 
2/7/22,$402.10 ,8232859,$410.17 ,$412.35 ,$393.55 
2/4/22,$410.17 ,7789798,$407.31 ,$412.77 ,$396.64 
2/3/22,$405.60 ,9905210,$421.44 ,$429.26 ,$404.28 
2/2/22,$429.48 ,14346010,$448.25 ,$451.98 ,$426.48 
2/1/22,$457.13 ,22568100,$432.96 ,$458.48 ,$425.54 
1/31/22,$427.14 ,20047450,$401.97 ,$427.70 ,$398.20 
1/28/22,$384.36 ,11966610,$386.76 ,$387.00 ,$372.08 
1/27/22,$386.70 ,24324750,$382.06 ,$394.80 ,$378.10 
1/26/22,$359.70 ,12683980,$378.27 ,$382.66 ,$356.62 
1/25/22,$366.42 ,15145820,$379.14 ,$387.71 ,$365.13 
1/24/22,$387.15 ,32386780,$383.91 ,$387.26 ,$351.46 
1/21/22,$397.50 ,58904270,$400.43 ,$409.15 ,$379.99 
1/20/22,$508.25 ,12658990,$517.75 ,$526.64 ,$506.93 
1/19/22,$515.86 ,4353508,$515.00 ,$523.21 ,$510.51 
1/18/22,$510.80 ,4844418,$520.08 ,$521.75 ,$508.68 
1/14/22,$525.69 ,7861109,$517.60 ,$538.37 ,$511.88 
1/13/22,$519.20 ,4475063,$537.06 ,$540.79 ,$518.26 
1/12/22,$537.22 ,3787372,$544.27 ,$544.27 ,$532.02 
1/11/22,$540.84 ,3077836,$536.99 ,$543.91 ,$530.07 
1/10/22,$539.85 ,4486145,$538.49 ,$543.69 ,$526.32 
1/7/22,$541.06 ,3382873,$549.46 ,$553.43 ,$538.22 
1/6/22,$553.29 ,5711795,$554.34 ,$563.36 ,$542.01 
1/5/22,$567.52 ,4148749,$592.00 ,$592.84 ,$566.88 
1/4/22,$591.15 ,4393135,$599.91 ,$600.41 ,$581.60 
1/3/22,$597.37 ,3068808,$605.61 ,$609.99 ,$590.56 
12/31/21,$602.44 ,1995918,$610.01 ,$614.08 ,$602.05 
12/30/21,$612.09 ,1625093,$612.99 ,$620.61 ,$611.24 
12/29/21,$610.54 ,1287513,$610.71 ,$613.98 ,$604.68 
12/28/21,$610.71 ,1884116,$614.95 ,$618.41 ,$609.69 
12/27/21,$613.12 ,2062233,$615.00 ,$615.00 ,$609.25 
12/23/21,$614.09 ,1621146,$616.40 ,$616.88 ,$607.57 
12/22/21,$614.24 ,2335745,$603.36 ,$614.82 ,$602.63 
12/21/21,$604.92 ,2319390,$597.54 ,$607.82 ,$593.86 
12/20/21,$593.74 ,3358404,$586.43 ,$602.88 ,$584.26 
12/17/21,$586.73 ,4433706,$591.61 ,$593.25 ,$581.74 
12/16/21,$591.06 ,3143217,$597.09 ,$602.83 ,$588.00 
12/15/21,$605.04 ,2866196,$598.18 ,$605.69 ,$584.51 
12/14/21,$597.99 ,2984536,$598.71 ,$602.29 ,$588.13 
12/13/21,$604.56 ,2517915,$612.00 ,$612.64 ,$599.52 
12/10/21,$611.66 ,2748774,$616.78 ,$617.74 ,$605.88 
12/9/21,$611.00 ,2376321,$627.58 ,$630.24 ,$610.44 
12/8/21,$628.08 ,2220308,$630.00 ,$632.46 ,$623.20 
12/7/21,$625.58 ,3125190,$619.83 ,$628.89 ,$611.40 
12/6/21,$612.69 ,3075672,$606.01 ,$617.29 ,$601.00 
12/3/21,$602.13 ,4829282,$622.75 ,$625.50 ,$594.00 
12/2/21,$616.47 ,3331131,$617.10 ,$625.36 ,$612.88 
12/1/21,$617.77 ,3897019,$649.48 ,$654.52 ,$617.07 
11/30/21,$641.90 ,5608919,$668.20 ,$675.38 ,$640.01 
11/29/21,$663.84 ,2529364,$663.20 ,$667.99 ,$658.29 
11/26/21,$665.64 ,2872513,$675.00 ,$676.41 ,$660.67 
11/24/21,$658.29 ,1867282,$658.01 ,$661.44 ,$651.10 
11/23/21,$654.06 ,2320917,$658.18 ,$666.43 ,$646.05 
11/22/21,$659.20 ,2765318,$676.02 ,$679.48 ,$656.47 
11/19/21,$678.80 ,2614852,$692.35 ,$694.16 ,$675.00 
11/18/21,$682.02 ,2014992,$691.61 ,$691.74 ,$679.74 
11/17/21,$691.69 ,2732831,$690.00 ,$700.99 ,$686.09 
11/16/21,$687.40 ,2077387,$678.27 ,$688.36 ,$676.90 
11/15/21,$679.33 ,2872186,$681.24 ,$685.26 ,$671.49 
11/12/21,$682.61 ,4198410,$660.01 ,$683.34 ,$653.82 
11/11/21,$657.58 ,2868311,$650.24 ,$665.82 ,$649.71 
11/10/21,$646.91 ,2405785,$653.01 ,$660.33 ,$642.11 
11/9/21,$655.99 ,2415630,$653.70 ,$660.50 ,$650.52 
11/8/21,$651.45 ,2887523,$650.29 ,$656.00 ,$643.79 
11/5/21,$645.72 ,5283488,$663.97 ,$665.64 ,$645.01 
11/4/21,$668.40 ,4865023,$685.89 ,$685.94 ,$665.50 
11/3/21,$688.29 ,2334852,$677.27 ,$689.39 ,$677.27 
11/2/21,$677.72 ,3888597,$683.11 ,$687.68 ,$673.82 
11/1/21,$681.17 ,3110911,$689.06 ,$689.97 ,$676.54 
10/29/21,$690.31 ,3825279,$673.06 ,$690.97 ,$671.24 
10/28/21,$674.05 ,2859409,$670.95 ,$676.80 ,$668.03 
10/27/21,$662.92 ,2276914,$669.00 ,$671.41 ,$661.85 
10/26/21,$668.52 ,2904840,$673.76 ,$676.49 ,$662.77 
10/25/21,$671.66 ,3833526,$663.74 ,$675.88 ,$657.07 
10/22/21,$664.78 ,6186016,$651.81 ,$665.46 ,$651.81 
10/21/21,$653.16 ,8437070,$628.89 ,$654.01 ,$628.65 
10/20/21,$625.14 ,10622000,$625.57 ,$637.40 ,$617.15 
10/19/21,$639.00 ,7633147,$636.97 ,$641.00 ,$632.30 
10/18/21,$637.97 ,4669071,$632.10 ,$638.41 ,$620.59 
10/15/21,$628.29 ,4116874,$638.00 ,$639.42 ,$625.16 
10/14/21,$633.80 ,2672535,$632.23 ,$636.88 ,$626.79 
10/13/21,$629.76 ,2424638,$632.18 ,$632.18 ,$622.10 
10/12/21,$624.94 ,3227349,$633.02 ,$637.66 ,$621.99 
10/11/21,$627.04 ,2862470,$633.20 ,$639.42 ,$626.78 
10/8/21,$632.66 ,3272093,$634.17 ,$643.80 ,$630.86 
10/7/21,$631.85 ,3556886,$642.23 ,$646.84 ,$630.45 
10/6/21,$639.10 ,4580434,$628.18 ,$639.87 ,$626.36 
10/5/21,$634.81 ,9534293,$606.94 ,$640.39 ,$606.89 
10/4/21,$603.35 ,4995932,$613.39 ,$626.13 ,$594.68 
10/1/21,$613.15 ,4090847,$604.24 ,$614.99 ,$597.51 
9/30/21,$610.34 ,6616040,$608.05 ,$619.00 ,$608.05 
9/29/21,$599.06 ,6221026,$589.01 ,$609.88 ,$588.01 
9/28/21,$583.85 ,4431051,$589.00 ,$599.54 ,$580.16 
9/27/21,$592.64 ,2504738,$587.95 ,$593.58 ,$576.93 
9/24/21,$592.39 ,2126246,$592.50 ,$592.98 ,$583.64 
9/23/21,$593.26 ,2526161,$590.79 ,$599.32 ,$589.13 
9/22/21,$590.65 ,4021845,$579.69 ,$595.65 ,$579.69 
9/21/21,$573.14 ,2250884,$578.31 ,$581.88 ,$569.37 
9/20/21,$575.43 ,3732227,$586.79 ,$591.53 ,$568.08 
9/17/21,$589.35 ,4145145,$587.85 ,$590.28 ,$580.85 
9/16/21,$586.50 ,1832028,$584.30 ,$587.48 ,$577.72 
9/15/21,$582.87 ,2755615,$578.17 ,$584.62 ,$575.37 
9/14/21,$577.76 ,3456958,$584.89 ,$587.28 ,$575.56 
9/13/21,$589.29 ,3062871,$598.57 ,$598.57 ,$582.78 
9/10/21,$598.72 ,3950764,$598.16 ,$609.45 ,$593.67 
9/9/21,$597.54 ,2954214,$606.47 ,$609.44 ,$596.55 
9/8/21,$606.05 ,5424503,$603.84 ,$615.60 ,$595.71 
9/7/21,$606.71 ,5830979,$594.69 ,$613.85 ,$593.99 
9/3/21,$590.53 ,2684005,$585.80 ,$591.88 ,$583.14 
9/2/21,$588.55 ,6184782,$583.68 ,$598.76 ,$583.68 
9/1/21,$582.07 ,5626214,$569.00 ,$591.00 ,$569.00 
8/31/21,$569.19 ,2431886,$566.12 ,$569.48 ,$561.61 
8/30/21,$566.18 ,2434839,$557.25 ,$567.16 ,$556.45 
8/27/21,$558.92 ,3252595,$551.60 ,$564.17 ,$549.25 
8/26/21,$550.12 ,1595499,$546.16 ,$552.60 ,$545.90 
8/25/21,$547.58 ,2065621,$550.16 ,$552.84 ,$545.45 
8/24/21,$553.41 ,2109525,$551.48 ,$555.31 ,$549.27 
8/23/21,$553.33 ,2602010,$545.98 ,$555.55 ,$543.74 
8/20/21,$546.88 ,3776429,$545.09 ,$551.39 ,$539.10 
8/19/21,$543.71 ,7497292,$522.74 ,$548.39 ,$521.87 
8/18/21,$521.87 ,2582046,$520.00 ,$526.38 ,$518.65 
8/17/21,$518.91 ,2309803,$515.47 ,$520.79 ,$514.20 
8/16/21,$517.92 ,2033176,$515.24 ,$523.38 ,$512.30 
8/13/21,$515.92 ,2177736,$512.64 ,$521.44 ,$511.51 
8/12/21,$510.72 ,1686170,$511.86 ,$513.00 ,$507.20 
8/11/21,$512.40 ,1673904,$517.00 ,$519.57 ,$509.77 
8/10/21,$515.84 ,1960544,$520.00 ,$520.79 ,$512.97 
8/9/21,$519.97 ,1367782,$521.15 ,$522.67 ,$517.99 
8/6/21,$520.55 ,1919798,$524.00 ,$526.84 ,$519.39 
8/5/21,$524.89 ,2556687,$517.13 ,$525.41 ,$514.02 
8/4/21,$517.35 ,2039374,$513.00 ,$517.98 ,$510.37 
8/3/21,$510.82 ,2579427,$514.39 ,$515.63 ,$505.37 
8/2/21,$515.15 ,2096632,$519.00 ,$519.85 ,$510.51 
7/30/21,$517.57 ,2537107,$512.69 ,$519.79 ,$510.96 
7/29/21,$514.25 ,1736014,$519.96 ,$520.78 ,$513.79 
7/28/21,$519.30 ,2390466,$521.82 ,$524.47 ,$516.98 
7/27/21,$518.91 ,2759037,$518.08 ,$521.95 ,$512.05 
7/26/21,$516.49 ,2254538,$514.38 ,$521.13 ,$509.01 
7/23/21,$515.41 ,3820478,$512.16 ,$517.41 ,$504.66 
7/22/21,$511.77 ,4328061,$510.21 ,$513.68 ,$507.00 
7/21/21,$513.63 ,11906790,$526.13 ,$530.99 ,$505.61 
7/20/21,$531.05 ,6930440,$526.07 ,$536.64 ,$520.30 
7/19/21,$532.28 ,3885764,$526.05 ,$534.91 ,$522.24 
7/16/21,$530.31 ,3442101,$541.81 ,$544.06 ,$527.05 
7/15/21,$542.95 ,5713873,$553.97 ,$557.54 ,$538.20 
7/14/21,$547.95 ,4659535,$541.01 ,$554.10 ,$541.01 
7/13/21,$540.68 ,2751593,$535.76 ,$545.33 ,$535.76 
7/12/21,$537.31 ,1780738,$540.30 ,$540.65 ,$532.92 
7/9/21,$535.98 ,2777231,$531.00 ,$538.26 ,$528.58 
7/8/21,$530.76 ,3268988,$530.93 ,$535.50 ,$529.09 
7/7/21,$535.96 ,2722498,$544.24 ,$544.64 ,$531.66 
7/6/21,$541.64 ,2775051,$533.00 ,$542.86 ,$533.00 
7/2/21,$533.98 ,1980316,$535.50 ,$538.54 ,$529.39 
7/1/21,$533.54 ,2805402,$525.72 ,$537.04 ,$525.72 
6/30/21,$528.21 ,2773445,$534.06 ,$534.38 ,$526.82 
6/29/21,$533.50 ,2314647,$533.55 ,$536.13 ,$528.57 
6/28/21,$533.03 ,2820227,$528.12 ,$533.94 ,$524.56 
6/25/21,$527.07 ,5299072,$528.84 ,$533.06 ,$525.00 
6/24/21,$518.06 ,3361202,$517.96 ,$520.96 ,$514.40 
6/23/21,$512.74 ,3944782,$508.48 ,$516.63 ,$508.20 
6/22/21,$508.82 ,5809271,$498.54 ,$513.55 ,$495.80 
6/21/21,$497.00 ,5277297,$501.64 ,$502.05 ,$492.28 
6/18/21,$500.77 ,5197576,$496.40 ,$504.49 ,$495.24 
6/17/21,$498.34 ,3198273,$490.25 ,$501.80 ,$490.15 
6/16/21,$492.41 ,3533206,$495.00 ,$496.46 ,$486.28 
6/15/21,$491.90 ,3104073,$501.23 ,$501.23 ,$490.40 
6/14/21,$499.89 ,4400222,$489.68 ,$503.50 ,$486.91 
6/11/21,$488.77 ,3123969,$490.00 ,$491.41 ,$487.78 
6/10/21,$487.27 ,4382928,$487.17 ,$490.21 ,$482.14 
6/9/21,$485.81 ,3055029,$494.50 ,$496.09 ,$484.65 
6/8/21,$492.39 ,2374037,$497.00 ,$498.82 ,$489.37 
6/7/21,$494.66 ,2791932,$492.92 ,$496.70 ,$490.55 
6/4/21,$494.74 ,3160487,$492.00 ,$501.86 ,$490.95 
6/3/21,$489.43 ,3887445,$495.19 ,$496.66 ,$487.25 
6/2/21,$499.24 ,2268979,$499.82 ,$503.22 ,$495.82 
6/1/21,$499.08 ,2482555,$504.01 ,$505.41 ,$497.74 
5/28/21,$502.81 ,2911297,$504.40 ,$511.76 ,$502.53 
5/27/21,$503.86 ,3253773,$501.80 ,$505.10 ,$498.54 
5/26/21,$502.36 ,2465303,$502.34 ,$504.14 ,$500.50 
5/25/21,$501.34 ,2699459,$506.00 ,$506.37 ,$499.22 
5/24/21,$502.90 ,2412595,$501.05 ,$504.25 ,$499.51 
5/21/21,$497.89 ,3322925,$503.12 ,$505.40 ,$497.26 
5/20/21,$501.67 ,3721218,$489.55 ,$502.70 ,$488.98 
5/19/21,$487.70 ,3349930,$481.63 ,$488.57 ,$478.54 
5/18/21,$486.28 ,2350496,$488.40 ,$493.48 ,$486.19 
5/17/21,$488.94 ,2701057,$485.59 ,$492.71 ,$482.81 
5/14/21,$493.37 ,2882464,$487.86 ,$494.85 ,$486.59 
5/13/21,$486.66 ,2716561,$489.13 ,$490.78 ,$482.71 
5/12/21,$484.98 ,4121540,$486.83 ,$493.54 ,$482.70 
5/11/21,$495.08 ,4401000,$479.75 ,$497.99 ,$478.63 
5/10/21,$486.69 ,5131632,$502.00 ,$503.15 ,$486.11 
5/7/21,$503.84 ,3132786,$504.62 ,$508.55 ,$501.12 
5/6/21,$499.55 ,3783698,$495.99 ,$499.55 ,$491.37 
5/5/21,$496.08 ,3129366,$504.99 ,$507.78 ,$494.63 
5/4/21,$503.18 ,4349502,$510.78 ,$511.63 ,$496.79 
5/3/21,$509.11 ,4091895,$512.65 ,$518.95 ,$505.20 
4/30/21,$513.47 ,4413242,$505.00 ,$514.55 ,$505.00 
4/29/21,$509.00 ,5127792,$507.60 ,$509.29 ,$499.00 
4/28/21,$506.52 ,3192983,$505.20 ,$508.40 ,$503.34 
4/27/21,$505.55 ,3761327,$512.62 ,$512.99 ,$504.58 
4/26/21,$510.30 ,4388839,$506.76 ,$510.48 ,$503.00 
4/23/21,$505.55 ,7314659,$509.01 ,$509.70 ,$500.70 
4/22/21,$508.78 ,9061062,$513.82 ,$513.96 ,$500.55 
4/21/21,$508.90 ,22897450,$508.00 ,$515.46 ,$503.60 
4/20/21,$549.57 ,11257650,$554.42 ,$563.56 ,$546.30 
4/19/21,$554.44 ,4288715,$546.90 ,$556.44 ,$545.53 
4/16/21,$546.54 ,3209075,$550.54 ,$551.98 ,$539.51 
4/15/21,$549.22 ,3139050,$544.17 ,$553.49 ,$542.66 
4/14/21,$540.02 ,3740294,$554.87 ,$554.87 ,$538.53 
4/13/21,$553.73 ,2720344,$557.00 ,$559.75 ,$550.30 
4/12/21,$552.78 ,2944060,$551.05 ,$557.98 ,$549.58 
4/9/21,$555.31 ,2894034,$552.69 ,$556.90 ,$547.11 
4/8/21,$554.58 ,4309829,$551.13 ,$556.90 ,$547.57 
4/7/21,$546.99 ,2151319,$543.50 ,$549.64 ,$541.45 
4/6/21,$544.53 ,3474205,$544.81 ,$554.17 ,$543.30 
4/5/21,$540.67 ,3355904,$540.01 ,$542.85 ,$529.23 
4/1/21,$539.42 ,3938637,$529.93 ,$540.50 ,$527.03 
3/31/21,$521.66 ,3503111,$515.68 ,$528.13 ,$515.44 
3/30/21,$513.39 ,2418129,$510.51 ,$514.41 ,$506.91 
3/29/21,$513.95 ,3330049,$505.66 ,$518.00 ,$504.40 
3/26/21,$508.05 ,3467797,$502.82 ,$508.72 ,$496.68 
3/25/21,$502.86 ,4926764,$516.99 ,$518.53 ,$497.00 
3/24/21,$520.81 ,4102211,$533.78 ,$534.42 ,$520.00 
3/23/21,$535.09 ,5583461,$529.87 ,$543.12 ,$529.40 
3/22/21,$523.11 ,3360587,$509.13 ,$529.31 ,$509.13 
3/19/21,$512.18 ,4386360,$504.96 ,$513.19 ,$501.63 
3/18/21,$504.79 ,4096606,$516.40 ,$517.90 ,$503.85 
3/17/21,$524.44 ,2817376,$522.00 ,$528.37 ,$514.30 
3/16/21,$524.03 ,3238888,$524.47 ,$533.42 ,$523.21 
3/15/21,$520.25 ,3485519,$516.32 ,$520.73 ,$508.03 
3/12/21,$518.02 ,3981743,$512.50 ,$526.51 ,$506.59 
3/11/21,$523.06 ,4714469,$512.21 ,$530.24 ,$510.71 
3/10/21,$504.54 ,3771484,$513.50 ,$518.97 ,$504.25 
3/9/21,$506.44 ,3470042,$507.31 ,$513.11 ,$503.82 
3/8/21,$493.33 ,3981758,$514.46 ,$518.84 ,$492.85 
3/5/21,$516.39 ,5069973,$511.98 ,$517.76 ,$498.79 
3/4/21,$511.29 ,5034792,$521.50 ,$531.50 ,$507.68 
3/3/21,$520.70 ,5362443,$545.93 ,$548.01 ,$517.81 
3/2/21,$547.82 ,3042226,$553.34 ,$556.99 ,$546.02 
3/1/21,$550.64 ,3042180,$545.57 ,$552.14 ,$542.00 
2/26/21,$538.85 ,3755574,$546.51 ,$553.09 ,$538.00 
2/25/21,$546.70 ,4252879,$550.27 ,$556.48 ,$535.75 
2/24/21,$553.41 ,3245038,$539.80 ,$556.85 ,$539.07 
2/23/21,$546.15 ,4136532,$525.00 ,$548.54 ,$518.28 
2/22/21,$533.78 ,3078594,$534.99 ,$541.79 ,$530.79 
2/19/21,$540.22 ,2841457,$548.00 ,$548.99 ,$538.81 
2/18/21,$548.22 ,2457604,$549.00 ,$550.00 ,$538.23 
2/17/21,$551.34 ,2071590,$550.99 ,$555.25 ,$543.03 
2/16/21,$557.28 ,2624097,$557.29 ,$563.63 ,$552.73 
2/12/21,$556.52 ,2197128,$556.94 ,$561.25 ,$550.85 
2/11/21,$557.59 ,2730587,$564.44 ,$565.93 ,$554.22 
2/10/21,$563.59 ,3991264,$562.50 ,$566.65 ,$553.46 
2/9/21,$559.07 ,3703499,$546.00 ,$566.00 ,$543.00 
2/8/21,$547.92 ,2791721,$555.00 ,$555.00 ,$543.70 
2/5/21,$550.79 ,2376175,$552.26 ,$554.44 ,$545.48 
2/4/21,$552.16 ,5164537,$539.81 ,$559.48 ,$537.51 
2/3/21,$539.45 ,3172288,$550.17 ,$550.48 ,$538.24 
2/2/21,$548.16 ,3767569,$542.01 ,$555.48 ,$538.94 
2/1/21,$539.04 ,3547507,$536.79 ,$545.06 ,$531.73 
1/29/21,$532.39 ,4325264,$538.00 ,$541.00 ,$530.18 
1/28/21,$538.60 ,5968978,$535.88 ,$553.15 ,$530.74 
1/27/21,$523.28 ,8670277,$550.71 ,$556.42 ,$515.73 
1/26/21,$561.93 ,5023847,$554.73 ,$567.99 ,$554.06 
1/25/21,$556.78 ,7207329,$567.00 ,$569.75 ,$548.65 
1/22/21,$565.17 ,7550822,$582.10 ,$583.99 ,$564.35 
1/21/21,$579.84 ,11840630,$582.45 ,$588.75 ,$570.40 
1/20/21,$586.34 ,32637450,$565.42 ,$593.29 ,$556.86 
1/19/21,$501.77 ,12315810,$501.00 ,$509.25 ,$493.54 
1/15/21,$497.98 ,5895788,$500.00 ,$506.32 ,$495.10 
1/14/21,$500.86 ,4177357,$507.35 ,$514.50 ,$499.58 
1/13/21,$507.79 ,5032099,$495.50 ,$512.35 ,$493.01 
1/12/21,$494.25 ,5990425,$500.00 ,$501.09 ,$485.67 
1/11/21,$499.10 ,3812720,$507.84 ,$510.73 ,$497.95 
1/8/21,$510.40 ,2973949,$511.31 ,$513.24 ,$504.51 
1/7/21,$508.89 ,3686448,$508.28 ,$516.44 ,$506.42 
1/6/21,$500.49 ,5346210,$511.97 ,$513.10 ,$499.50 
1/5/21,$520.80 ,3133872,$521.55 ,$526.78 ,$515.89 
1/4/21,$522.86 ,4444407,$539.00 ,$540.80 ,$515.09 
12/31/20,$540.73 ,5392322,$525.53 ,$545.50 ,$523.15 
12/30/20,$524.59 ,1876286,$530.13 ,$533.26 ,$523.69 
12/29/20,$530.87 ,4022358,$519.90 ,$536.55 ,$515.48 
12/28/20,$519.12 ,2891867,$516.43 ,$523.66 ,$507.13 
12/24/20,$513.97 ,1143952,$515.12 ,$519.35 ,$512.21 
12/23/20,$514.48 ,2393187,$524.76 ,$526.32 ,$514.20 
12/22/20,$527.33 ,1908529,$527.69 ,$530.40 ,$520.50 
12/21/20,$528.91 ,3893964,$530.05 ,$532.62 ,$521.15 
12/18/20,$534.45 ,4502692,$533.20 ,$536.37 ,$526.02 
12/17/20,$532.90 ,3193377,$529.00 ,$535.49 ,$526.44 
12/16/20,$524.83 ,3682392,$520.11 ,$527.38 ,$517.69 
12/15/20,$519.78 ,3398209,$518.50 ,$524.70 ,$513.56 
12/14/20,$522.42 ,5770424,$505.44 ,$524.16 ,$501.18 
12/11/20,$503.22 ,3210928,$495.00 ,$503.34 ,$494.85 
12/10/20,$501.09 ,3018203,$494.56 ,$503.77 ,$492.91 
12/9/20,$493.60 ,4178768,$510.53 ,$514.50 ,$491.29 
12/8/20,$512.66 ,4228950,$517.90 ,$521.49 ,$505.55 
12/7/20,$515.78 ,4289293,$500.01 ,$517.76 ,$497.77 
12/4/20,$498.31 ,3666243,$497.50 ,$504.50 ,$493.64 
12/3/20,$497.52 ,2826116,$502.99 ,$508.77 ,$496.04 
12/2/20,$503.38 ,3028358,$501.62 ,$506.80 ,$493.50 
12/1/20,$504.58 ,5063234,$492.34 ,$509.47 ,$491.98 
11/30/20,$490.70 ,3530940,$490.08 ,$492.55 ,$481.27 
11/27/20,$491.36 ,2805762,$486.58 ,$493.25 ,$481.85 
11/25/20,$485.00 ,3598629,$485.13 ,$486.90 ,$478.92 
11/24/20,$482.88 ,3557894,$478.84 ,$484.05 ,$475.89 
11/23/20,$476.62 ,5416571,$490.46 ,$491.15 ,$475.84 
11/20/20,$488.24 ,4255924,$485.22 ,$494.76 ,$481.57 
11/19/20,$484.67 ,2254653,$482.00 ,$487.80 ,$480.47 
11/18/20,$481.79 ,3629237,$481.95 ,$488.61 ,$477.72 
11/17/20,$480.63 ,3698082,$480.12 ,$487.51 ,$478.85 
11/16/20,$479.10 ,3953563,$480.00 ,$485.58 ,$477.30 
11/13/20,$482.84 ,3006510,$486.77 ,$488.94 ,$477.80 
11/12/20,$486.77 ,5071155,$491.00 ,$496.52 ,$480.43 
11/11/20,$490.76 ,5460532,$483.00 ,$491.68 ,$478.26 
11/10/20,$480.24 ,8306142,$470.95 ,$484.60 ,$463.41 
11/9/20,$470.50 ,10419680,$485.54 ,$495.85 ,$467.26 
11/6/20,$514.73 ,4236349,$515.00 ,$515.21 ,$502.51 
11/5/20,$513.76 ,5372781,$506.56 ,$518.73 ,$503.45 
11/4/20,$496.95 ,5137330,$495.36 ,$507.73 ,$493.98 
11/3/20,$487.22 ,3690213,$484.93 ,$495.31 ,$478.76 
11/2/20,$484.12 ,4408193,$478.87 ,$486.30 ,$475.00 
10/30/20,$475.74 ,7813897,$502.01 ,$505.88 ,$472.21 
10/29/20,$504.21 ,11120690,$488.50 ,$513.90 ,$479.34 
10/28/20,$486.24 ,5992731,$486.36 ,$494.00 ,$483.28 
10/27/20,$488.93 ,3627175,$490.01 ,$490.49 ,$482.93 
10/26/20,$488.24 ,6186087,$487.03 ,$496.82 ,$478.90 
10/23/20,$488.28 ,4927862,$488.11 ,$490.06 ,$481.35 
10/22/20,$485.23 ,6997922,$494.69 ,$495.14 ,$482.00 
10/21/20,$489.05 ,17405710,$501.03 ,$506.85 ,$488.25 
10/20/20,$525.42 ,10047180,$528.14 ,$533.78 ,$522.26 
10/19/20,$530.72 ,7567506,$537.07 ,$541.80 ,$525.38 
10/16/20,$530.79 ,6347363,$549.50 ,$554.33 ,$530.03 
10/15/20,$541.94 ,5113126,$545.52 ,$551.22 ,$535.10 
10/14/20,$541.45 ,9510081,$562.61 ,$572.49 ,$541.00 
10/13/20,$554.09 ,5602498,$540.56 ,$557.65 ,$537.20 
10/12/20,$539.81 ,5391074,$548.81 ,$551.81 ,$538.24 
10/9/20,$539.44 ,4781259,$537.83 ,$544.28 ,$535.00 
10/8/20,$531.79 ,5386488,$533.48 ,$535.00 ,$524.15 
10/7/20,$534.66 ,7988683,$518.00 ,$536.49 ,$515.82 
10/6/20,$505.87 ,4199034,$518.72 ,$521.82 ,$504.16 
10/5/20,$520.65 ,4088069,$506.80 ,$520.99 ,$501.70 
10/2/20,$503.06 ,6071165,$516.43 ,$526.37 ,$502.70 
10/1/20,$527.51 ,8153710,$506.03 ,$529.55 ,$503.60 
9/30/20,$500.03 ,4634111,$492.57 ,$504.63 ,$489.27 
9/29/20,$493.48 ,3543193,$489.50 ,$496.29 ,$486.53 
9/28/20,$490.65 ,4773497,$489.11 ,$492.00 ,$477.88 
9/25/20,$482.88 ,3769436,$474.39 ,$484.87 ,$468.03 
9/24/20,$473.08 ,3727201,$470.53 ,$477.00 ,$467.82 
9/23/20,$470.61 ,3726423,$491.04 ,$491.04 ,$469.00 
9/22/20,$491.17 ,3482324,$489.01 ,$491.82 ,$479.26 
9/21/20,$487.35 ,5457539,$467.69 ,$487.78 ,$466.32 
9/18/20,$469.96 ,6717711,$472.51 ,$479.40 ,$458.60 
9/17/20,$470.20 ,5379301,$475.16 ,$478.40 ,$463.27 
9/16/20,$483.86 ,4401412,$499.99 ,$504.66 ,$483.31 
9/15/20,$495.99 ,5336992,$484.00 ,$497.47 ,$481.63 
9/14/20,$476.26 ,7359126,$480.62 ,$488.99 ,$471.30 
9/11/20,$482.03 ,5035200,$486.49 ,$493.73 ,$476.81 
9/10/20,$480.67 ,6240181,$503.35 ,$506.29 ,$478.84 
9/9/20,$500.19 ,6848127,$519.21 ,$520.00 ,$492.57 
9/8/20,$507.02 ,5572684,$498.40 ,$522.00 ,$495.00 
9/4/20,$516.05 ,8270118,$520.18 ,$527.36 ,$485.98 
9/3/20,$525.75 ,9071089,$545.00 ,$554.00 ,$521.32 
9/2/20,$552.84 ,5886930,$553.78 ,$556.50 ,$537.37 
9/1/20,$556.55 ,9581907,$532.60 ,$557.39 ,$532.45 
8/31/20,$529.56 ,4941409,$521.16 ,$531.99 ,$517.58 
8/28/20,$523.89 ,4417517,$532.00 ,$539.00 ,$522.00 
8/27/20,$526.27 ,9062912,$537.78 ,$541.00 ,$521.25 
8/26/20,$547.53 ,20373680,$492.50 ,$549.04 ,$492.08 
8/25/20,$490.58 ,5727721,$488.19 ,$492.47 ,$485.09 
8/24/20,$488.81 ,4762183,$495.44 ,$501.00 ,$483.16 
8/21/20,$492.31 ,3921293,$496.46 ,$498.13 ,$490.00 
8/20/20,$497.90 ,5132480,$484.69 ,$498.94 ,$483.89 
8/19/20,$484.53 ,3156218,$493.93 ,$494.50 ,$483.50 
8/18/20,$491.87 ,3505518,$484.35 ,$495.30 ,$482.80 
8/17/20,$482.35 ,2423545,$484.19 ,$486.24 ,$479.10 
8/14/20,$482.68 ,2943487,$482.82 ,$488.33 ,$480.21 
8/13/20,$481.33 ,3008933,$478.40 ,$484.45 ,$476.45 
8/12/20,$475.47 ,5441243,$471.34 ,$482.49 ,$470.18 
8/11/20,$466.93 ,7329226,$479.75 ,$480.92 ,$466.55 
8/10/20,$483.38 ,4691185,$493.35 ,$497.46 ,$478.63 
8/7/20,$494.73 ,5910348,$505.45 ,$508.29 ,$486.68 
8/6/20,$509.08 ,3725861,$504.11 ,$510.82 ,$498.70 
8/5/20,$502.11 ,4313526,$508.68 ,$510.10 ,$501.20 
8/4/20,$509.64 ,5607968,$498.65 ,$510.44 ,$498.65 
8/3/20,$498.62 ,5876190,$490.86 ,$503.09 ,$490.23 
7/31/20,$488.88 ,5924310,$488.29 ,$494.80 ,$484.50 
7/30/20,$485.80 ,6608569,$480.71 ,$488.35 ,$477.51 
7/29/20,$484.48 ,6611769,$492.25 ,$494.92 ,$484.13 
7/28/20,$488.51 ,5986727,$496.02 ,$497.79 ,$487.76 
7/27/20,$495.65 ,7863069,$484.51 ,$496.92 ,$482.31 
7/24/20,$480.45 ,7746247,$468.77 ,$487.17 ,$467.54 
7/23/20,$477.58 ,7722034,$491.13 ,$491.90 ,$472.02 
7/22/20,$489.82 ,6954078,$492.19 ,$497.20 ,$487.20 
7/21/20,$490.10 ,9127218,$506.00 ,$506.22 ,$488.61 
7/20/20,$502.41 ,11940310,$489.14 ,$504.50 ,$484.20 
7/17/20,$492.99 ,24991350,$494.87 ,$503.59 ,$484.14 
7/16/20,$527.39 ,24498990,$526.48 ,$535.54 ,$504.36 
7/15/20,$523.26 ,10066650,$516.30 ,$529.00 ,$510.18 
7/14/20,$524.88 ,15083300,$517.08 ,$525.50 ,$490.49 
7/13/20,$525.50 ,18399020,$567.98 ,$575.37 ,$520.96 
7/10/20,$548.73 ,21605590,$519.73 ,$555.88 ,$511.28 
7/9/20,$507.76 ,5840541,$508.40 ,$510.00 ,$495.78 
7/8/20,$502.78 ,5691682,$498.58 ,$505.10 ,$493.81 
7/7/20,$493.16 ,5669870,$497.31 ,$504.82 ,$490.83 
7/6/20,$493.81 ,7838990,$480.77 ,$499.50 ,$479.80 
7/2/20,$476.89 ,6351485,$485.64 ,$492.28 ,$475.53 
7/1/20,$485.64 ,9705870,$454.00 ,$488.23 ,$454.00 
6/30/20,$455.04 ,4198545,$450.02 ,$457.59 ,$447.00 
6/29/20,$447.24 ,4843978,$445.23 ,$447.67 ,$432.14 
6/26/20,$443.40 ,6804726,$466.39 ,$468.03 ,$442.24 
6/25/20,$465.91 ,4134513,$458.86 ,$467.01 ,$454.00 
6/24/20,$457.85 ,4826191,$468.54 ,$472.36 ,$454.00 
6/23/20,$466.26 ,5948436,$466.50 ,$474.01 ,$464.50 
6/22/20,$468.04 ,6272105,$455.01 ,$468.59 ,$454.21 
6/19/20,$453.72 ,5933651,$449.12 ,$453.97 ,$445.60 
6/18/20,$449.87 ,4277627,$448.73 ,$452.76 ,$442.80 
6/17/20,$447.77 ,6529568,$441.82 ,$450.46 ,$439.22 
6/16/20,$436.13 ,5514016,$425.76 ,$437.96 ,$425.18 
6/15/20,$425.50 ,4471499,$421.40 ,$426.49 ,$415.42 
6/12/20,$418.07 ,6461127,$429.00 ,$434.06 ,$412.45 
6/11/20,$425.56 ,7462868,$428.20 ,$445.57 ,$424.16 
6/10/20,$434.48 ,4896893,$436.00 ,$439.69 ,$430.55 
6/9/20,$434.05 ,6796999,$421.65 ,$434.73 ,$420.31 
6/8/20,$419.49 ,5851453,$416.00 ,$420.80 ,$406.50 
6/5/20,$419.60 ,5099561,$407.29 ,$420.24 ,$404.25 
6/4/20,$414.33 ,5410529,$422.39 ,$428.71 ,$410.03 
6/3/20,$421.97 ,4316044,$426.95 ,$427.10 ,$418.05 
6/2/20,$427.31 ,3494801,$425.87 ,$427.59 ,$419.46 
6/1/20,$425.92 ,3748573,$418.83 ,$426.72 ,$415.98 
5/29/20,$419.73 ,5270484,$417.46 ,$420.30 ,$411.85 
5/28/20,$413.44 ,5660160,$417.24 ,$422.37 ,$411.50 
5/27/20,$419.89 ,10446340,$410.38 ,$420.02 ,$397.86 
5/26/20,$414.77 ,7881115,$427.77 ,$428.50 ,$413.14 
5/22/20,$429.32 ,5422334,$437.00 ,$439.09 ,$427.18 
5/21/20,$436.25 ,9117325,$448.56 ,$448.96 ,$430.25 
5/20/20,$447.67 ,5607257,$454.25 ,$455.81 ,$444.00 
5/19/20,$451.04 ,4810487,$453.40 ,$458.97 ,$450.47 
5/18/20,$452.58 ,7780309,$451.16 ,$456.36 ,$443.35 
5/15/20,$454.19 ,7243998,$440.70 ,$455.00 ,$437.51 
5/14/20,$441.95 ,9007467,$444.90 ,$452.38 ,$432.82 
5/13/20,$438.27 ,7014563,$435.69 ,$447.00 ,$427.27 
5/12/20,$431.82 ,4598211,$442.00 ,$444.17 ,$431.36 
5/11/20,$440.52 ,5486037,$436.33 ,$444.89 ,$435.56 
5/8/20,$435.55 ,5054308,$434.14 ,$442.00 ,$433.64 
5/7/20,$436.53 ,5650281,$436.89 ,$438.88 ,$430.66 
5/6/20,$434.26 ,6660737,$429.30 ,$439.77 ,$426.39 
5/5/20,$424.68 ,6286293,$427.56 ,$431.00 ,$421.56 
5/4/20,$428.15 ,7799058,$417.78 ,$428.54 ,$414.87 
5/1/20,$415.27 ,8299858,$415.10 ,$427.97 ,$411.73 
4/30/20,$419.85 ,7953975,$410.31 ,$424.44 ,$408.00 
4/29/20,$411.89 ,9693137,$399.53 ,$415.86 ,$393.60 
4/28/20,$403.83 ,10101230,$419.99 ,$421.00 ,$402.91 
4/27/20,$421.38 ,6277480,$425.00 ,$429.00 ,$420.84 
4/24/20,$424.99 ,8670362,$425.00 ,$427.17 ,$415.88 
4/23/20,$426.70 ,13952330,$419.26 ,$438.41 ,$419.26 
4/22/20,$421.42 ,21123770,$429.73 ,$433.00 ,$413.00 
4/21/20,$433.83 ,23177550,$444.77 ,$447.00 ,$425.60 
4/20/20,$437.49 ,12655820,$435.17 ,$444.49 ,$430.56 
4/17/20,$422.96 ,12616260,$431.00 ,$432.00 ,$414.70 
4/16/20,$439.17 ,16128670,$437.00 ,$449.52 ,$431.61 
4/15/20,$426.75 ,13561220,$413.00 ,$434.98 ,$412.25 
4/14/20,$413.55 ,11580980,$397.50 ,$417.82 ,$394.85 
4/13/20,$396.72 ,11692920,$371.31 ,$400.51 ,$367.70 
4/9/20,$370.72 ,7711296,$371.06 ,$372.10 ,$363.03 
4/8/20,$371.12 ,6908879,$374.01 ,$378.39 ,$368.31 
4/7/20,$372.28 ,7046438,$380.00 ,$381.33 ,$369.34 
4/6/20,$379.96 ,8183921,$365.22 ,$380.29 ,$361.71 
4/3/20,$361.76 ,4860768,$367.47 ,$370.90 ,$357.51 
4/2/20,$370.08 ,4592477,$364.08 ,$370.99 ,$360.06 
4/1/20,$364.08 ,6672454,$376.05 ,$380.23 ,$361.02 
3/31/20,$375.50 ,9366464,$367.93 ,$383.01 ,$366.44 
3/30/20,$370.96 ,8621964,$363.00 ,$377.80 ,$361.17 
3/27/20,$357.12 ,7948775,$359.09 ,$368.56 ,$353.00 
3/26/20,$362.99 ,7235016,$344.00 ,$363.84 ,$341.73 
3/25/20,$342.39 ,8767171,$361.02 ,$362.00 ,$339.17 
3/24/20,$357.32 ,11638680,$369.99 ,$372.93 ,$353.03 
3/23/20,$360.27 ,13449380,$347.89 ,$366.11 ,$340.88 
3/20/20,$332.83 ,10853850,$342.31 ,$350.49 ,$332.00 
3/19/20,$332.03 ,10615960,$324.33 ,$348.51 ,$316.82 
3/18/20,$315.47 ,12593650,$302.40 ,$331.58 ,$300.00 
3/17/20,$319.75 ,10013910,$306.19 ,$322.90 ,$290.25 
3/16/20,$298.84 ,10559940,$306.63 ,$334.35 ,$294.75 
3/13/20,$336.30 ,9458197,$330.51 ,$336.42 ,$307.39 
3/12/20,$315.25 ,12071590,$326.50 ,$335.72 ,$307.32 
3/11/20,$349.92 ,6058782,$358.92 ,$362.98 ,$344.79 
3/10/20,$364.13 ,7604444,$356.43 ,$364.54 ,$347.85 
3/9/20,$346.49 ,7405458,$343.86 ,$357.47 ,$341.72 
3/6/20,$368.97 ,8147165,$367.70 ,$371.31 ,$356.85 
3/5/20,$372.78 ,8746985,$381.00 ,$391.40 ,$368.64 
3/4/20,$383.79 ,5487340,$377.77 ,$384.01 ,$370.51 
3/3/20,$368.77 ,8364623,$381.03 ,$393.52 ,$367.40 
3/2/20,$381.05 ,6997891,$373.11 ,$381.36 ,$364.50 
2/28/20,$369.03 ,11178570,$364.21 ,$376.77 ,$356.80 
2/27/20,$371.71 ,10967700,$371.46 ,$391.56 ,$370.60 
2/26/20,$379.24 ,8961126,$366.31 ,$382.00 ,$365.00 
2/25/20,$360.09 ,6481243,$372.00 ,$375.65 ,$357.72 
2/24/20,$368.70 ,6936418,$364.76 ,$372.82 ,$361.00 
2/21/20,$380.07 ,3935618,$385.33 ,$387.32 ,$377.90 
2/20/20,$386.00 ,4079425,$386.56 ,$389.70 ,$376.68 
2/19/20,$386.19 ,4896368,$388.12 ,$392.95 ,$384.90 
2/18/20,$387.78 ,5180400,$379.30 ,$389.54 ,$379.19 
2/14/20,$380.40 ,3736266,$381.47 ,$385.15 ,$379.43 
2/13/20,$381.40 ,4485383,$376.96 ,$385.37 ,$376.51 
2/12/20,$380.01 ,4624772,$377.18 ,$380.62 ,$375.88 
2/11/20,$373.69 ,4772870,$373.75 ,$378.11 ,$369.72 
2/10/20,$371.07 ,5294138,$365.00 ,$374.80 ,$362.52 
2/7/20,$366.77 ,4385227,$365.04 ,$371.80 ,$363.57 
2/6/20,$366.95 ,3920428,$369.60 ,$371.55 ,$362.51 
2/5/20,$369.67 ,6437026,$375.13 ,$375.25 ,$362.30 
2/4/20,$369.01 ,7161451,$361.00 ,$369.57 ,$356.10 
2/3/20,$358.00 ,6674885,$347.24 ,$359.63 ,$346.28 
1/31/20,$345.09 ,5230001,$347.39 ,$347.39 ,$340.98 
1/30/20,$347.74 ,5328136,$341.10 ,$348.20 ,$339.25 
1/29/20,$343.16 ,7649183,$349.00 ,$349.40 ,$338.55 
1/28/20,$348.52 ,6821581,$345.88 ,$352.40 ,$342.78 
1/27/20,$342.88 ,7709482,$345.95 ,$351.90 ,$341.02 
1/24/20,$353.16 ,17939680,$348.46 ,$359.85 ,$345.88 
1/23/20,$349.60 ,18200290,$326.04 ,$349.88 ,$325.01 
1/22/20,$326.00 ,21729960,$332.55 ,$336.30 ,$323.60 
1/21/20,$338.11 ,14350320,$340.00 ,$341.00 ,$332.59 
1/17/20,$339.67 ,6066547,$341.00 ,$341.57 ,$337.38 
1/16/20,$338.62 ,5015997,$343.50 ,$343.56 ,$335.85 
1/15/20,$339.07 ,5158035,$338.68 ,$343.17 ,$336.60 
1/14/20,$338.69 ,7201544,$344.40 ,$345.38 ,$335.52 
1/13/20,$338.92 ,6296174,$331.80 ,$340.85 ,$331.51 
1/10/20,$329.05 ,4720540,$337.13 ,$338.50 ,$327.27 
1/9/20,$335.66 ,4717430,$342.00 ,$343.42 ,$334.61 
1/8/20,$339.26 ,7109117,$331.49 ,$342.70 ,$331.05 
1/7/20,$330.75 ,4742458,$336.47 ,$336.70 ,$330.30 
1/6/20,$335.83 ,5668577,$323.12 ,$336.36 ,$321.20 
1/3/20,$325.90 ,3795466,$326.78 ,$329.86 ,$325.53 
1/2/20,$329.81 ,4348493,$326.10 ,$329.98 ,$324.78 
12/31/19,$323.57 ,3714837,$322.00 ,$324.92 ,$321.09 
12/30/19,$323.31 ,4315267,$329.08 ,$329.19 ,$322.86 
12/27/19,$329.09 ,5037156,$332.96 ,$333.82 ,$326.01 
12/26/19,$332.63 ,3595854,$334.60 ,$336.46 ,$332.01 
12/24/19,$333.20 ,2019322,$334.01 ,$335.70 ,$331.60 
12/23/19,$333.10 ,5767937,$337.76 ,$337.95 ,$331.02 
12/20/19,$336.90 ,9923260,$335.00 ,$338.00 ,$330.60 
12/19/19,$332.22 ,9833355,$324.50 ,$332.83 ,$324.18 
12/18/19,$320.80 ,11210740,$316.26 ,$325.36 ,$315.60 
12/17/19,$315.48 ,10437130,$307.36 ,$316.80 ,$306.60 
12/16/19,$304.21 ,4660166,$300.85 ,$305.71 ,$298.63 
12/13/19,$298.50 ,3883069,$298.50 ,$301.80 ,$297.25 
12/12/19,$298.44 ,4771404,$295.67 ,$299.17 ,$295.06 
12/11/19,$298.93 ,5607155,$294.49 ,$299.43 ,$294.20 
12/10/19,$293.12 ,10481240,$296.12 ,$298.94 ,$292.02 
12/9/19,$302.50 ,5766006,$307.35 ,$311.49 ,$302.44 
12/6/19,$307.35 ,4459684,$304.70 ,$307.85 ,$302.60 
12/5/19,$302.86 ,4618867,$305.27 ,$306.48 ,$298.81 
12/4/19,$304.32 ,3513551,$308.43 ,$308.43 ,$303.27 
12/3/19,$306.16 ,5272447,$302.22 ,$307.36 ,$301.88 
12/2/19,$309.99 ,6223135,$314.39 ,$314.39 ,$303.75 
11/29/19,$314.66 ,2411749,$315.78 ,$316.62 ,$313.34 
11/27/19,$315.93 ,4100975,$313.93 ,$316.82 ,$312.75 
11/26/19,$312.49 ,5328348,$315.00 ,$316.50 ,$311.69 
11/25/19,$315.55 ,7878943,$308.83 ,$315.73 ,$305.25 
11/22/19,$310.48 ,5970056,$309.10 ,$311.40 ,$304.41 
11/21/19,$311.69 ,7488373,$306.00 ,$312.69 ,$304.26 
11/20/19,$305.16 ,5115546,$301.01 ,$308.25 ,$301.00 
11/19/19,$302.60 ,5919710,$304.01 ,$305.67 ,$298.52 
11/18/19,$302.57 ,8621566,$296.00 ,$304.99 ,$293.28 
11/15/19,$295.03 ,6337779,$290.59 ,$295.82 ,$287.57 
11/14/19,$289.62 ,6539771,$283.25 ,$290.63 ,$283.22 
11/13/19,$283.11 ,9233066,$291.03 ,$293.41 ,$281.14 
11/12/19,$292.01 ,5774833,$295.32 ,$295.35 ,$288.70 
11/11/19,$294.18 ,3945885,$289.16 ,$296.36 ,$288.50 
11/8/19,$291.57 ,4509588,$288.73 ,$293.99 ,$287.51 
11/7/19,$289.57 ,5928471,$290.70 ,$298.19 ,$288.27 
11/6/19,$288.59 ,3438257,$288.19 ,$290.56 ,$285.84 
11/5/19,$288.03 ,4062370,$289.99 ,$291.19 ,$286.31 
11/4/19,$292.86 ,5566213,$288.00 ,$295.39 ,$287.16 
11/1/19,$286.81 ,5594293,$288.70 ,$289.12 ,$283.02 
10/31/19,$287.41 ,5090021,$291.00 ,$291.45 ,$284.78 
10/30/19,$291.45 ,9345562,$284.34 ,$293.49 ,$283.00 
10/29/19,$281.21 ,4356181,$281.87 ,$284.41 ,$277.55 
10/28/19,$281.86 ,6248433,$278.05 ,$285.75 ,$277.35 
10/25/19,$276.82 ,4747829,$270.68 ,$277.77 ,$270.18 
10/24/19,$271.50 ,4911033,$271.81 ,$274.02 ,$268.80 
10/23/19,$271.27 ,7154430,$268.06 ,$273.92 ,$266.63 
10/22/19,$266.69 ,11865590,$271.16 ,$275.41 ,$265.80 
10/21/19,$278.05 ,12633960,$272.89 ,$279.94 ,$269.00 
10/18/19,$275.30 ,23449640,$289.36 ,$290.90 ,$273.36 
10/17/19,$293.35 ,38462340,$304.49 ,$308.75 ,$288.30 
10/16/19,$286.28 ,18413340,$283.12 ,$288.17 ,$280.74 
10/15/19,$284.25 ,7728161,$283.82 ,$285.87 ,$279.40 
10/14/19,$285.53 ,5543120,$283.93 ,$286.93 ,$282.00 
10/11/19,$282.93 ,8817301,$284.80 ,$287.87 ,$275.89 
10/10/19,$280.48 ,10961190,$265.97 ,$280.53 ,$265.03 
10/9/19,$267.53 ,6843488,$270.02 ,$271.00 ,$264.57 
10/8/19,$270.72 ,6302269,$273.03 ,$275.53 ,$270.64 
10/7/19,$274.46 ,6796811,$271.99 ,$276.68 ,$271.28 
10/4/19,$272.79 ,9992774,$268.20 ,$275.48 ,$266.47 
10/3/19,$268.15 ,9068810,$267.78 ,$268.84 ,$257.01 
10/2/19,$268.03 ,7773299,$263.61 ,$269.35 ,$262.19 
10/1/19,$269.58 ,8786284,$267.35 ,$272.20 ,$264.03 
9/30/19,$267.62 ,6823100,$264.00 ,$268.88 ,$262.78 
9/27/19,$263.08 ,7367491,$266.18 ,$267.44 ,$260.39 
9/26/19,$263.31 ,7696858,$266.42 ,$268.05 ,$260.20 
9/25/19,$264.75 ,11846750,$255.71 ,$266.60 ,$253.70 
9/24/19,$254.59 ,16392810,$262.50 ,$265.00 ,$252.28 
9/23/19,$265.92 ,13610290,$268.35 ,$273.39 ,$261.89 
9/20/19,$270.75 ,23954190,$280.26 ,$282.50 ,$266.00 
9/19/19,$286.60 ,8545761,$291.56 ,$293.81 ,$283.40 
9/18/19,$291.56 ,7841539,$294.99 ,$296.05 ,$287.45 
9/17/19,$298.60 ,4817119,$294.50 ,$299.15 ,$291.79 
9/16/19,$294.29 ,5307386,$294.23 ,$297.43 ,$289.78 
9/13/19,$294.15 ,6583124,$290.61 ,$296.62 ,$290.04 
9/12/19,$288.86 ,5010927,$288.10 ,$292.73 ,$286.60 
9/11/19,$288.27 ,7405949,$285.70 ,$292.65 ,$284.61 
9/10/19,$287.99 ,12320250,$291.16 ,$297.17 ,$282.66 
9/9/19,$294.34 ,8232744,$294.81 ,$301.55 ,$290.60 
9/6/19,$290.17 ,5166556,$293.35 ,$293.35 ,$287.03 
9/5/19,$293.25 ,8972356,$285.32 ,$293.97 ,$282.79 
9/4/19,$291.52 ,4653665,$291.25 ,$292.38 ,$286.51 
9/3/19,$289.29 ,3684177,$290.82 ,$293.90 ,$288.06 
8/30/19,$293.75 ,4447990,$298.78 ,$298.94 ,$290.85 
8/29/19,$296.78 ,4392532,$295.00 ,$299.93 ,$294.99 
8/28/19,$291.77 ,3958043,$289.47 ,$292.82 ,$287.75 
8/27/19,$291.03 ,6314559,$294.54 ,$296.77 ,$287.20 
8/26/19,$294.98 ,4696982,$295.24 ,$296.95 ,$292.50 
8/23/19,$291.44 ,6331189,$295.00 ,$299.01 ,$290.32 
8/22/19,$296.93 ,4977042,$298.65 ,$300.33 ,$293.15 
8/21/19,$297.81 ,5689746,$301.61 ,$302.88 ,$296.20 
8/20/19,$298.99 ,7352162,$304.57 ,$305.00 ,$297.68 
8/19/19,$309.38 ,4951733,$306.25 ,$311.75 ,$304.75 
8/16/19,$302.80 ,7090757,$298.86 ,$303.55 ,$296.27 
8/15/19,$295.76 ,9683384,$299.50 ,$300.63 ,$288.00 
8/14/19,$299.11 ,7355753,$308.01 ,$308.41 ,$298.01 
8/13/19,$312.28 ,5338761,$309.77 ,$316.43 ,$308.16 
8/12/19,$310.83 ,6531722,$305.46 ,$312.89 ,$303.24 
8/9/19,$308.93 ,5349059,$313.74 ,$316.64 ,$305.68 
8/8/19,$315.90 ,5905865,$311.03 ,$316.36 ,$306.63 
8/7/19,$304.29 ,9322433,$302.56 ,$305.00 ,$296.81 
8/6/19,$310.10 ,6179090,$310.58 ,$311.88 ,$305.30 
8/5/19,$307.63 ,8692485,$310.96 ,$313.42 ,$304.68 
8/2/19,$318.83 ,6280343,$317.49 ,$319.41 ,$311.80 
8/1/19,$319.50 ,6563156,$324.25 ,$328.58 ,$318.74 
7/31/19,$322.99 ,6259494,$325.16 ,$331.77 ,$318.53 
7/30/19,$325.93 ,6029320,$329.20 ,$329.65 ,$323.23 
7/29/19,$332.70 ,5782817,$335.98 ,$336.40 ,$328.77 
7/26/19,$335.78 ,10847500,$328.79 ,$336.00 ,$327.50 
7/25/19,$326.46 ,10798500,$318.86 ,$327.69 ,$316.30 
7/24/19,$317.94 ,11961820,$310.51 ,$319.99 ,$307.25 
7/23/19,$307.30 ,9171068,$311.44 ,$313.50 ,$306.00 
7/22/19,$310.62 ,17725330,$312.00 ,$314.54 ,$305.81 
7/19/19,$315.10 ,16302480,$323.40 ,$325.85 ,$314.23 
7/18/19,$325.21 ,31305900,$323.76 ,$329.85 ,$320.30 
7/17/19,$362.44 ,13639540,$366.25 ,$366.50 ,$361.75 
7/16/19,$365.99 ,5863222,$370.09 ,$371.34 ,$364.92 
7/15/19,$366.60 ,7944680,$372.94 ,$373.68 ,$362.30 
7/12/19,$373.25 ,6636937,$378.68 ,$379.74 ,$372.79 
7/11/19,$379.50 ,4336287,$381.10 ,$384.54 ,$378.80 
7/10/19,$381.00 ,5878790,$382.77 ,$384.34 ,$377.40 
7/9/19,$379.93 ,6932822,$379.06 ,$384.76 ,$377.50 
7/8/19,$376.16 ,3113402,$378.19 ,$378.25 ,$375.36 
7/5/19,$380.55 ,3732162,$378.29 ,$381.40 ,$375.56 
7/3/19,$381.72 ,3799009,$376.69 ,$381.99 ,$375.84 
7/2/19,$375.43 ,3628962,$374.89 ,$376.00 ,$370.31 
7/1/19,$374.60 ,5001518,$373.50 ,$376.66 ,$372.00 
6/28/19,$367.32 ,4592706,$370.26 ,$371.54 ,$364.87 
6/27/19,$370.02 ,4138575,$363.20 ,$370.85 ,$363.20 
6/26/19,$362.20 ,3669677,$361.60 ,$366.79 ,$361.60 
6/25/19,$360.30 ,5750383,$370.75 ,$371.00 ,$358.29 
6/24/19,$371.04 ,4830240,$370.27 ,$375.00 ,$370.20 
6/21/19,$369.21 ,7448356,$365.00 ,$371.45 ,$365.00 
6/20/19,$365.21 ,5899467,$365.91 ,$370.12 ,$361.22 
6/19/19,$363.52 ,5667156,$361.72 ,$364.74 ,$356.12 
6/18/19,$357.12 ,5428542,$355.57 ,$361.50 ,$353.75 
6/17/19,$350.62 ,5358219,$342.69 ,$351.77 ,$342.06 
6/14/19,$339.73 ,5019011,$341.63 ,$343.40 ,$336.16 
6/13/19,$343.43 ,6209347,$347.23 ,$348.50 ,$339.25 
6/12/19,$345.56 ,4584704,$351.82 ,$353.61 ,$343.23 
6/11/19,$351.27 ,5396712,$355.00 ,$357.58 ,$348.50 
6/10/19,$352.01 ,7810261,$363.65 ,$367.10 ,$349.29 
6/7/19,$360.87 ,4777321,$357.39 ,$365.15 ,$355.69 
6/6/19,$357.13 ,3709955,$354.84 ,$358.21 ,$352.09 
6/5/19,$355.73 ,5020081,$354.38 ,$357.88 ,$348.71 
6/4/19,$353.40 ,7891632,$345.00 ,$353.61 ,$343.25 
6/3/19,$336.63 ,7849589,$343.56 ,$347.66 ,$332.65 
5/31/19,$343.28 ,5023449,$347.22 ,$349.34 ,$342.92 
5/30/19,$351.85 ,4008042,$350.55 ,$354.21 ,$348.30 
5/29/19,$349.19 ,5658913,$353.60 ,$353.85 ,$345.90 
5/28/19,$354.78 ,4717144,$354.39 ,$361.20 ,$353.64 
5/24/19,$354.39 ,3830963,$355.41 ,$359.44 ,$353.79 
5/23/19,$352.21 ,5630443,$355.50 ,$357.42 ,$347.70 
5/22/19,$359.73 ,6229389,$358.01 ,$370.46 ,$357.30 
5/21/19,$354.27 ,4026369,$350.95 ,$356.43 ,$349.93 
5/20/19,$348.11 ,4621515,$351.23 ,$352.42 ,$345.40 
5/17/19,$354.45 ,4725448,$356.39 ,$359.62 ,$353.79 
5/16/19,$359.31 ,6441463,$356.37 ,$364.00 ,$353.94 
5/15/19,$354.99 ,6340118,$343.34 ,$356.50 ,$341.39 
5/14/19,$345.61 ,5353029,$348.71 ,$349.95 ,$342.50 
5/13/19,$345.26 ,8026697,$352.29 ,$354.26 ,$343.10 
5/10/19,$361.04 ,5657123,$361.62 ,$365.26 ,$353.06 
5/9/19,$362.75 ,5882572,$360.90 ,$364.20 ,$352.75 
5/8/19,$364.37 ,6571957,$367.92 ,$369.00 ,$361.36 
5/7/19,$370.46 ,6974924,$377.00 ,$379.91 ,$365.81 
5/6/19,$378.67 ,5793144,$377.69 ,$381.35 ,$376.00 
5/3/19,$385.03 ,5130301,$381.53 ,$385.03 ,$378.27 
5/2/19,$379.06 ,5398167,$378.00 ,$383.50 ,$374.51 
5/1/19,$378.81 ,9257284,$374.00 ,$385.99 ,$373.17 
4/30/19,$370.54 ,3863973,$369.56 ,$374.50 ,$368.35 
4/29/19,$371.83 ,3764911,$373.68 ,$374.58 ,$369.12 
4/26/19,$374.85 ,5615814,$368.35 ,$375.14 ,$366.24 
4/25/19,$368.33 ,6242518,$374.49 ,$374.76 ,$365.70 
4/24/19,$374.23 ,6519978,$381.07 ,$381.90 ,$373.27 
4/23/19,$381.89 ,9992022,$375.45 ,$384.80 ,$374.71 
4/22/19,$377.34 ,11959940,$359.70 ,$377.69 ,$359.00 
4/18/19,$360.35 ,8346470,$355.00 ,$360.41 ,$351.64 
4/17/19,$354.74 ,18009350,$365.05 ,$368.76 ,$350.60 
4/16/19,$359.46 ,18416450,$355.00 ,$364.48 ,$352.72 
4/15/19,$348.87 ,8819081,$350.71 ,$352.21 ,$342.27 
4/12/19,$351.14 ,15605580,$360.69 ,$361.75 ,$349.36 
4/11/19,$367.65 ,6416155,$365.00 ,$370.12 ,$360.81 
4/10/19,$363.92 ,4537963,$365.79 ,$368.85 ,$362.25 
4/9/19,$364.71 ,5431467,$360.54 ,$366.74 ,$359.00 
4/8/19,$361.41 ,4648877,$365.11 ,$365.94 ,$359.93 
4/5/19,$365.49 ,3898888,$369.00 ,$369.80 ,$364.66 
4/4/19,$367.88 ,4621965,$370.07 ,$372.05 ,$362.40 
4/3/19,$369.75 ,5366498,$369.26 ,$373.41 ,$366.19 
4/2/19,$367.72 ,5114466,$366.25 ,$368.42 ,$362.22 
4/1/19,$366.96 ,6974045,$359.00 ,$368.33 ,$358.51 
3/29/19,$356.56 ,4700683,$357.16 ,$358.25 ,$353.71 
3/28/19,$354.61 ,4349820,$354.49 ,$355.94 ,$349.20 
3/27/19,$353.37 ,7826426,$361.00 ,$362.47 ,$350.37 
3/26/19,$359.97 ,7648249,$367.87 ,$368.38 ,$358.02 
3/25/19,$366.23 ,8464512,$359.00 ,$367.04 ,$357.44 
3/22/19,$361.01 ,8627185,$375.95 ,$376.43 ,$360.04 
3/21/19,$377.87 ,8522990,$374.00 ,$379.00 ,$370.61 
3/20/19,$375.22 ,10784680,$358.91 ,$375.90 ,$357.01 
3/19/19,$358.78 ,7234757,$366.40 ,$366.96 ,$356.80 
3/18/19,$363.44 ,7187742,$362.47 ,$370.97 ,$361.86 
3/15/19,$361.46 ,8438090,$361.02 ,$364.00 ,$358.89 
3/14/19,$358.82 ,5263947,$360.50 ,$363.84 ,$358.10 
3/13/19,$361.21 ,6399141,$355.81 ,$362.48 ,$352.77 
3/12/19,$356.27 ,5161706,$359.37 ,$360.13 ,$353.80 
3/11/19,$358.86 ,5342609,$352.00 ,$358.98 ,$350.03 
3/8/19,$349.60 ,6891251,$345.75 ,$349.92 ,$342.47 
3/7/19,$352.60 ,6144401,$360.16 ,$362.86 ,$350.50 
3/6/19,$359.61 ,6194189,$353.60 ,$359.88 ,$351.70 
3/5/19,$354.30 ,5919936,$351.46 ,$356.17 ,$348.25 
3/4/19,$351.04 ,7478914,$359.72 ,$362.25 ,$348.04 
3/1/19,$357.32 ,5466102,$362.26 ,$362.87 ,$354.69 
2/28/19,$358.10 ,6157285,$362.47 ,$366.39 ,$357.71 
2/27/19,$362.87 ,5621615,$363.50 ,$368.03 ,$359.80 
2/26/19,$364.97 ,4924616,$362.98 ,$365.70 ,$359.33 
2/25/19,$363.91 ,7537507,$367.01 ,$371.49 ,$363.79 
2/22/19,$363.02 ,7077753,$360.34 ,$366.13 ,$360.05 
2/21/19,$356.97 ,6217185,$360.03 ,$362.85 ,$353.88 
2/20/19,$359.91 ,8101412,$364.85 ,$366.71 ,$356.70 
2/19/19,$361.92 ,7379683,$355.80 ,$365.00 ,$355.32 
2/15/19,$356.87 ,9218066,$358.47 ,$364.40 ,$355.50 
2/14/19,$359.07 ,9280393,$351.75 ,$360.45 ,$348.33 
2/13/19,$351.77 ,10529710,$357.30 ,$359.60 ,$350.28 
2/12/19,$359.97 ,10388190,$348.09 ,$360.00 ,$346.52 
2/11/19,$345.73 ,5438119,$350.00 ,$352.87 ,$344.81 
2/8/19,$347.57 ,7550268,$338.00 ,$348.00 ,$338.00 
2/7/19,$344.71 ,7850353,$347.90 ,$348.75 ,$339.02 
2/6/19,$352.19 ,6707279,$357.00 ,$357.04 ,$347.19 
2/5/19,$355.81 ,9030720,$353.20 ,$360.00 ,$352.90 
2/4/19,$351.34 ,9024097,$342.60 ,$352.00 ,$341.30 
2/1/19,$339.85 ,9822615,$337.18 ,$346.84 ,$336.50 
1/31/19,$339.50 ,8493725,$339.68 ,$345.99 ,$338.09 
1/30/19,$340.66 ,9081266,$332.75 ,$341.78 ,$330.80 
1/29/19,$328.90 ,7619808,$335.87 ,$338.22 ,$328.15 
1/28/19,$335.66 ,8639403,$334.70 ,$336.30 ,$328.88 
1/25/19,$338.05 ,11147040,$328.72 ,$340.00 ,$328.51 
1/24/19,$326.67 ,11115040,$320.60 ,$331.80 ,$319.00 
1/23/19,$321.99 ,13456260,$328.25 ,$331.75 ,$318.60 
1/22/19,$325.16 ,17909440,$334.89 ,$336.88 ,$321.03 
1/18/19,$339.10 ,26583340,$351.97 ,$353.00 ,$336.73 
1/17/19,$353.19 ,18238350,$349.50 ,$355.79 ,$346.41 
1/16/19,$351.39 ,15345670,$354.00 ,$358.85 ,$348.11 
1/15/19,$354.64 ,21133450,$349.60 ,$357.22 ,$347.00 
1/14/19,$332.94 ,10460420,$334.24 ,$335.48 ,$329.13 
1/11/19,$337.59 ,19458690,$330.96 ,$341.09 ,$328.52 
1/10/19,$324.66 ,13398180,$314.57 ,$325.37 ,$312.50 
1/9/19,$319.96 ,13307980,$317.71 ,$323.35 ,$313.50 
1/8/19,$320.27 ,15279550,$319.98 ,$320.59 ,$308.01 
1/7/19,$315.34 ,18586260,$302.10 ,$316.80 ,$301.65 
1/4/19,$297.57 ,19299450,$281.88 ,$297.80 ,$278.54 
1/3/19,$271.20 ,14946970,$270.20 ,$275.79 ,$264.43 
1/2/19,$267.66 ,11612970,$259.28 ,$269.75 ,$256.58 
12/31/18,$267.66 ,13496880,$260.16 ,$270.10 ,$260.00 
12/28/18,$256.08 ,10972920,$257.94 ,$261.91 ,$249.80 
12/27/18,$255.57 ,12124430,$250.11 ,$255.59 ,$240.10 
12/26/18,$253.67 ,14203700,$233.92 ,$254.50 ,$231.23 
12/24/18,$233.88 ,9547616,$242.00 ,$250.65 ,$233.68 
12/21/18,$246.39 ,21359330,$263.83 ,$264.50 ,$241.29 
12/20/18,$260.58 ,16769340,$264.64 ,$269.90 ,$251.88 
12/19/18,$266.77 ,13767940,$269.96 ,$280.87 ,$263.77 
12/18/18,$270.94 ,10330450,$263.30 ,$275.75 ,$263.29 
12/17/18,$262.80 ,9616301,$266.51 ,$272.98 ,$261.08 
12/14/18,$266.84 ,9908930,$271.81 ,$277.67 ,$265.00 
12/13/18,$276.02 ,8373219,$277.64 ,$279.32 ,$271.85 
12/12/18,$274.88 ,11439180,$267.66 ,$281.77 ,$266.48 
12/11/18,$265.32 ,9823745,$274.08 ,$274.50 ,$262.76 
12/10/18,$269.70 ,9582549,$264.19 ,$271.18 ,$260.61 
12/7/18,$265.14 ,12454720,$282.48 ,$284.21 ,$263.38 
12/6/18,$282.88 ,13043830,$268.33 ,$283.22 ,$267.14 
12/4/18,$275.33 ,12762320,$288.13 ,$295.74 ,$274.72 
12/3/18,$290.30 ,14098100,$293.19 ,$298.72 ,$284.58 
11/30/18,$286.13 ,11835670,$288.00 ,$290.81 ,$283.06 
11/29/18,$288.75 ,15016520,$282.32 ,$290.49 ,$275.50 
11/28/18,$282.65 ,14773990,$271.98 ,$284.00 ,$263.34 
11/27/18,$266.63 ,10956480,$259.24 ,$269.08 ,$256.14 
11/26/18,$261.43 ,12490330,$260.55 ,$266.25 ,$253.80 
11/23/18,$258.82 ,5245123,$260.11 ,$265.50 ,$256.84 
11/21/18,$262.13 ,11014290,$274.42 ,$275.34 ,$261.51 
11/20/18,$266.98 ,16676540,$254.63 ,$276.34 ,$250.00 
11/19/18,$270.60 ,12486920,$283.79 ,$285.09 ,$269.15 
11/16/18,$286.21 ,9084589,$287.14 ,$291.72 ,$281.00 
11/15/18,$290.06 ,9874546,$285.51 ,$292.50 ,$282.16 
11/14/18,$286.73 ,16807390,$300.40 ,$301.84 ,$278.30 
11/13/18,$294.40 ,12117170,$295.00 ,$303.55 ,$289.10 
11/12/18,$294.07 ,10886490,$300.00 ,$302.49 ,$290.63 
11/9/18,$303.47 ,13463170,$311.07 ,$312.98 ,$298.01 
11/8/18,$317.92 ,11008020,$328.00 ,$332.05 ,$316.61 
11/7/18,$327.50 ,13308030,$312.90 ,$328.56 ,$311.00 
11/6/18,$310.84 ,9659785,$314.76 ,$320.22 ,$305.30 
11/5/18,$315.44 ,10247430,$311.10 ,$317.53 ,$303.74 
11/2/18,$309.10 ,13356130,$318.00 ,$321.88 ,$308.33 
11/1/18,$317.38 ,15031690,$304.59 ,$318.45 ,$296.67 
10/31/18,$301.78 ,20092970,$297.77 ,$311.50 ,$295.05 
10/30/18,$285.81 ,23622680,$275.57 ,$290.53 ,$271.21 
10/29/18,$284.84 ,21662320,$305.26 ,$307.89 ,$275.40 
10/26/18,$299.83 ,19591690,$300.51 ,$313.99 ,$292.30 
10/25/18,$312.87 ,13285040,$307.12 ,$319.94 ,$305.25 
10/24/18,$301.83 ,18926130,$332.28 ,$333.00 ,$300.73 
10/23/18,$333.16 ,14880870,$318.00 ,$336.58 ,$316.77 
10/22/18,$329.54 ,17081350,$333.10 ,$335.80 ,$320.34 
10/19/18,$332.67 ,16696220,$351.00 ,$355.80 ,$332.20 
10/18/18,$346.71 ,18067760,$360.67 ,$362.20 ,$346.05 
10/17/18,$364.70 ,32564190,$378.33 ,$380.00 ,$356.50 
10/16/18,$346.40 ,19670560,$337.24 ,$347.95 ,$330.56 
10/15/18,$333.13 ,11177510,$337.63 ,$339.21 ,$326.93 
10/12/18,$339.56 ,14806860,$339.57 ,$341.30 ,$328.90 
10/11/18,$321.10 ,16020690,$324.94 ,$334.20 ,$315.81 
10/10/18,$325.89 ,17063660,$353.52 ,$355.15 ,$325.39 
10/9/18,$355.71 ,8730976,$348.48 ,$358.72 ,$347.09 
10/8/18,$349.10 ,12367510,$345.18 ,$352.95 ,$338.11 
10/5/18,$351.35 ,13512410,$359.77 ,$363.50 ,$343.00 
10/4/18,$363.65 ,9052362,$375.88 ,$375.92 ,$360.40 
10/3/18,$377.05 ,5791686,$378.53 ,$380.93 ,$374.88 
10/2/18,$377.14 ,8620881,$384.38 ,$386.80 ,$373.83 
10/1/18,$381.43 ,8339887,$375.85 ,$386.11 ,$375.59 
9/28/18,$374.13 ,7104066,$379.24 ,$380.80 ,$373.73 
9/27/18,$380.71 ,7295123,$379.87 ,$383.20 ,$376.00 
9/26/18,$377.88 ,13540220,$373.59 ,$382.00 ,$370.88 
9/25/18,$369.43 ,6775710,$370.23 ,$371.34 ,$364.49 
9/24/18,$369.61 ,9284561,$359.00 ,$373.64 ,$354.33 
9/21/18,$361.19 ,11894650,$366.59 ,$372.22 ,$360.74 
9/20/18,$365.36 ,6756310,$370.26 ,$370.26 ,$363.17 
9/19/18,$366.96 ,11842150,$373.95 ,$377.61 ,$359.17 
9/18/18,$367.65 ,10387420,$353.67 ,$368.15 ,$351.56 
9/17/18,$350.35 ,7017306,$364.22 ,$367.33 ,$349.57 
9/14/18,$364.56 ,4735893,$368.55 ,$371.09 ,$363.46 
9/13/18,$368.15 ,8349938,$371.91 ,$374.09 ,$366.84 
9/12/18,$369.95 ,10360140,$359.08 ,$370.43 ,$356.24 
9/11/18,$355.93 ,6190391,$344.67 ,$356.15 ,$343.90 
9/10/18,$348.41 ,5732200,$352.27 ,$352.50 ,$343.08 
9/7/18,$348.68 ,9094700,$342.20 ,$355.75 ,$341.25 
9/6/18,$346.46 ,13029930,$347.44 ,$356.00 ,$341.99 
9/5/18,$341.18 ,13072940,$360.00 ,$363.39 ,$335.83 
9/4/18,$363.60 ,7590605,$366.47 ,$368.88 ,$361.26 
8/31/18,$367.68 ,7918045,$370.66 ,$376.00 ,$367.08 
8/30/18,$370.98 ,10969500,$365.00 ,$376.81 ,$363.54 
8/29/18,$368.04 ,8103592,$367.20 ,$369.86 ,$362.91 
8/28/18,$368.49 ,9190409,$367.23 ,$369.99 ,$360.38 
8/27/18,$364.58 ,17371910,$367.15 ,$374.49 ,$360.00 
8/24/18,$358.82 ,14705630,$346.00 ,$359.15 ,$344.54 
8/23/18,$339.17 ,11312170,$348.11 ,$350.08 ,$337.65 
8/22/18,$344.44 ,8912548,$338.49 ,$346.21 ,$337.41 
8/21/18,$338.02 ,14501880,$331.00 ,$341.50 ,$329.70 
8/20/18,$327.73 ,13564480,$314.64 ,$331.60 ,$310.93 
8/17/18,$316.78 ,10370280,$319.01 ,$324.37 ,$312.96 
8/16/18,$322.44 ,6674219,$329.90 ,$331.17 ,$321.21 
8/15/18,$326.40 ,11746500,$334.03 ,$335.50 ,$321.00 
8/14/18,$337.49 ,5791723,$342.09 ,$342.41 ,$336.25 
8/13/18,$341.31 ,6884455,$339.89 ,$347.19 ,$339.07 
8/10/18,$345.87 ,4327581,$346.91 ,$349.10 ,$344.42 
8/9/18,$349.36 ,4680889,$347.96 ,$352.44 ,$345.82 
8/8/18,$347.61 ,5392715,$352.21 ,$352.29 ,$346.61 
8/7/18,$351.83 ,7952555,$353.23 ,$357.31 ,$349.01 
8/6/18,$350.92 ,8186587,$342.87 ,$351.98 ,$341.74 
8/3/18,$343.09 ,8836308,$347.75 ,$347.86 ,$338.48 
8/2/18,$344.50 ,7111670,$337.23 ,$345.00 ,$334.71 
8/1/18,$338.38 ,7761986,$335.87 ,$344.41 ,$334.02 
7/31/18,$337.45 ,14039440,$331.51 ,$342.50 ,$328.00 
7/30/18,$334.96 ,18227810,$351.93 ,$352.03 ,$334.02 
7/27/18,$355.21 ,8938523,$366.85 ,$367.00 ,$351.65 
7/26/18,$363.09 ,6961506,$358.19 ,$365.54 ,$356.63 
7/25/18,$362.87 ,8382441,$357.57 ,$363.28 ,$355.65 
7/24/18,$357.32 ,12829360,$366.94 ,$367.40 ,$354.56 
7/23/18,$362.66 ,11463490,$359.15 ,$363.90 ,$353.60 
7/20/18,$361.05 ,15089420,$364.92 ,$370.50 ,$360.14 
7/19/18,$364.23 ,16829630,$371.06 ,$375.75 ,$363.00 
7/18/18,$375.13 ,21706840,$381.24 ,$383.13 ,$372.36 
7/17/18,$379.48 ,58303640,$346.95 ,$385.00 ,$344.00 
7/16/18,$400.48 ,22225460,$398.98 ,$403.36 ,$391.75 
7/13/18,$395.80 ,15695110,$409.19 ,$410.00 ,$395.08 
7/12/18,$413.50 ,12703940,$415.16 ,$416.79 ,$407.80 
7/11/18,$418.65 ,9635060,$411.34 ,$419.77 ,$410.60 
7/10/18,$415.63 ,9205902,$417.24 ,$419.44 ,$413.08 
7/9/18,$418.97 ,11091340,$415.95 ,$419.12 ,$411.10 
7/6/18,$408.25 ,8568382,$397.45 ,$408.65 ,$395.52 
7/5/18,$398.39 ,8418116,$393.80 ,$399.24 ,$390.86 
7/3/18,$390.52 ,5280344,$399.49 ,$399.98 ,$389.50 
7/2/18,$398.18 ,8125655,$385.45 ,$398.38 ,$380.00 
6/29/18,$391.43 ,9228678,$399.19 ,$401.33 ,$390.55 
6/28/18,$395.42 ,12202630,$395.00 ,$396.90 ,$387.10 
6/27/18,$390.39 ,16495200,$407.56 ,$411.59 ,$390.00 
6/26/18,$399.39 ,15165630,$393.28 ,$404.78 ,$389.05 
6/25/18,$384.48 ,22458240,$404.69 ,$405.99 ,$378.75 
6/22/18,$411.09 ,10410580,$419.98 ,$420.50 ,$409.65 
6/21/18,$415.44 ,18048570,$421.38 ,$423.21 ,$406.37 
6/20/18,$416.76 ,16453370,$415.15 ,$419.47 ,$409.60 
6/19/18,$404.98 ,16673810,$389.50 ,$405.29 ,$388.50 
6/18/18,$390.40 ,6800984,$387.72 ,$393.16 ,$386.50 
6/15/18,$391.98 ,13569210,$390.71 ,$398.86 ,$387.51 
6/14/18,$392.87 ,14549540,$384.27 ,$395.03 ,$383.25 
6/13/18,$379.93 ,18186020,$367.53 ,$384.25 ,$364.11 
6/12/18,$363.83 ,4220072,$363.60 ,$365.98 ,$362.00 
6/11/18,$361.45 ,4415776,$361.88 ,$365.67 ,$360.91 
6/8/18,$360.57 ,5222873,$358.06 ,$362.39 ,$356.25 
6/7/18,$361.40 ,8260323,$368.54 ,$368.70 ,$357.80 
6/6/18,$367.45 ,7700033,$367.78 ,$369.68 ,$363.33 
6/5/18,$365.80 ,8346886,$363.32 ,$369.83 ,$361.41 
6/4/18,$361.81 ,7662865,$362.69 ,$363.00 ,$355.51 
6/1/18,$359.93 ,7102421,$353.88 ,$359.99 ,$352.82 
5/31/18,$351.60 ,6906813,$353.80 ,$355.53 ,$350.21 
5/30/18,$353.54 ,5658169,$352.37 ,$354.00 ,$349.26 
5/29/18,$349.73 ,9700413,$351.50 ,$356.10 ,$346.71 
5/25/18,$351.29 ,7801602,$349.90 ,$354.36 ,$348.83 
5/24/18,$349.29 ,14493130,$344.34 ,$354.00 ,$341.12 
5/23/18,$344.72 ,10021210,$329.04 ,$345.00 ,$328.09 
5/22/18,$331.62 ,5916643,$334.05 ,$336.63 ,$331.15 
5/21/18,$331.82 ,6596446,$327.11 ,$331.88 ,$325.45 
5/18/18,$324.18 ,3574961,$324.90 ,$326.42 ,$322.80 
5/17/18,$325.22 ,4927856,$327.53 ,$330.45 ,$323.17 
5/16/18,$328.19 ,3664326,$326.28 ,$329.72 ,$325.14 
5/15/18,$326.13 ,4739263,$325.94 ,$326.94 ,$322.43 
5/14/18,$328.53 ,4086250,$327.25 ,$330.50 ,$327.04 
5/11/18,$326.46 ,4584430,$329.65 ,$331.26 ,$324.87 
5/10/18,$329.60 ,5232784,$331.50 ,$332.06 ,$327.34 
5/9/18,$330.30 ,5623407,$328.79 ,$331.95 ,$327.51 
5/8/18,$326.89 ,4694953,$325.90 ,$327.35 ,$323.05 
5/7/18,$326.26 ,7121198,$321.99 ,$329.02 ,$319.34 
5/4/18,$320.09 ,8204203,$308.71 ,$320.98 ,$307.67 
5/3/18,$311.69 ,6037386,$312.59 ,$312.59 ,$305.73 
5/2/18,$313.36 ,5577613,$311.65 ,$317.10 ,$310.40 
5/1/18,$313.30 ,6014838,$310.36 ,$313.48 ,$306.69 
4/30/18,$312.46 ,6066764,$311.07 ,$317.88 ,$310.12 
4/27/18,$311.76 ,7070118,$316.25 ,$317.45 ,$306.50 
4/26/18,$313.98 ,9223707,$310.00 ,$316.63 ,$305.58 
4/25/18,$305.76 ,14763940,$306.37 ,$309.98 ,$292.62 
4/24/18,$307.02 ,13873450,$319.22 ,$320.25 ,$302.31 
4/23/18,$318.69 ,8871631,$329.15 ,$331.22 ,$317.08 
4/20/18,$327.77 ,9116941,$332.22 ,$336.51 ,$326.00 
4/19/18,$332.70 ,8420032,$332.88 ,$335.31 ,$326.77 
4/18/18,$334.52 ,11175190,$336.30 ,$338.82 ,$331.10 
4/17/18,$336.06 ,33811180,$329.66 ,$338.62 ,$323.77 
4/16/18,$307.78 ,19782250,$315.99 ,$316.10 ,$304.00 
4/13/18,$311.65 ,12001850,$317.29 ,$317.49 ,$308.23 
4/12/18,$309.25 ,10206660,$309.72 ,$311.13 ,$306.75 
4/11/18,$303.67 ,14839040,$302.89 ,$311.64 ,$301.82 
4/10/18,$298.07 ,10669840,$297.68 ,$298.95 ,$291.69 
4/9/18,$289.93 ,9833068,$291.77 ,$299.55 ,$289.12 
4/6/18,$288.85 ,11362890,$289.10 ,$298.85 ,$285.65 
4/5/18,$293.97 ,10569180,$293.15 ,$299.16 ,$289.11 
4/4/18,$288.94 ,12892670,$273.63 ,$290.31 ,$271.22 
4/3/18,$283.67 ,12669270,$285.45 ,$291.25 ,$278.01 
4/2/18,$280.29 ,13343310,$291.94 ,$292.87 ,$275.05 
3/29/18,$295.35 ,19115850,$287.00 ,$295.35 ,$275.90 
3/28/18,$285.77 ,18949520,$298.39 ,$298.80 ,$281.61 
3/27/18,$300.69 ,12028240,$322.49 ,$322.90 ,$297.00 
3/26/18,$320.35 ,11970640,$309.36 ,$321.03 ,$302.00 
3/23/18,$300.94 ,9504181,$307.41 ,$310.73 ,$300.36 
3/22/18,$306.70 ,7959714,$313.07 ,$314.12 ,$305.66 
3/21/18,$316.48 ,5061869,$316.35 ,$319.40 ,$314.51 
3/20/18,$317.50 ,5983240,$313.26 ,$319.50 ,$312.80 
3/19/18,$313.48 ,9844201,$315.80 ,$317.00 ,$307.34 
3/16/18,$318.45 ,7315268,$321.42 ,$324.11 ,$318.37 
3/15/18,$321.09 ,5465467,$323.17 ,$323.40 ,$318.14 
3/14/18,$321.55 ,10463840,$318.16 ,$323.88 ,$317.70 
3/13/18,$315.88 ,12878750,$323.87 ,$325.84 ,$313.28 
3/12/18,$321.30 ,20277420,$333.56 ,$333.98 ,$318.60 
3/9/18,$331.44 ,14320240,$321.33 ,$331.44 ,$320.23 
3/8/18,$317.00 ,11366700,$322.20 ,$322.92 ,$314.13 
3/7/18,$321.16 ,17110740,$320.00 ,$323.74 ,$314.55 
3/6/18,$325.22 ,18245450,$319.88 ,$325.79 ,$316.50 
3/5/18,$315.00 ,18957770,$302.85 ,$316.91 ,$297.60 
3/2/18,$301.05 ,13278500,$284.65 ,$301.18 ,$283.23 
3/1/18,$290.39 ,11892990,$292.75 ,$295.25 ,$283.83 
2/28/18,$291.38 ,7501444,$293.10 ,$295.75 ,$290.78 
2/27/18,$290.61 ,9247414,$294.77 ,$297.36 ,$290.59 
2/26/18,$294.16 ,10256830,$288.75 ,$295.65 ,$287.01 
2/23/18,$285.93 ,7292789,$281.00 ,$286.00 ,$277.81 
2/22/18,$278.14 ,8878337,$283.88 ,$284.50 ,$274.45 
2/21/18,$281.04 ,9348109,$282.07 ,$286.64 ,$280.01 
2/20/18,$278.55 ,7754759,$277.74 ,$285.81 ,$276.61 
2/16/18,$278.52 ,8302883,$278.73 ,$281.96 ,$275.69 
2/15/18,$280.27 ,10724010,$270.03 ,$280.50 ,$267.63 
2/14/18,$266.00 ,10948740,$260.47 ,$269.88 ,$260.33 
2/13/18,$258.27 ,6805745,$257.29 ,$261.41 ,$254.70 
2/12/18,$257.95 ,8518564,$252.14 ,$259.15 ,$249.00 
2/9/18,$249.47 ,16899060,$253.85 ,$255.80 ,$236.11 
2/8/18,$250.10 ,9267707,$267.08 ,$267.62 ,$250.00 
2/7/18,$264.56 ,8729209,$266.58 ,$272.45 ,$264.33 
2/6/18,$265.72 ,12412240,$247.70 ,$266.70 ,$245.00 
2/5/18,$254.26 ,11816490,$262.00 ,$267.90 ,$250.03 
2/2/18,$267.43 ,9030600,$263.00 ,$270.62 ,$262.71 
2/1/18,$265.07 ,9651161,$266.41 ,$271.95 ,$263.38 
1/31/18,$270.30 ,11653530,$281.94 ,$282.29 ,$269.58 
1/30/18,$278.80 ,12055820,$277.00 ,$282.73 ,$272.70 
1/29/18,$284.59 ,17377340,$274.20 ,$286.81 ,$273.92 
1/26/18,$274.60 ,10932370,$271.49 ,$274.60 ,$268.76 
1/25/18,$269.70 ,15311560,$263.00 ,$272.30 ,$260.23 
1/24/18,$261.30 ,17193780,$250.88 ,$261.71 ,$249.31 
1/23/18,$250.29 ,27637170,$255.05 ,$257.71 ,$248.02 
1/22/18,$227.58 ,17128090,$222.00 ,$227.79 ,$221.20 
1/19/18,$220.46 ,10356210,$222.75 ,$223.49 ,$218.50 
1/18/18,$220.33 ,8212094,$220.34 ,$220.58 ,$216.55 
1/17/18,$217.50 ,9070403,$221.00 ,$221.15 ,$216.32 
1/16/18,$221.53 ,13495260,$224.24 ,$226.07 ,$217.20 
1/12/18,$221.23 ,8190531,$217.18 ,$222.55 ,$216.00 
1/11/18,$217.24 ,6988980,$214.29 ,$217.75 ,$213.35 
1/10/18,$212.52 ,5948247,$207.57 ,$213.64 ,$206.91 
1/9/18,$209.31 ,6111640,$212.11 ,$212.98 ,$208.59 
1/8/18,$212.05 ,5550909,$210.02 ,$212.50 ,$208.44 
1/5/18,$209.99 ,7003241,$207.25 ,$210.02 ,$205.59 
1/4/18,$205.63 ,6019937,$206.20 ,$207.05 ,$204.00 
1/3/18,$205.05 ,8585808,$202.05 ,$206.21 ,$201.50 
1/2/18,$201.07 ,10891830,$196.10 ,$201.65 ,$195.42 
12/29/17,$191.96 ,5180539,$192.51 ,$193.95 ,$191.22 
12/28/17,$192.71 ,10097040,$187.18 ,$194.49 ,$186.85 
12/27/17,$186.24 ,3990782,$187.80 ,$188.10 ,$185.22 
12/26/17,$187.76 ,3044444,$189.78 ,$189.94 ,$186.40 
12/22/17,$189.94 ,3772823,$188.33 ,$190.95 ,$186.80 
12/21/17,$188.62 ,3548372,$189.44 ,$190.95 ,$187.58 
12/20/17,$188.82 ,6408432,$187.94 ,$189.11 ,$185.26 
12/19/17,$187.02 ,7025428,$190.18 ,$190.30 ,$185.75 
12/18/17,$190.42 ,5007915,$191.20 ,$191.65 ,$188.90 
12/15/17,$190.12 ,7272899,$189.61 ,$191.43 ,$188.01 
12/14/17,$189.56 ,7758883,$187.98 ,$192.64 ,$187.20 
12/13/17,$187.86 ,4702165,$186.10 ,$188.69 ,$185.41 
12/12/17,$185.73 ,4165826,$186.01 ,$187.85 ,$184.82 
12/11/17,$186.22 ,5253442,$187.85 ,$189.42 ,$185.91 
12/8/17,$188.54 ,4964188,$186.50 ,$189.42 ,$186.30 
12/7/17,$185.20 ,4656700,$185.71 ,$187.34 ,$183.22 
12/6/17,$185.30 ,5355126,$183.38 ,$186.48 ,$182.88 
12/5/17,$184.21 ,5781783,$183.50 ,$188.14 ,$181.19 
12/4/17,$184.04 ,9066897,$189.36 ,$189.72 ,$178.38 
12/1/17,$186.82 ,6216025,$186.99 ,$189.80 ,$185.00 
11/30/17,$187.58 ,6615516,$190.31 ,$190.86 ,$186.68 
11/29/17,$188.15 ,14180450,$198.91 ,$199.03 ,$184.32 
11/28/17,$199.18 ,6975416,$195.34 ,$199.68 ,$194.01 
11/27/17,$195.05 ,3200207,$195.56 ,$195.85 ,$194.00 
11/24/17,$195.75 ,2160535,$196.65 ,$196.90 ,$195.33 
11/22/17,$196.32 ,5892321,$196.58 ,$196.75 ,$193.63 
11/21/17,$196.23 ,4618281,$195.04 ,$197.52 ,$194.97 
11/20/17,$194.10 ,3748824,$193.30 ,$194.32 ,$191.90 
11/17/17,$193.20 ,3902383,$195.74 ,$195.95 ,$192.65 
11/16/17,$195.51 ,5669799,$194.33 ,$197.70 ,$193.75 
11/15/17,$192.12 ,4198868,$194.54 ,$195.42 ,$191.53 
11/14/17,$195.71 ,3440382,$193.64 ,$195.88 ,$193.00 
11/13/17,$195.08 ,4605285,$191.12 ,$196.05 ,$191.00 
11/10/17,$192.02 ,6619613,$191.61 ,$192.59 ,$189.50 
11/9/17,$193.90 ,5959214,$194.46 ,$194.49 ,$190.81 
11/8/17,$196.44 ,4233343,$196.00 ,$197.09 ,$194.74 
11/7/17,$195.89 ,6460587,$200.00 ,$200.61 ,$194.80 
11/6/17,$200.13 ,5845181,$200.00 ,$202.48 ,$198.09 
11/3/17,$200.01 ,3676766,$199.80 ,$200.55 ,$197.99 
11/2/17,$199.32 ,3596049,$197.45 ,$199.44 ,$197.09 
11/1/17,$198.00 ,5007021,$197.24 ,$199.20 ,$196.00 
10/31/17,$196.43 ,5511925,$198.21 ,$198.59 ,$195.22 
10/30/17,$198.37 ,5434844,$199.62 ,$201.10 ,$197.07 
10/27/17,$199.54 ,8122338,$197.20 ,$200.65 ,$196.22 
10/26/17,$195.21 ,5173212,$194.66 ,$197.61 ,$194.08 
10/25/17,$193.77 ,5313036,$195.38 ,$197.06 ,$193.01 
10/24/17,$196.02 ,7052166,$192.75 ,$196.74 ,$191.40 
10/23/17,$192.47 ,6975651,$194.17 ,$194.90 ,$191.03 
10/20/17,$194.16 ,5989595,$195.90 ,$196.38 ,$193.77 
10/19/17,$195.13 ,7030873,$193.01 ,$195.25 ,$191.16 
10/18/17,$195.54 ,11188190,$199.99 ,$200.01 ,$194.25 
10/17/17,$199.48 ,23855850,$200.11 ,$204.38 ,$197.77 
10/16/17,$202.68 ,21777940,$201.95 ,$202.83 ,$197.86 
10/13/17,$199.49 ,12046030,$199.70 ,$200.82 ,$197.19 
10/12/17,$195.86 ,7765111,$196.75 ,$198.62 ,$194.71 
10/11/17,$194.95 ,6438060,$195.57 ,$196.22 ,$193.81 
10/10/17,$195.08 ,6231196,$197.85 ,$198.30 ,$192.10 
10/9/17,$196.87 ,6966384,$199.10 ,$199.40 ,$196.56 
10/6/17,$198.02 ,15253890,$194.30 ,$198.92 ,$192.05 
10/5/17,$194.39 ,19360960,$185.65 ,$194.49 ,$184.49 
10/4/17,$184.45 ,9190513,$181.41 ,$186.70 ,$181.25 
10/3/17,$179.19 ,3952185,$177.65 ,$179.70 ,$177.55 
10/2/17,$177.01 ,7335949,$182.11 ,$182.80 ,$176.58 
9/29/17,$181.35 ,4221112,$180.73 ,$182.90 ,$180.65 
9/28/17,$180.70 ,4074395,$181.25 ,$181.95 ,$179.36 
9/27/17,$181.97 ,4988515,$181.01 ,$183.34 ,$180.70 
9/26/17,$179.38 ,5599875,$180.70 ,$180.95 ,$176.55 
9/25/17,$178.55 ,9359710,$186.46 ,$186.55 ,$177.70 
9/22/17,$187.35 ,5456048,$188.40 ,$189.85 ,$186.39 
9/21/17,$188.78 ,7141660,$185.82 ,$189.95 ,$184.51 
9/20/17,$185.51 ,4613591,$186.10 ,$186.50 ,$183.20 
9/19/17,$185.68 ,4963088,$184.98 ,$186.23 ,$184.17 
9/18/17,$184.62 ,5355228,$183.61 ,$185.45 ,$182.73 
9/15/17,$182.35 ,5577062,$182.73 ,$184.93 ,$181.43 
9/14/17,$182.63 ,4500701,$183.25 ,$185.29 ,$182.07 
9/13/17,$183.64 ,4312431,$184.07 ,$184.50 ,$182.55 
9/12/17,$185.15 ,6681405,$182.55 ,$185.33 ,$180.64 
9/11/17,$181.74 ,5974055,$178.10 ,$182.47 ,$178.03 
9/8/17,$176.42 ,4589146,$178.45 ,$180.39 ,$176.25 
9/7/17,$179.00 ,6015599,$178.80 ,$180.35 ,$177.10 
9/6/17,$179.25 ,8736860,$175.25 ,$179.46 ,$173.73 
9/5/17,$174.52 ,4595245,$173.40 ,$175.88 ,$172.44 
9/1/17,$174.74 ,3810598,$175.55 ,$176.48 ,$173.92 
8/31/17,$174.71 ,6931894,$175.45 ,$176.24 ,$173.86 
8/30/17,$174.69 ,8026646,$169.50 ,$174.85 ,$169.37 
8/29/17,$168.81 ,4615061,$165.00 ,$169.68 ,$164.73 
8/28/17,$167.12 ,3644835,$166.43 ,$168.67 ,$165.60 
8/25/17,$165.95 ,4060283,$168.58 ,$168.75 ,$165.50 
8/24/17,$168.13 ,5358588,$169.86 ,$171.24 ,$166.15 
8/23/17,$169.06 ,4630286,$168.35 ,$169.64 ,$166.70 
8/22/17,$169.34 ,4881545,$167.76 ,$169.93 ,$167.04 
8/21/17,$166.76 ,6475177,$166.91 ,$168.99 ,$164.23 
8/18/17,$166.54 ,7382033,$165.95 ,$169.97 ,$165.80 
8/17/17,$166.09 ,5192068,$169.23 ,$170.58 ,$165.72 
8/16/17,$169.98 ,7008791,$167.50 ,$170.50 ,$166.25 
8/15/17,$168.50 ,5531580,$171.53 ,$171.88 ,$168.25 
8/14/17,$171.00 ,7463217,$169.80 ,$172.45 ,$168.80 
8/11/17,$171.40 ,5020823,$169.86 ,$172.58 ,$169.00 
8/10/17,$169.14 ,9622203,$174.03 ,$174.45 ,$167.60 
8/9/17,$175.78 ,9658249,$171.43 ,$175.96 ,$170.01 
8/8/17,$178.36 ,5951139,$181.37 ,$181.91 ,$177.45 
8/7/17,$181.33 ,4607985,$181.00 ,$182.27 ,$179.10 
8/4/17,$180.27 ,4488247,$179.60 ,$181.00 ,$178.50 
8/3/17,$179.23 ,4621346,$180.53 ,$181.22 ,$178.02 
8/2/17,$180.74 ,5759754,$182.22 ,$182.57 ,$177.81 
8/1/17,$182.03 ,5057534,$182.49 ,$184.62 ,$181.43 
7/31/17,$181.66 ,4865555,$184.26 ,$184.97 ,$180.65 
7/28/17,$184.04 ,6200163,$182.00 ,$185.03 ,$181.18 
7/27/17,$182.68 ,11215160,$189.89 ,$190.00 ,$179.38 
7/26/17,$189.08 ,4463927,$187.70 ,$189.70 ,$187.51 
7/25/17,$186.97 ,5370777,$187.79 ,$188.66 ,$185.81 
7/24/17,$187.91 ,8787797,$188.69 ,$190.25 ,$187.01 
7/21/17,$188.54 ,9258337,$182.72 ,$191.50 ,$182.71 
7/20/17,$183.60 ,7873110,$183.84 ,$185.92 ,$182.70 
7/19/17,$183.86 ,17240990,$182.97 ,$187.17 ,$181.75 
7/18/17,$183.60 ,41525590,$176.12 ,$185.00 ,$174.24 
7/17/17,$161.70 ,16681910,$162.91 ,$163.55 ,$160.02 
7/14/17,$161.12 ,5520100,$159.30 ,$161.35 ,$157.97 
7/13/17,$158.21 ,6694418,$158.51 ,$160.13 ,$156.98 
7/12/17,$158.75 ,8283452,$155.77 ,$158.80 ,$155.77 
7/11/17,$154.33 ,4887326,$152.37 ,$155.23 ,$151.55 
7/10/17,$152.67 ,5201728,$150.34 ,$153.23 ,$149.65 
7/7/17,$150.18 ,5494083,$146.65 ,$150.75 ,$146.65 
7/6/17,$146.25 ,5483358,$146.13 ,$147.27 ,$144.25 
7/5/17,$147.61 ,4621712,$146.58 ,$148.26 ,$145.58 
7/3/17,$146.17 ,3908215,$149.80 ,$150.45 ,$145.80 
6/30/17,$149.41 ,5210381,$149.76 ,$150.71 ,$148.42 
6/29/17,$150.09 ,7140247,$152.82 ,$152.82 ,$148.00 
6/28/17,$153.41 ,5585346,$151.64 ,$154.20 ,$150.12 
6/27/17,$151.03 ,7418109,$156.62 ,$156.98 ,$150.72 
6/26/17,$157.50 ,6008732,$158.78 ,$159.97 ,$156.56 
6/23/17,$158.02 ,6248042,$155.01 ,$158.19 ,$153.76 
6/22/17,$154.89 ,3765517,$155.13 ,$155.20 ,$153.70 
6/21/17,$155.03 ,5795132,$152.50 ,$155.38 ,$152.26 
6/20/17,$152.05 ,4876683,$153.68 ,$154.50 ,$151.40 
6/19/17,$153.40 ,6523551,$154.29 ,$155.58 ,$152.41 
6/16/17,$152.38 ,6807227,$151.45 ,$153.53 ,$150.39 
6/15/17,$151.76 ,7001046,$149.44 ,$152.56 ,$147.30 
6/14/17,$152.20 ,6452765,$154.34 ,$155.62 ,$150.28 
6/13/17,$152.72 ,8475433,$154.38 ,$155.68 ,$150.13 
6/12/17,$151.44 ,14093750,$155.30 ,$155.53 ,$148.31 
6/9/17,$158.03 ,10284740,$166.27 ,$166.27 ,$154.50 
6/8/17,$165.88 ,3702747,$166.12 ,$166.87 ,$164.84 
6/7/17,$165.61 ,3350386,$165.60 ,$166.40 ,$164.41 
6/6/17,$165.17 ,4372886,$164.95 ,$166.82 ,$164.51 
6/5/17,$165.06 ,3869108,$165.49 ,$165.50 ,$163.43 
6/2/17,$165.18 ,4254060,$163.42 ,$165.36 ,$162.80 
6/1/17,$162.99 ,3886772,$163.52 ,$163.93 ,$161.70 
5/31/17,$163.07 ,5340487,$163.61 ,$164.00 ,$160.74 
5/30/17,$163.22 ,4824557,$163.60 ,$164.75 ,$162.71 
5/26/17,$162.43 ,4827059,$162.84 ,$163.05 ,$161.12 
5/25/17,$163.05 ,8546534,$161.00 ,$164.10 ,$160.55 
5/24/17,$157.75 ,2987583,$158.35 ,$158.48 ,$157.17 
5/23/17,$157.95 ,3366049,$157.75 ,$158.31 ,$156.80 
5/22/17,$157.16 ,3736670,$157.86 ,$158.60 ,$156.43 
5/19/17,$157.02 ,4066231,$156.15 ,$158.05 ,$155.91 
5/18/17,$155.70 ,6285353,$153.61 ,$156.89 ,$153.24 
5/17/17,$153.20 ,8163606,$158.09 ,$158.78 ,$153.00 
5/16/17,$159.41 ,3453054,$160.50 ,$161.18 ,$159.33 
5/15/17,$160.02 ,4962525,$160.25 ,$161.78 ,$159.76 
5/12/17,$160.81 ,5090191,$159.11 ,$160.84 ,$158.51 
5/11/17,$158.54 ,5674144,$160.33 ,$160.52 ,$157.55 
5/10/17,$160.28 ,6861501,$157.82 ,$161.10 ,$156.56 
5/9/17,$157.46 ,3908571,$156.10 ,$157.85 ,$155.97 
5/8/17,$156.38 ,4815698,$156.55 ,$157.64 ,$155.30 
5/5/17,$156.60 ,5323438,$158.55 ,$158.59 ,$155.90 
5/4/17,$157.25 ,5556821,$155.59 ,$157.90 ,$154.55 
5/3/17,$155.59 ,3926516,$156.29 ,$156.54 ,$154.88 
5/2/17,$156.45 ,5095295,$155.76 ,$156.50 ,$154.61 
5/1/17,$155.35 ,9015042,$151.91 ,$157.70 ,$151.61 
4/28/17,$152.20 ,6359327,$152.71 ,$152.97 ,$150.94 
4/27/17,$153.08 ,7706060,$150.60 ,$153.49 ,$149.30 
4/26/17,$150.17 ,9262866,$151.53 ,$152.15 ,$148.90 
4/25/17,$152.16 ,20655120,$147.46 ,$153.52 ,$146.22 
4/24/17,$143.83 ,4792932,$143.61 ,$144.50 ,$143.40 
4/21/17,$142.87 ,6246613,$141.39 ,$143.03 ,$140.90 
4/20/17,$141.18 ,7244579,$140.30 ,$141.80 ,$139.27 
4/19/17,$139.76 ,12387400,$143.37 ,$144.00 ,$138.66 
4/18/17,$143.36 ,19662640,$147.34 ,$147.40 ,$140.00 
4/17/17,$147.25 ,15993460,$144.43 ,$147.32 ,$144.43 
4/13/17,$142.92 ,3676127,$144.25 ,$144.55 ,$142.76 
4/12/17,$143.83 ,4383524,$144.85 ,$145.74 ,$143.55 
4/11/17,$144.35 ,4619263,$144.28 ,$144.54 ,$141.98 
4/10/17,$143.85 ,5796446,$143.04 ,$144.65 ,$141.21 
4/7/17,$143.11 ,3032571,$143.79 ,$143.89 ,$142.71 
4/6/17,$143.74 ,3306032,$144.00 ,$144.14 ,$143.01 
4/5/17,$143.62 ,4584578,$146.19 ,$146.25 ,$143.26 
4/4/17,$145.50 ,4345284,$146.84 ,$147.09 ,$144.89 
4/3/17,$146.92 ,4604731,$146.70 ,$148.01 ,$145.74 
3/31/17,$147.81 ,3880682,$148.00 ,$148.23 ,$147.33 
3/30/17,$148.06 ,4452168,$146.81 ,$148.29 ,$146.53 
3/29/17,$146.47 ,3847977,$145.50 ,$147.18 ,$144.91 
3/28/17,$145.17 ,4636300,$144.10 ,$146.11 ,$143.92 
3/27/17,$144.06 ,4768197,$140.83 ,$144.39 ,$140.00 
3/24/17,$142.02 ,3545875,$142.36 ,$142.80 ,$141.58 
3/23/17,$141.84 ,3703193,$142.14 ,$142.89 ,$141.26 
3/22/17,$142.65 ,6474086,$142.55 ,$143.80 ,$140.76 
3/21/17,$142.42 ,7655386,$146.75 ,$147.70 ,$142.10 
3/20/17,$145.83 ,3396361,$145.45 ,$146.25 ,$144.58 
3/17/17,$145.11 ,6216640,$144.05 ,$145.76 ,$143.40 
3/16/17,$144.39 ,5277214,$145.50 ,$146.50 ,$144.22 
3/15/17,$145.25 ,5984101,$144.20 ,$145.52 ,$143.23 
3/14/17,$143.19 ,4656787,$142.95 ,$143.31 ,$141.70 
3/13/17,$143.52 ,4915057,$140.90 ,$143.71 ,$140.32 
3/10/17,$140.89 ,3315903,$141.39 ,$141.80 ,$140.28 
3/9/17,$140.53 ,2647374,$140.04 ,$141.24 ,$139.74 
3/8/17,$140.32 ,4088940,$141.47 ,$142.06 ,$139.77 
3/7/17,$141.43 ,4239418,$141.99 ,$142.40 ,$140.38 
3/6/17,$141.94 ,7111248,$141.00 ,$142.84 ,$140.54 
3/3/17,$139.14 ,5400667,$139.69 ,$140.91 ,$138.26 
3/2/17,$139.53 ,6114580,$142.15 ,$142.70 ,$139.09 
3/1/17,$142.65 ,4167969,$142.84 ,$143.26 ,$142.10 
2/28/17,$142.13 ,3860016,$143.30 ,$143.57 ,$141.85 
2/27/17,$143.41 ,3905819,$143.12 ,$143.92 ,$142.38 
2/24/17,$143.25 ,3299619,$141.88 ,$143.56 ,$141.55 
2/23/17,$142.78 ,4665564,$144.45 ,$144.49 ,$141.52 
2/22/17,$143.86 ,3478736,$142.92 ,$144.00 ,$142.17 
2/21/17,$142.60 ,3563209,$142.99 ,$143.38 ,$141.81 
2/17/17,$142.22 ,4585496,$141.75 ,$142.90 ,$141.27 
2/16/17,$142.01 ,2843942,$142.42 ,$142.44 ,$141.07 
2/15/17,$142.27 ,5289876,$140.72 ,$142.43 ,$140.51 
2/14/17,$140.82 ,8364146,$143.20 ,$144.11 ,$140.05 
2/13/17,$143.20 ,4787338,$145.19 ,$145.95 ,$143.05 
2/10/17,$144.82 ,5529672,$144.68 ,$145.30 ,$143.97 
2/9/17,$144.14 ,4549760,$144.98 ,$145.09 ,$143.58 
2/8/17,$144.74 ,6880937,$143.57 ,$145.07 ,$142.56 
2/7/17,$144.00 ,8533846,$141.49 ,$144.28 ,$141.05 
2/6/17,$140.97 ,3543204,$140.00 ,$141.00 ,$139.16 
2/3/17,$140.25 ,3509764,$139.51 ,$140.64 ,$139.10 
2/2/17,$139.20 ,3457803,$140.61 ,$141.04 ,$139.05 
2/1/17,$140.78 ,6019300,$141.20 ,$142.41 ,$139.30 
1/31/17,$140.71 ,4404557,$140.55 ,$141.83 ,$139.70 
1/30/17,$141.22 ,8115884,$141.77 ,$141.97 ,$138.80 
1/27/17,$142.45 ,8306935,$139.46 ,$142.49 ,$139.00 
1/26/17,$138.96 ,6034554,$140.45 ,$141.21 ,$138.51 
1/25/17,$139.52 ,7607549,$140.80 ,$141.39 ,$139.05 
1/24/17,$140.11 ,7746640,$138.11 ,$140.93 ,$137.03 
1/23/17,$137.39 ,7428755,$138.65 ,$139.49 ,$137.31 
1/20/17,$138.60 ,9474655,$139.36 ,$140.79 ,$137.66 
1/19/17,$138.41 ,23181860,$142.01 ,$143.46 ,$138.25 
1/18/17,$133.26 ,15748300,$133.21 ,$133.65 ,$131.06 
1/17/17,$132.89 ,12193530,$135.04 ,$135.40 ,$132.09 
1/13/17,$133.70 ,10493120,$131.15 ,$133.93 ,$130.58 
1/12/17,$129.18 ,5383839,$130.63 ,$130.85 ,$128.50 
1/11/17,$130.50 ,5610963,$130.91 ,$131.50 ,$129.25 
1/10/17,$129.89 ,5982469,$131.27 ,$132.22 ,$129.29 
1/9/17,$130.95 ,5767217,$131.48 ,$131.99 ,$129.89 
1/6/17,$131.07 ,10651930,$132.08 ,$133.88 ,$129.81 
1/5/17,$131.81 ,9653379,$129.22 ,$132.75 ,$128.90 
1/4/17,$129.41 ,7833340,$127.49 ,$130.17 ,$126.55 
1/3/17,$127.49 ,9427706,$124.96 ,$128.19 ,$124.31 
12/30/16,$123.80 ,4452771,$126.24 ,$126.57 ,$123.60 
12/29/16,$125.33 ,3444066,$125.95 ,$126.14 ,$124.20 
12/28/16,$125.89 ,4368523,$129.07 ,$129.07 ,$125.76 
12/27/16,$128.35 ,5280624,$126.24 ,$129.05 ,$125.70 
12/23/16,$125.59 ,2010121,$125.61 ,$126.28 ,$125.08 
12/22/16,$125.58 ,4160767,$126.84 ,$127.50 ,$125.18 
12/21/16,$126.50 ,6499033,$125.53 ,$127.74 ,$125.00 
12/20/16,$125.12 ,3933171,$125.46 ,$126.30 ,$124.64 
12/19/16,$125.45 ,4863748,$124.30 ,$126.44 ,$122.87 
12/16/16,$124.22 ,7864162,$126.39 ,$126.68 ,$124.01 
12/15/16,$125.00 ,7374166,$123.44 ,$127.43 ,$122.95 
12/14/16,$123.44 ,6105620,$123.43 ,$124.40 ,$122.50 
12/13/16,$123.78 ,5528230,$123.51 ,$125.09 ,$122.78 
12/12/16,$122.83 ,3911511,$122.84 ,$124.03 ,$122.30 
12/9/16,$122.88 ,4697522,$123.78 ,$124.30 ,$121.73 
12/8/16,$123.24 ,8985030,$125.40 ,$126.35 ,$122.16 
12/7/16,$125.39 ,8188570,$124.48 ,$125.75 ,$123.25 
12/6/16,$124.57 ,11498380,$120.10 ,$124.79 ,$119.42 
12/5/16,$119.16 ,7620560,$120.73 ,$120.75 ,$118.40 
12/2/16,$120.81 ,8937134,$116.75 ,$120.98 ,$116.75 
12/1/16,$117.22 ,8632991,$117.52 ,$118.68 ,$113.95 
11/30/16,$117.00 ,7692293,$119.00 ,$120.37 ,$116.39 
11/29/16,$117.51 ,7081312,$117.30 ,$119.18 ,$117.13 
11/28/16,$116.93 ,5267321,$117.05 ,$117.62 ,$115.71 
11/25/16,$117.41 ,1616260,$117.64 ,$118.39 ,$117.18 
11/23/16,$117.69 ,4518610,$117.76 ,$118.89 ,$117.31 
11/22/16,$118.04 ,7005927,$118.32 ,$119.46 ,$116.98 
11/21/16,$117.96 ,7054753,$116.20 ,$118.72 ,$116.19 
11/18/16,$115.21 ,6742471,$115.73 ,$116.42 ,$113.51 
11/17/16,$115.03 ,6227332,$115.13 ,$116.81 ,$113.56 
11/16/16,$115.19 ,5928187,$112.96 ,$116.12 ,$111.81 
11/15/16,$113.59 ,7435934,$114.55 ,$116.41 ,$113.09 
11/14/16,$113.38 ,9928472,$114.75 ,$115.90 ,$110.68 
11/11/16,$114.78 ,11076290,$114.90 ,$116.63 ,$113.11 
11/10/16,$115.42 ,19693320,$122.76 ,$122.97 ,$113.70 
11/9/16,$122.19 ,7704905,$121.84 ,$123.65 ,$120.86 
11/8/16,$124.34 ,4674424,$124.12 ,$125.81 ,$123.22 
11/7/16,$124.58 ,5822973,$124.26 ,$125.75 ,$123.37 
11/4/16,$122.03 ,4826146,$122.00 ,$123.43 ,$121.62 
11/3/16,$122.14 ,5039867,$122.31 ,$123.72 ,$121.84 
11/2/16,$122.34 ,4781816,$122.83 ,$124.07 ,$121.83 
11/1/16,$123.30 ,6967960,$124.98 ,$125.83 ,$121.80 
10/31/16,$124.87 ,6505484,$126.85 ,$126.90 ,$124.40 
10/28/16,$126.57 ,7063892,$126.08 ,$128.93 ,$126.01 
10/27/16,$126.47 ,6899885,$127.43 ,$128.18 ,$125.93 
10/26/16,$126.97 ,8597271,$126.29 ,$128.72 ,$125.75 
10/25/16,$126.51 ,8229210,$126.52 ,$128.06 ,$125.75 
10/24/16,$127.33 ,15962960,$127.42 ,$129.29 ,$126.15 
10/21/16,$127.50 ,18811190,$122.50 ,$127.85 ,$122.31 
10/20/16,$123.35 ,14477630,$121.97 ,$123.75 ,$121.06 
10/19/16,$121.87 ,21930460,$118.25 ,$122.45 ,$118.00 
10/18/16,$118.79 ,42116450,$116.63 ,$119.82 ,$116.50 
10/17/16,$99.80 ,25575340,$100.50 ,$100.73 ,$98.38 
10/14/16,$101.47 ,9517720,$101.59 ,$102.10 ,$100.35 
10/13/16,$100.23 ,8315956,$98.01 ,$100.50 ,$97.63 
10/12/16,$99.50 ,7406627,$100.88 ,$102.47 ,$99.22 
10/11/16,$100.59 ,9027645,$102.31 ,$102.90 ,$99.86 
10/10/16,$103.33 ,6695571,$103.18 ,$104.53 ,$102.76 
10/7/16,$104.82 ,8657947,$103.98 ,$106.50 ,$103.55 
10/6/16,$105.07 ,6585271,$104.97 ,$105.47 ,$103.88 
10/5/16,$106.28 ,12917110,$103.50 ,$106.97 ,$103.43 
10/4/16,$102.34 ,12126550,$103.19 ,$104.44 ,$101.86 
10/3/16,$102.63 ,15329730,$98.00 ,$103.39 ,$98.00 
9/30/16,$98.55 ,9804739,$96.90 ,$99.53 ,$96.79 
9/29/16,$96.67 ,6214034,$97.31 ,$98.31 ,$96.60 
9/28/16,$97.48 ,7233581,$97.10 ,$97.59 ,$96.02 
9/27/16,$97.07 ,9670587,$95.04 ,$97.64 ,$95.00 
9/26/16,$94.56 ,6737852,$95.38 ,$95.38 ,$94.04 
9/23/16,$95.94 ,6174848,$95.75 ,$96.97 ,$95.43 
9/22/16,$95.83 ,11208200,$95.54 ,$95.88 ,$94.23 
9/21/16,$94.88 ,20023370,$96.90 ,$97.10 ,$93.26 
9/20/16,$98.25 ,4734659,$98.78 ,$99.16 ,$97.66 
9/19/16,$98.06 ,8612097,$99.90 ,$100.35 ,$97.82 
9/16/16,$99.48 ,9436803,$97.10 ,$99.49 ,$97.04 
9/15/16,$97.34 ,5294899,$97.23 ,$97.97 ,$96.53 
9/14/16,$97.01 ,8527841,$97.35 ,$98.35 ,$96.96 
9/13/16,$96.09 ,11777170,$97.17 ,$98.00 ,$95.33 
9/12/16,$99.05 ,7707924,$95.91 ,$99.29 ,$95.71 
9/9/16,$96.50 ,7355482,$99.06 ,$99.39 ,$96.50 
9/8/16,$99.66 ,5199596,$99.23 ,$100.05 ,$98.82 
9/7/16,$99.15 ,6463245,$100.11 ,$100.19 ,$98.42 
9/6/16,$100.09 ,9026070,$97.76 ,$100.32 ,$97.65 
9/2/16,$97.38 ,4244858,$97.90 ,$98.18 ,$97.01 
9/1/16,$97.38 ,4146339,$97.81 ,$97.98 ,$96.92 
8/31/16,$97.45 ,4687089,$97.48 ,$97.88 ,$96.76 
8/30/16,$97.45 ,6086065,$97.84 ,$98.85 ,$97.14 
8/29/16,$97.30 ,8001138,$96.97 ,$98.45 ,$96.57 
8/26/16,$97.58 ,6609793,$97.33 ,$97.95 ,$96.57 
8/25/16,$97.32 ,10801210,$96.38 ,$98.25 ,$96.04 
8/24/16,$95.18 ,6258129,$96.13 ,$96.36 ,$94.91 
8/23/16,$95.94 ,5236739,$95.68 ,$96.59 ,$95.48 
8/22/16,$95.26 ,5824860,$95.67 ,$96.13 ,$94.95 
8/19/16,$95.87 ,6940723,$96.05 ,$96.78 ,$95.51 
8/18/16,$96.16 ,7251903,$95.98 ,$97.22 ,$95.17 
8/17/16,$96.37 ,8268266,$94.94 ,$96.93 ,$94.85 
8/16/16,$95.12 ,6259096,$95.19 ,$95.61 ,$94.40 
8/15/16,$95.31 ,7301004,$96.83 ,$96.91 ,$95.24 
8/12/16,$96.59 ,6588515,$95.53 ,$96.83 ,$95.08 
8/11/16,$95.89 ,8540386,$94.60 ,$96.33 ,$94.37 
8/10/16,$93.93 ,6487433,$94.40 ,$94.75 ,$92.95 
8/9/16,$93.99 ,9171694,$95.12 ,$95.81 ,$93.48 
8/8/16,$95.11 ,10128340,$95.91 ,$95.93 ,$94.00 
8/5/16,$97.03 ,18338910,$93.77 ,$97.74 ,$93.56 
8/4/16,$93.44 ,6040820,$93.20 ,$93.73 ,$91.82 
8/3/16,$93.10 ,7028459,$93.28 ,$94.67 ,$92.55 
8/2/16,$93.56 ,9815363,$94.00 ,$94.08 ,$92.18 
8/1/16,$94.37 ,10656290,$91.23 ,$94.67 ,$90.50 
7/29/16,$91.25 ,6949311,$91.19 ,$91.75 ,$90.59 
7/28/16,$91.65 ,6214650,$91.92 ,$92.21 ,$90.68 
7/27/16,$92.04 ,8705230,$91.50 ,$92.06 ,$90.10 
7/26/16,$91.41 ,19556580,$91.03 ,$93.10 ,$90.90 
7/25/16,$87.66 ,14122030,$85.73 ,$87.87 ,$85.01 
7/22/16,$85.89 ,11354940,$86.48 ,$86.50 ,$85.11 
7/21/16,$85.99 ,16065660,$88.30 ,$88.38 ,$85.21 
7/20/16,$87.91 ,23484270,$86.67 ,$88.49 ,$85.82 
7/19/16,$85.84 ,55584670,$85.43 ,$86.75 ,$84.50 
7/18/16,$98.81 ,26466720,$98.43 ,$99.84 ,$97.24 
7/15/16,$98.39 ,9004435,$98.52 ,$98.70 ,$97.41 
7/14/16,$98.02 ,9868138,$97.00 ,$98.27 ,$96.80 
7/13/16,$96.43 ,8763798,$96.26 ,$96.72 ,$94.80 
7/12/16,$95.97 ,11593940,$95.07 ,$96.72 ,$94.09 
7/11/16,$94.67 ,13250550,$96.19 ,$96.87 ,$94.30 
7/8/16,$97.06 ,8330158,$96.00 ,$97.41 ,$95.30 
7/7/16,$95.10 ,9906283,$94.70 ,$95.38 ,$93.18 
7/6/16,$94.60 ,16278580,$95.03 ,$96.00 ,$93.55 
7/5/16,$97.91 ,25856050,$95.20 ,$101.27 ,$93.31 
7/1/16,$96.67 ,16157650,$95.00 ,$97.00 ,$94.80 
6/30/16,$91.48 ,9015191,$90.91 ,$91.72 ,$89.90 
6/29/16,$91.06 ,11673630,$89.67 ,$91.97 ,$88.70 
6/28/16,$87.97 ,11529090,$87.41 ,$88.88 ,$86.41 
6/27/16,$85.33 ,13760580,$87.88 ,$88.00 ,$84.81 
6/24/16,$88.44 ,11231980,$87.53 ,$90.49 ,$87.21 
6/23/16,$91.66 ,10771380,$90.62 ,$91.68 ,$88.15 
6/22/16,$90.01 ,9435408,$90.78 ,$91.98 ,$89.77 
6/21/16,$90.99 ,15172340,$93.87 ,$93.88 ,$90.77 
6/20/16,$93.80 ,9018143,$95.22 ,$95.88 ,$93.65 
6/17/16,$94.45 ,8044177,$95.75 ,$95.77 ,$94.20 
6/16/16,$95.44 ,7540702,$94.18 ,$95.56 ,$93.25 
6/15/16,$94.29 ,7673271,$94.61 ,$95.46 ,$93.50 
6/14/16,$94.12 ,9462854,$94.16 ,$95.80 ,$93.27 
6/13/16,$93.85 ,13475030,$95.02 ,$97.20 ,$93.62 
6/10/16,$93.75 ,12895820,$94.88 ,$95.35 ,$93.28 
6/9/16,$97.09 ,8922203,$97.22 ,$98.43 ,$96.66 
6/8/16,$97.86 ,9411635,$100.02 ,$100.28 ,$97.60 
6/7/16,$99.89 ,6465575,$101.20 ,$101.63 ,$99.77 
6/6/16,$100.74 ,6824314,$100.29 ,$101.07 ,$99.72 
6/3/16,$99.59 ,9208587,$100.99 ,$101.00 ,$98.53 
6/2/16,$101.25 ,7984791,$101.39 ,$102.15 ,$100.77 
6/1/16,$101.51 ,8387248,$101.50 ,$101.92 ,$100.16 
5/31/16,$102.57 ,8716674,$102.95 ,$103.45 ,$102.13 
5/27/16,$103.30 ,9082200,$102.44 ,$103.50 ,$101.44 
5/26/16,$102.81 ,17810040,$103.21 ,$104.00 ,$101.38 
5/25/16,$100.20 ,15153600,$99.00 ,$100.31 ,$98.30 
5/24/16,$97.89 ,21230620,$95.98 ,$99.14 ,$95.75 
5/23/16,$94.89 ,13975830,$92.98 ,$95.29 ,$92.85 
5/20/16,$92.49 ,15035800,$90.08 ,$93.28 ,$89.98 
5/19/16,$89.55 ,11446870,$90.16 ,$91.27 ,$88.30 
5/18/16,$90.50 ,13893610,$88.25 ,$91.72 ,$88.25 
5/17/16,$88.63 ,11564310,$89.00 ,$90.87 ,$88.17 
5/16/16,$89.12 ,11241770,$87.56 ,$90.00 ,$86.15 
5/13/16,$87.88 ,11561810,$87.39 ,$88.59 ,$86.26 
5/12/16,$87.74 ,20377210,$90.32 ,$90.41 ,$85.74 
5/11/16,$90.02 ,11681150,$92.40 ,$92.59 ,$89.90 
5/10/16,$92.89 ,11172090,$91.14 ,$93.25 ,$91.09 
5/9/16,$90.54 ,9535874,$90.73 ,$91.83 ,$89.90 
5/6/16,$90.84 ,10431350,$88.83 ,$90.88 ,$88.11 
5/5/16,$89.37 ,10360730,$90.91 ,$92.08 ,$89.25 
5/4/16,$90.79 ,7378055,$91.00 ,$92.16 ,$90.35 
5/3/16,$91.54 ,10585600,$92.08 ,$93.25 ,$91.30 
5/2/16,$93.11 ,12532080,$90.41 ,$93.22 ,$89.89 
4/29/16,$90.03 ,13965730,$90.50 ,$90.56 ,$88.21 
4/28/16,$90.28 ,11457450,$91.50 ,$92.67 ,$90.09 
4/27/16,$91.04 ,12204780,$92.18 ,$92.50 ,$90.21 
4/26/16,$92.43 ,15272700,$93.50 ,$93.55 ,$91.25 
4/25/16,$93.56 ,14972770,$95.70 ,$95.75 ,$92.80 
4/22/16,$95.90 ,15800310,$94.85 ,$96.69 ,$94.21 
4/21/16,$94.98 ,19897510,$97.31 ,$97.38 ,$94.78 
4/20/16,$96.77 ,25643260,$94.34 ,$96.98 ,$93.14 
4/19/16,$94.34 ,55668150,$99.49 ,$101.37 ,$94.20 
4/18/16,$108.40 ,30667210,$109.90 ,$110.70 ,$106.02 
4/15/16,$111.51 ,11731280,$110.64 ,$111.85 ,$109.78 
4/14/16,$110.42 ,9546279,$110.01 ,$111.64 ,$109.15 
4/13/16,$109.65 ,16691020,$108.00 ,$111.28 ,$107.88 
4/12/16,$106.98 ,12406400,$103.15 ,$107.22 ,$102.21 
4/11/16,$102.68 ,7441959,$104.04 ,$104.98 ,$102.62 
4/8/16,$103.81 ,7842263,$105.12 ,$105.33 ,$102.82 
4/7/16,$104.45 ,10767280,$104.31 ,$106.44 ,$103.60 
4/6/16,$104.83 ,9596782,$105.30 ,$106.44 ,$104.25 
4/5/16,$104.94 ,10041100,$103.47 ,$105.75 ,$103.25 
4/4/16,$104.35 ,10928410,$105.90 ,$105.92 ,$103.20 
4/1/16,$105.70 ,14171930,$102.93 ,$105.79 ,$102.47 
3/31/16,$102.23 ,9745408,$102.43 ,$103.53 ,$101.05 
3/30/16,$102.19 ,14698280,$104.65 ,$104.91 ,$101.48 
3/29/16,$104.13 ,15997190,$101.08 ,$104.33 ,$101.00 
3/28/16,$101.21 ,12416690,$98.34 ,$101.44 ,$97.82 
3/24/16,$98.36 ,10660920,$98.64 ,$98.85 ,$97.07 
3/23/16,$99.59 ,8306821,$99.75 ,$100.39 ,$98.81 
3/22/16,$99.84 ,9045694,$100.48 ,$101.52 ,$99.20 
3/21/16,$101.06 ,9570501,$101.15 ,$102.10 ,$99.50 
3/18/16,$101.12 ,15445740,$100.50 ,$102.41 ,$100.01 
3/17/16,$99.72 ,13800360,$99.05 ,$101.39 ,$99.00 
3/16/16,$99.35 ,12613550,$97.53 ,$99.73 ,$97.50 
3/15/16,$97.86 ,9681365,$97.87 ,$98.51 ,$96.43 
3/14/16,$98.13 ,11234780,$97.20 ,$99.42 ,$97.17 
3/11/16,$97.66 ,15103650,$99.51 ,$99.60 ,$96.05 
3/10/16,$97.36 ,16986580,$98.18 ,$99.74 ,$95.45 
3/9/16,$98.00 ,12281550,$96.82 ,$98.37 ,$95.00 
3/8/16,$96.23 ,14773970,$95.00 ,$98.28 ,$94.50 
3/7/16,$95.49 ,23875100,$101.00 ,$101.79 ,$95.25 
3/4/16,$101.58 ,23404360,$98.76 ,$102.22 ,$98.32 
3/3/16,$97.93 ,15308950,$97.83 ,$98.35 ,$95.39 
3/2/16,$97.61 ,19094740,$98.01 ,$99.48 ,$95.90 
3/1/16,$98.30 ,17011470,$94.58 ,$99.16 ,$93.61 
2/29/16,$93.41 ,13649060,$94.81 ,$97.20 ,$93.34 
2/26/16,$94.79 ,16951480,$95.30 ,$97.48 ,$94.25 
2/25/16,$94.53 ,17878630,$91.08 ,$94.81 ,$90.21 
2/24/16,$91.61 ,15951460,$88.50 ,$91.76 ,$86.70 
2/23/16,$89.12 ,12731470,$91.40 ,$92.49 ,$89.05 
2/22/16,$91.93 ,16307790,$90.75 ,$93.11 ,$88.30 
2/19/16,$89.23 ,14249750,$89.98 ,$91.40 ,$88.03 
2/18/16,$90.49 ,17679020,$94.80 ,$94.90 ,$90.31 
2/17/16,$94.76 ,18282820,$90.13 ,$94.77 ,$89.64 
2/16/16,$89.05 ,16347780,$89.00 ,$90.14 ,$87.54 
2/12/16,$87.40 ,19062710,$86.64 ,$89.72 ,$85.26 
2/11/16,$86.35 ,21791550,$87.42 ,$88.39 ,$82.91 
2/10/16,$88.45 ,23124460,$89.00 ,$92.21 ,$87.42 
2/9/16,$86.13 ,25866630,$81.75 ,$88.40 ,$81.55 
2/8/16,$83.32 ,25007100,$80.57 ,$84.70 ,$79.95 
2/5/16,$82.79 ,25902100,$88.23 ,$88.95 ,$81.86 
2/4/16,$89.71 ,19091590,$89.50 ,$91.25 ,$86.54 
2/3/16,$90.74 ,27444120,$92.41 ,$92.69 ,$86.14 
2/2/16,$91.49 ,21891050,$95.54 ,$96.65 ,$90.73 
2/1/16,$94.09 ,19650570,$91.79 ,$97.18 ,$91.30 
1/29/16,$91.84 ,20447090,$92.00 ,$94.39 ,$90.63 
1/28/16,$94.41 ,24512180,$93.84 ,$95.25 ,$90.11 
1/27/16,$91.15 ,25480410,$96.61 ,$97.85 ,$90.59 
1/26/16,$97.83 ,22050540,$99.74 ,$100.55 ,$94.85 
1/25/16,$99.12 ,20279660,$99.78 ,$102.68 ,$99.00 
1/22/16,$100.72 ,26783360,$104.72 ,$104.99 ,$99.22 
1/21/16,$102.35 ,30955550,$108.32 ,$108.51 ,$102.10 
1/20/16,$107.74 ,52944410,$108.91 ,$109.99 ,$97.05 
1/19/16,$107.89 ,35096370,$106.57 ,$110.14 ,$105.55 
1/15/16,$104.04 ,19690630,$102.43 ,$105.50 ,$101.72 
1/14/16,$107.06 ,23643610,$105.65 ,$109.25 ,$101.21 
1/13/16,$106.56 ,24884940,$114.43 ,$114.48 ,$104.53 
1/12/16,$116.58 ,15085830,$116.11 ,$117.78 ,$115.08 
1/11/16,$114.97 ,21879520,$112.13 ,$116.79 ,$111.20 
1/8/16,$111.39 ,18025770,$116.33 ,$117.72 ,$111.10 
1/7/16,$114.56 ,33608880,$116.36 ,$122.18 ,$112.29 
1/6/16,$117.68 ,32852210,$105.29 ,$117.91 ,$104.96 
1/5/16,$107.66 ,17648620,$110.45 ,$110.58 ,$105.85 
1/4/16,$109.96 ,20762780,$109.00 ,$110.00 ,$105.21 
12/31/15,$114.38 ,9262658,$116.21 ,$117.46 ,$114.28 
12/30/15,$116.71 ,8124238,$118.95 ,$119.02 ,$116.43 
12/29/15,$119.12 ,8142303,$118.19 ,$119.60 ,$116.92 
12/28/15,$117.11 ,8416823,$117.26 ,$117.35 ,$113.85 
12/24/15,$117.33 ,3541403,$118.22 ,$118.80 ,$117.30 
12/23/15,$118.16 ,9316271,$116.91 ,$118.56 ,$115.78 
12/22/15,$116.24 ,9668180,$117.30 ,$117.43 ,$114.86 
12/21/15,$116.63 ,11654460,$119.51 ,$119.59 ,$115.66 
12/18/15,$118.02 ,17906510,$120.85 ,$122.19 ,$117.92 
12/17/15,$122.51 ,17252230,$123.97 ,$126.35 ,$122.42 
12/16/15,$122.64 ,13146370,$119.80 ,$123.00 ,$118.09 
12/15/15,$118.60 ,11744030,$121.93 ,$123.30 ,$118.54 
12/14/15,$120.67 ,18690270,$119.77 ,$120.90 ,$114.66 
12/11/15,$118.91 ,16071210,$121.45 ,$123.00 ,$118.60 
12/10/15,$122.91 ,13464370,$124.50 ,$125.21 ,$121.62 
12/9/15,$124.20 ,17760240,$127.70 ,$128.78 ,$122.33 
12/8/15,$126.98 ,18576050,$121.51 ,$128.24 ,$121.10 
12/7/15,$125.36 ,23317450,$131.19 ,$133.27 ,$122.75 
12/4/15,$130.93 ,20211300,$127.00 ,$130.99 ,$125.75 
12/3/15,$126.81 ,26604200,$129.62 ,$132.20 ,$126.39 
12/2/15,$128.93 ,24063230,$125.53 ,$131.35 ,$124.93 
12/1/15,$125.37 ,12538210,$124.47 ,$125.57 ,$122.42 
11/30/15,$123.33 ,13730870,$126.03 ,$126.60 ,$122.89 
11/27/15,$125.44 ,6645484,$123.85 ,$126.39 ,$123.59 
11/25/15,$124.16 ,10959350,$124.23 ,$125.20 ,$122.36 
11/24/15,$123.31 ,18321110,$123.67 ,$124.66 ,$120.03 
11/23/15,$125.03 ,15680530,$124.30 ,$126.20 ,$121.66 
11/20/15,$123.84 ,17907720,$120.85 ,$124.07 ,$119.21 
11/19/15,$120.22 ,19234530,$120.25 ,$123.13 ,$119.61 
11/18/15,$120.63 ,23315480,$117.94 ,$121.00 ,$116.10 
11/17/15,$117.10 ,32972310,$112.11 ,$118.79 ,$111.70 
11/16/15,$111.35 ,19838510,$102.97 ,$111.65 ,$101.86 
11/13/15,$103.65 ,18753710,$108.34 ,$109.07 ,$103.27 
11/12/15,$108.92 ,17518680,$112.52 ,$115.25 ,$108.20 
11/11/15,$112.86 ,11026990,$113.08 ,$114.61 ,$111.41 
11/10/15,$112.70 ,11158460,$108.86 ,$112.84 ,$108.01 
11/9/15,$109.86 ,16139500,$113.36 ,$114.00 ,$108.64 
11/6/15,$114.06 ,10930360,$113.39 ,$114.80 ,$112.05 
11/5/15,$113.50 ,13810900,$113.75 ,$115.68 ,$111.72 
11/4/15,$114.05 ,17221470,$110.36 ,$114.28 ,$109.39 
11/3/15,$109.74 ,12471030,$107.36 ,$111.05 ,$107.24 
11/2/15,$107.64 ,11772660,$109.20 ,$109.37 ,$106.30 
10/30/15,$108.38 ,15560860,$105.12 ,$110.10 ,$104.90 
10/29/15,$105.12 ,9811500,$105.00 ,$106.91 ,$104.75 
10/28/15,$105.80 ,13053230,$102.90 ,$106.21 ,$102.06 
10/27/15,$103.07 ,12055890,$102.58 ,$104.72 ,$101.23 
10/26/15,$103.04 ,12105110,$100.05 ,$103.31 ,$99.38 
10/23/15,$100.04 ,17992370,$97.61 ,$101.56 ,$97.27 
10/22/15,$97.32 ,12577620,$98.07 ,$99.93 ,$96.86 
10/21/15,$97.96 ,13742920,$99.67 ,$100.34 ,$97.01 
10/20/15,$98.99 ,17311710,$101.06 ,$102.11 ,$97.58 
10/19/15,$101.69 ,29944840,$98.07 ,$103.62 ,$96.26 
10/16/15,$98.99 ,21301690,$100.21 ,$101.65 ,$98.41 
10/15/15,$101.09 ,48446610,$103.77 ,$104.88 ,$99.10 
10/14/15,$110.23 ,30842330,$111.50 ,$111.63 ,$108.05 
10/13/15,$109.73 ,17474730,$112.85 ,$113.72 ,$108.78 
10/12/15,$113.45 ,12602390,$114.45 ,$115.42 ,$112.36 
10/9/15,$113.33 ,22417220,$114.11 ,$115.83 ,$112.44 
10/8/15,$114.93 ,42642850,$107.94 ,$115.05 ,$102.60 
10/7/15,$108.10 ,12313850,$108.84 ,$109.78 ,$106.75 
10/6/15,$108.33 ,20797800,$110.33 ,$112.25 ,$105.64 
10/5/15,$111.25 ,21136430,$107.48 ,$112.28 ,$105.76 
10/2/15,$106.11 ,21492320,$103.01 ,$106.87 ,$101.45 
10/1/15,$105.98 ,17393750,$102.91 ,$106.11 ,$101.12 
9/30/15,$103.26 ,16995160,$99.91 ,$103.46 ,$99.05 
9/29/15,$98.35 ,17392530,$99.63 ,$100.63 ,$96.85 
9/28/15,$99.47 ,16971150,$101.57 ,$103.33 ,$97.84 
9/25/15,$102.24 ,19055380,$105.30 ,$105.45 ,$101.57 
9/24/15,$103.76 ,21210600,$97.11 ,$104.00 ,$96.78 
9/23/15,$98.07 ,10252900,$98.60 ,$99.74 ,$97.66 
9/22/15,$98.47 ,16694800,$98.29 ,$99.90 ,$97.00 
9/21/15,$100.30 ,17868590,$103.30 ,$103.77 ,$99.56 
9/18/15,$102.62 ,21650810,$102.00 ,$104.36 ,$100.71 
9/17/15,$104.21 ,25768300,$103.67 ,$107.50 ,$101.83 
9/16/15,$104.08 ,27967180,$99.70 ,$104.48 ,$99.33 
9/15/15,$99.16 ,22536440,$95.22 ,$99.65 ,$93.61 
9/14/15,$95.69 ,15520270,$96.84 ,$97.91 ,$94.33 
9/11/15,$97.51 ,17351030,$98.57 ,$100.85 ,$97.23 
9/10/15,$99.48 ,21010380,$99.42 ,$100.85 ,$96.78 
9/9/15,$99.18 ,35433880,$96.51 ,$102.79 ,$95.52 
9/8/15,$94.95 ,43420420,$102.08 ,$102.50 ,$93.55 
9/4/15,$98.79 ,24175260,$98.05 ,$99.93 ,$97.34 
9/3/15,$101.06 ,29291720,$102.69 ,$104.17 ,$100.11 
9/2/15,$105.44 ,39732710,$109.31 ,$109.50 ,$100.30 
9/1/15,$105.79 ,35745230,$109.35 ,$111.24 ,$103.82 
8/31/15,$115.03 ,16963370,$115.24 ,$117.00 ,$113.76 
8/28/15,$117.63 ,20211990,$116.35 ,$119.35 ,$115.88 
8/27/15,$117.66 ,36904220,$114.94 ,$118.25 ,$113.02 
8/26/15,$110.13 ,36003580,$107.15 ,$110.28 ,$102.02 
8/25/15,$101.52 ,37441020,$107.75 ,$107.88 ,$101.50 
8/24/15,$96.88 ,59798140,$88.75 ,$109.63 ,$85.50 
8/21/15,$103.96 ,33156230,$106.20 ,$110.00 ,$102.75 
8/20/15,$112.49 ,27898760,$119.80 ,$121.45 ,$111.34 
8/19/15,$122.06 ,10089710,$123.50 ,$123.70 ,$121.50 
8/18/15,$124.05 ,9365646,$125.26 ,$126.75 ,$123.55 
8/17/15,$125.36 ,9211682,$123.14 ,$125.70 ,$122.59 
8/14/15,$123.39 ,8652710,$124.96 ,$125.00 ,$123.00 
8/13/15,$123.73 ,15227460,$120.99 ,$125.73 ,$119.34 
8/12/15,$120.51 ,13825250,$121.47 ,$122.45 ,$118.66 
8/11/15,$122.74 ,11560300,$120.01 ,$123.76 ,$120.00 
8/10/15,$123.03 ,13395230,$126.09 ,$126.50 ,$121.51 
8/7/15,$123.52 ,17340440,$126.42 ,$126.60 ,$121.30 
8/6/15,$126.45 ,24659910,$126.29 ,$128.85 ,$122.04 
8/5/15,$123.71 ,26902730,$125.62 ,$129.29 ,$122.71 
8/4/15,$121.15 ,29546660,$113.15 ,$122.79 ,$113.00 
8/3/15,$112.56 ,10124570,$114.60 ,$114.60 ,$111.78 
7/31/15,$114.31 ,16249740,$111.95 ,$115.00 ,$111.15 
7/30/15,$111.56 ,14199340,$106.40 ,$111.90 ,$105.40 
7/29/15,$107.08 ,6679819,$106.83 ,$107.75 ,$105.40 
7/28/15,$106.90 ,11151030,$107.29 ,$107.94 ,$103.88 
7/27/15,$106.43 ,11284860,$107.79 ,$109.86 ,$106.25 
7/24/15,$109.34 ,8109471,$111.55 ,$111.68 ,$108.90 
7/23/15,$110.10 ,8281009,$110.91 ,$112.18 ,$109.84 
7/22/15,$111.50 ,10396820,$112.14 ,$113.88 ,$110.56 
7/21/15,$112.51 ,14022880,$110.21 ,$113.71 ,$109.32 
7/20/15,$110.55 ,22649490,$114.70 ,$114.70 ,$110.14 
7/17/15,$114.77 ,25093820,$117.34 ,$117.88 ,$114.24 
7/16/15,$115.81 ,63003600,$111.02 ,$116.49 ,$107.68 
7/15/15,$98.13 ,30004360,$99.97 ,$100.75 ,$97.05 
7/14/15,$100.37 ,19708205,$101.27 ,$101.64 ,$99.65 
7/13/15,$101.09 ,33046443,$98.10 ,$102.31 ,$98.08 
7/10/15,$97.23 ,21601306,$97.52 ,$98.50 ,$96.90 
7/9/15,$95.73 ,16683280,$94.90 ,$95.85 ,$94.29 
7/8/15,$93.51 ,12980307,$93.47 ,$94.00 ,$92.28 
7/7/15,$94.09 ,21567594,$95.01 ,$95.43 ,$92.62 
7/6/15,$94.57 ,11792449,$93.47 ,$94.93 ,$93.34 
7/2/15,$94.04 ,11046584,$94.00 ,$94.20 ,$93.21 
7/1/15,$93.64 ,14671045,$94.81 ,$95.24 ,$93.22 
6/30/15,$93.85 ,16855522,$93.36 ,$94.36 ,$92.79 
6/29/15,$92.23 ,24551044,$91.51 ,$92.91 ,$91.12 
6/26/15,$93.09 ,30249571,$95.30 ,$95.31 ,$93.09 
6/25/15,$94.89 ,41576043,$95.48 ,$96.00 ,$93.46 
6/24/15,$96.94 ,77076393,$100.01 ,$100.89 ,$96.40 
6/23/15,$97.31 ,14465665,$96.34 ,$97.39 ,$95.75 
6/22/15,$96.41 ,16681033,$95.04 ,$96.69 ,$94.19 
6/19/15,$93.87 ,19756211,$96.24 ,$96.42 ,$93.82 
6/18/15,$94.74 ,8959758,$94.65 ,$95.34 ,$94.37 
6/17/15,$94.27 ,9889806,$95.13 ,$95.13 ,$93.96 
6/16/15,$95.27 ,16009152,$94.24 ,$95.61 ,$93.69 
6/15/15,$93.43 ,19035540,$92.86 ,$93.59 ,$91.66 
6/12/15,$94.42 ,10267757,$94.92 ,$95.34 ,$94.12 
6/11/15,$95.09 ,26597215,$96.89 ,$96.92 ,$94.09 
6/10/15,$95.87 ,57046958,$93.40 ,$98.97 ,$93.23 
6/9/15,$92.45 ,21778624,$89.33 ,$92.71 ,$89.33 
6/8/15,$89.60 ,11142365,$90.71 ,$90.82 ,$89.00 
6/5/15,$90.46 ,11607053,$89.21 ,$90.54 ,$89.13 
6/4/15,$89.35 ,9914551,$88.38 ,$89.43 ,$88.04 
6/3/15,$88.81 ,6234097,$89.24 ,$89.73 ,$88.64 
6/2/15,$89.13 ,7525982,$88.71 ,$89.68 ,$88.41 
6/1/15,$89.00 ,9920690,$88.84 ,$89.12 ,$87.94 
5/29/15,$89.15 ,12708259,$89.47 ,$90.21 ,$88.96 
5/28/15,$89.51 ,7812730,$89.71 ,$89.86 ,$88.93 
5/27/15,$89.86 ,10465941,$88.14 ,$89.91 ,$87.93 
5/26/15,$87.99 ,9641509,$88.87 ,$89.06 ,$87.79 
5/22/15,$88.84 ,7463780,$89.18 ,$89.41 ,$88.69 
5/21/15,$89.00 ,12763006,$89.08 ,$89.57 ,$88.18 
5/20/15,$88.79 ,12748124,$88.21 ,$89.11 ,$87.36 
5/19/15,$88.07 ,18210764,$88.89 ,$89.79 ,$87.81 
5/18/15,$88.27 ,14789870,$87.54 ,$88.53 ,$87.02 
5/15/15,$87.61 ,36979303,$86.36 ,$88.35 ,$85.76 
5/14/15,$83.84 ,8878026,$83.29 ,$83.92 ,$82.33 
5/13/15,$82.87 ,11146194,$83.40 ,$84.20 ,$82.69 
5/12/15,$83.38 ,11897204,$83.81 ,$83.81 ,$82.99 
5/11/15,$84.28 ,23873003,$82.32 ,$84.86 ,$82.19 
5/8/15,$82.09 ,13817822,$81.04 ,$82.15 ,$80.96 
5/7/15,$80.75 ,10198506,$80.11 ,$80.79 ,$79.46 
5/6/15,$80.08 ,11499904,$81.03 ,$81.21 ,$79.52 
5/5/15,$80.79 ,27099913,$81.24 ,$82.44 ,$80.76 
5/4/15,$79.27 ,7957189,$79.57 ,$79.71 ,$78.90 
5/1/15,$79.58 ,8884704,$79.86 ,$79.97 ,$78.89 