Date, Top 10 Gross , Total Gross Est ,Releases
4/29/25," $16,133,014 "," $17,826,980 ",22
4/28/25," $12,014,977 "," $13,276,550 ",25
4/27/25," $39,297,859 "," $43,424,134 ",39
4/26/25," $55,022,636 "," $60,800,013 ",39
4/25/25," $46,223,144 "," $51,076,574 ",38
4/24/25," $11,377,351 "," $12,571,973 ",41
4/23/25," $12,969,366 "," $14,331,149 ",38
4/22/25," $16,653,961 "," $18,402,627 ",38
4/21/25," $18,483,499 "," $20,424,266 ",38
4/20/25," $31,410,439 "," $34,708,535 ",38
4/19/25," $47,346,297 "," $52,317,658 ",38
4/18/25," $49,802,638 "," $55,031,915 ",38
4/17/25," $13,179,654 "," $14,563,518 ",36
4/16/25," $12,872,638 "," $14,224,265 ",39
4/15/25," $17,376,468 "," $19,200,997 ",36
4/14/25," $11,663,086 "," $12,887,710 ",39
4/13/25," $40,281,131 "," $44,510,650 ",40
4/12/25," $57,799,883 "," $63,868,871 ",40
4/11/25," $45,319,807 "," $50,078,387 ",39
4/10/25," $9,061,191 "," $10,012,616 ",37
4/9/25," $10,691,528 "," $11,814,138 ",37
4/8/25," $17,226,912 "," $19,035,738 ",37
4/7/25," $13,027,088 "," $14,394,932 ",38
4/6/25," $56,120,836 "," $62,013,524 ",42
4/5/25," $73,067,387 "," $80,739,463 ",41
4/4/25," $67,691,219 "," $74,798,797 ",43
4/3/25," $3,436,123 "," $3,796,916 ",41
4/2/25," $4,720,745 "," $5,216,423 ",42
4/1/25," $7,714,903 "," $8,524,968 ",42
3/31/25," $6,210,738 "," $6,862,865 ",41
3/30/25," $18,479,148 "," $20,419,459 ",47
3/29/25," $25,974,541 "," $28,701,868 ",47
3/28/25," $24,835,960 "," $27,443,736 ",49
3/27/25," $3,787,962 "," $4,185,698 ",42
3/26/25," $4,714,624 "," $5,209,660 ",43
3/25/25," $7,873,034 "," $8,699,703 ",43
3/24/25," $5,065,241 "," $5,597,091 ",43
3/23/25," $17,277,385 "," $19,091,510 ",47
3/22/25," $26,401,524 "," $29,173,684 ",47
3/21/25," $23,604,370 "," $26,082,829 ",48
3/20/25," $3,609,951 "," $3,988,996 ",48
3/19/25," $4,354,830 "," $4,812,087 ",47
3/18/25," $6,541,746 "," $7,228,629 ",47
3/17/25," $4,208,691 "," $4,650,604 ",46
3/16/25," $12,296,345 "," $13,587,461 ",50
3/15/25," $18,054,344 "," $19,950,050 ",50
3/14/25," $15,138,046 "," $16,727,541 ",50
3/13/25," $3,982,910 "," $4,401,116 ",49
3/12/25," $4,538,429 "," $5,014,964 ",48
3/11/25," $6,968,123 "," $7,699,776 ",48
3/10/25," $4,433,995 "," $4,899,564 ",48
3/9/25," $12,849,106 "," $14,198,262 ",50
3/8/25," $20,012,325 "," $22,113,619 ",50
3/7/25," $15,683,528 "," $17,330,298 ",50
3/6/25," $3,265,871 "," $3,608,787 ",46
3/5/25," $3,588,110 "," $3,964,862 ",47
3/4/25," $5,344,156 "," $5,905,292 ",47
3/3/25," $3,357,357 "," $3,709,879 ",45
3/2/25," $13,161,926 "," $14,543,928 ",48
3/1/25," $19,963,984 "," $22,060,202 ",48
2/28/25," $12,310,245 "," $13,602,821 ",48
2/27/25," $3,867,047 "," $4,273,087 ",42
2/26/25," $4,098,038 "," $4,528,332 ",43
2/25/25," $6,923,480 "," $7,650,445 ",42
2/24/25," $4,476,368 "," $4,946,387 ",42
2/23/25," $18,775,490 "," $20,746,916 ",44
2/22/25," $29,571,166 "," $32,676,138 ",44
2/21/25," $19,888,424 "," $21,976,709 ",45
2/20/25," $6,518,846 "," $7,203,325 ",45
2/19/25," $7,157,290 "," $7,908,805 ",44
2/18/25," $11,785,560 "," $13,023,044 ",44
2/17/25," $23,504,343 "," $25,972,299 ",49
2/16/25," $34,938,706 "," $38,607,270 ",46
2/15/25," $46,251,411 "," $51,107,809 ",46
2/14/25," $63,078,059 "," $69,701,255 ",46
2/13/25," $3,238,739 "," $3,578,807 ",50
2/12/25," $3,626,719 "," $4,007,524 ",49
2/11/25," $5,533,994 "," $6,115,063 ",49
2/10/25," $5,345,297 "," $5,906,553 ",49
2/9/25," $8,650,263 "," $9,558,541 ",49
2/8/25," $22,087,165 "," $24,406,317 ",49
2/7/25," $15,608,890 "," $17,247,823 ",49
2/6/25," $3,317,679 "," $3,666,035 ",41
2/5/25," $3,605,563 "," $3,984,147 ",41
2/4/25," $6,249,726 "," $6,905,947 ",40
2/3/25," $3,508,285 "," $3,876,655 ",41
2/2/25," $20,418,418 "," $22,562,352 ",42
2/1/25," $32,262,892 "," $35,650,496 ",42
1/31/25," $22,077,123 "," $24,395,221 ",42
1/30/25," $3,399,727 "," $3,756,698 ",39
1/29/25," $4,252,574 "," $4,699,094 ",39
1/28/25," $6,513,216 "," $7,197,104 ",38
1/27/25," $3,994,588 "," $4,414,020 ",38
1/26/25," $12,978,714 "," $14,341,479 ",38
1/25/25," $24,797,024 "," $27,400,712 ",38
1/24/25," $15,463,776 "," $17,087,472 ",37
1/23/25," $4,426,173 "," $4,890,921 ",40
1/22/25," $4,783,115 "," $5,285,342 ",40
1/21/25," $7,455,997 "," $8,238,877 ",40
1/20/25," $15,167,083 "," $16,759,627 ",41
1/19/25," $21,841,768 "," $24,135,154 ",41
1/18/25," $27,460,774 "," $30,344,155 ",42
1/17/25," $20,133,071 "," $22,247,043 ",41
1/16/25," $5,004,775 "," $5,530,276 ",38
1/15/25," $5,774,907 "," $6,381,272 ",38
1/14/25," $8,900,061 "," $9,834,567 ",38
1/13/25," $5,304,058 "," $5,860,984 ",38
1/12/25," $20,600,141 "," $22,763,156 ",39
1/11/25," $31,250,792 "," $34,532,125 ",39
1/10/25," $19,540,567 "," $21,592,327 ",39
1/9/25," $6,793,840 "," $7,507,193 ",39
1/8/25," $7,482,848 "," $8,268,547 ",39
1/7/25," $11,310,206 "," $12,497,778 ",39
1/6/25," $8,676,178 "," $9,587,177 ",39
1/5/25," $24,740,982 "," $27,338,785 ",40
1/4/25," $41,671,659 "," $46,047,183 ",40
1/3/25," $32,408,550 "," $35,811,448 ",40
1/2/25," $25,977,466 "," $28,705,100 ",40
1/1/25," $41,279,307 "," $45,613,634 ",40
12/31/24," $30,515,353 "," $33,719,465 ",40
12/30/24," $34,453,652 "," $38,071,285 ",40
12/29/24," $48,354,185 "," $53,431,374 ",41
12/28/24," $57,356,599 "," $63,379,042 ",40
12/27/24," $53,897,293 "," $59,556,509 ",71
12/26/24," $52,508,864 "," $58,022,295 ",39
12/25/24," $59,387,206 "," $65,622,863 ",39
12/24/24," $23,784,024 "," $26,281,347 ",33
12/23/24," $29,632,078 "," $32,743,446 ",37
12/22/24," $40,586,725 "," $44,848,331 ",36
12/21/24," $47,397,213 "," $52,373,920 ",36
12/20/24," $51,960,077 "," $57,415,885 ",36
12/19/24," $6,793,052 "," $7,506,322 ",37
12/18/24," $8,940,888 "," $9,879,681 ",36
12/17/24," $11,661,728 "," $12,886,209 ",38
12/16/24," $8,161,050 "," $9,017,960 ",40
12/15/24," $25,792,996 "," $28,501,261 ",42
12/14/24," $34,895,182 "," $38,559,176 ",42
12/13/24," $24,142,992 "," $26,678,006 ",42
12/12/24," $8,179,497 "," $9,038,344 ",38
12/11/24," $9,613,697 "," $10,623,135 ",36
12/10/24," $13,627,665 "," $15,058,570 ",36
12/9/24," $9,709,938 "," $10,729,481 ",38
12/8/24," $39,259,923 "," $43,382,215 ",40
12/7/24," $53,338,223 "," $58,938,736 ",41
12/6/24," $32,522,589 "," $35,937,461 ",41
12/5/24," $12,630,884 "," $13,957,127 ",31
12/4/24," $12,953,802 "," $14,313,951 ",29
12/3/24," $20,169,359 "," $22,287,142 ",29
12/2/24," $15,070,230 "," $16,652,604 ",30
12/1/24," $67,389,432 "," $74,465,322 ",31
11/30/24," $100,160,252 "," $110,677,078 ",32
11/29/24," $107,233,151 "," $118,492,632 ",31
11/28/24," $56,530,650 "," $62,466,368 ",31
11/27/24," $89,891,852 "," $99,330,496 ",32
11/26/24," $28,684,387 "," $31,696,248 ",29
11/25/24," $26,326,802 "," $29,091,116 ",30
11/24/24," $53,715,313 "," $59,355,421 ",32
11/23/24," $67,757,828 "," $74,872,400 ",32
11/22/24," $78,231,267 "," $86,445,550 ",33
11/21/24," $3,394,612 "," $3,751,046 ",41
11/20/24," $4,486,787 "," $4,957,900 ",39
11/19/24," $7,602,627 "," $8,400,903 ",40
11/18/24," $4,483,113 "," $4,953,840 ",40
11/17/24," $17,577,776 "," $19,423,442 ",44
11/16/24," $28,601,726 "," $31,604,907 ",45
11/15/24," $19,745,009 "," $21,818,235 ",43
11/14/24," $4,077,849 "," $4,506,023 ",42
11/13/24," $4,524,772 "," $4,999,873 ",43
11/12/24," $6,902,753 "," $7,627,542 ",41
11/11/24," $9,580,192 "," $10,586,112 ",46
11/10/24," $17,336,865 "," $19,157,236 ",43
11/9/24," $24,599,040 "," $27,181,939 ",45
11/8/24," $20,122,444 "," $22,235,301 ",45
11/7/24," $4,728,011 "," $5,224,452 ",47
11/6/24," $5,040,702 "," $5,569,976 ",44
11/5/24," $8,997,604 "," $9,942,352 ",43
11/4/24," $5,834,775 "," $6,447,426 ",46
11/3/24," $18,050,564 "," $19,945,873 ",47
11/2/24," $27,389,412 "," $30,265,300 ",48
11/1/24," $17,850,181 "," $19,724,450 ",47
10/31/24," $8,114,488 "," $8,966,509 ",45
10/30/24," $6,324,766 "," $6,988,866 ",43
10/29/24," $9,973,331 "," $11,020,531 ",46
10/28/24," $6,810,895 "," $7,526,039 ",46
10/27/24," $22,897,173 "," $25,301,376 ",45
10/26/24," $31,900,817 "," $35,250,403 ",45
10/25/24," $34,493,840 "," $38,115,693 ",46
10/24/24," $4,294,393 "," $4,745,304 ",47
10/23/24," $5,131,533 "," $5,670,344 ",48
10/22/24," $7,506,789 "," $8,295,002 ",46
10/21/24," $5,294,173 "," $5,850,061 ",47
10/20/24," $15,577,571 "," $17,213,216 ",47
10/19/24," $23,871,459 "," $26,377,962 ",50
10/18/24," $21,301,082 "," $23,537,696 ",48
10/17/24," $4,887,100 "," $5,400,246 ",43
10/16/24," $5,391,067 "," $5,957,129 ",42
10/15/24," $7,707,770 "," $8,517,086 ",43
10/14/24," $11,380,515 "," $12,575,469 ",44
10/13/24," $18,725,822 "," $20,692,033 ",46
10/12/24," $23,909,753 "," $26,420,277 ",46
10/11/24," $22,760,054 "," $25,149,860 ",46
10/10/24," $4,596,627 "," $5,079,273 ",40
10/9/24," $4,757,266 "," $5,256,779 ",39
10/8/24," $7,841,164 "," $8,664,486 ",42
10/7/24," $5,806,075 "," $6,415,713 ",42
10/6/24," $19,340,556 "," $21,371,314 ",47
10/5/24," $30,580,036 "," $33,790,940 ",48
10/4/24," $32,606,600 "," $36,030,293 ",48
10/3/24," $5,439,446 "," $6,010,588 ",41
10/2/24," $5,359,505 "," $5,922,253 ",40
10/1/24," $7,944,666 "," $8,778,856 ",40
9/30/24," $5,883,145 "," $6,500,875 ",40
9/29/24," $23,252,306 "," $25,693,798 ",43
9/28/24," $33,862,387 "," $37,417,938 ",45
9/27/24," $27,839,627 "," $30,762,788 ",43
9/26/24," $4,529,321 "," $5,004,900 ",39
9/25/24," $5,287,970 "," $5,843,207 ",39
9/24/24," $7,998,067 "," $8,837,864 ",40
9/23/24," $5,362,399 "," $5,925,451 ",40
9/22/24," $19,641,804 "," $21,704,193 ",44
9/21/24," $30,907,102 "," $34,152,348 ",45
9/20/24," $24,171,009 "," $26,708,965 ",43
9/19/24," $5,378,826 "," $5,943,603 ",42
9/18/24," $6,949,010 "," $7,678,656 ",43
9/17/24," $9,743,590 "," $10,766,667 ",41
9/16/24," $6,363,315 "," $7,031,463 ",41
9/15/24," $23,221,190 "," $25,659,415 ",42
9/14/24," $35,778,086 "," $39,534,785 ",42
9/13/24," $27,100,065 "," $29,945,572 ",42
9/12/24," $7,543,813 "," $8,335,913 ",41
9/11/24," $8,306,698 "," $9,178,901 ",40
9/10/24," $12,679,622 "," $14,010,982 ",39
9/9/24," $8,953,855 "," $9,894,010 ",39
9/8/24," $35,739,840 "," $39,492,523 ",40
9/7/24," $55,546,451 "," $61,378,828 ",40
9/6/24," $50,251,752 "," $55,528,186 ",40
9/5/24," $4,058,088 "," $4,484,187 ",43
9/4/24," $5,131,317 "," $5,670,105 ",43
9/3/24," $7,525,938 "," $8,316,161 ",43
9/2/24," $19,834,375 "," $21,916,984 ",44
9/1/24," $25,107,021 "," $27,743,258 ",44
8/31/24," $24,712,281 "," $27,307,071 ",44
8/30/24," $18,157,780 "," $20,064,347 ",44
8/29/24," $7,302,027 "," $8,068,740 ",35
8/28/24," $7,835,154 "," $8,657,845 ",35
8/27/24," $11,573,817 "," $12,789,068 ",35
8/26/24," $8,158,230 "," $9,014,844 ",35
8/25/24," $23,176,427 "," $25,609,952 ",35
8/24/24," $33,791,029 "," $37,339,087 ",36
8/23/24," $25,393,084 "," $28,059,358 ",36
8/22/24," $11,014,497 "," $12,171,019 ",36
8/21/24," $12,786,426 "," $14,129,001 ",37
8/20/24," $18,136,089 "," $20,040,378 ",36
8/19/24," $14,342,770 "," $15,848,761 ",37
8/18/24," $38,777,297 "," $42,848,913 ",42
8/17/24," $50,324,494 "," $55,608,566 ",44
8/16/24," $44,380,164 "," $49,040,081 ",43
8/15/24," $16,688,135 "," $18,440,389 ",37
8/14/24," $15,967,945 "," $17,644,579 ",36
8/13/24," $22,210,911 "," $24,543,057 ",36
8/12/24," $17,870,436 "," $19,746,832 ",36
8/11/24," $41,989,732 "," $46,398,654 ",36
8/10/24," $55,408,179 "," $61,226,038 ",37
8/9/24," $57,518,759 "," $63,558,229 ",37
8/8/24," $16,675,944 "," $18,426,918 ",32
8/7/24," $18,519,813 "," $20,464,393 ",33
8/6/24," $25,746,698 "," $28,450,101 ",32
8/5/24," $21,865,576 "," $24,161,461 ",32
8/4/24," $50,656,458 "," $55,975,386 ",35
8/3/24," $64,845,219 "," $71,653,967 ",35
8/2/24," $51,378,137 "," $56,772,841 ",34
8/1/24," $27,282,752 "," $30,147,441 ",33
7/31/24," $29,903,165 "," $33,042,997 ",32
7/30/24," $38,896,154 "," $42,980,250 ",30
7/29/24," $35,095,486 "," $38,780,512 ",30
7/28/24," $75,490,863 "," $83,417,404 ",33
7/27/24," $89,848,702 "," $99,282,816 ",34
7/26/24," $117,718,786 "," $130,079,259 ",33
7/25/24," $14,502,988 "," $16,025,802 ",31
7/24/24," $20,072,833 "," $22,180,480 ",31
7/23/24," $25,725,293 "," $28,426,449 ",32
7/22/24," $18,139,640 "," $20,044,302 ",32
7/21/24," $40,581,218 "," $44,842,246 ",35
7/20/24," $53,263,254 "," $58,855,896 ",36
7/19/24," $51,681,423 "," $57,107,972 ",35
7/18/24," $12,554,814 "," $13,873,069 ",33
7/17/24," $14,360,423 "," $15,868,267 ",32
7/16/24," $21,455,154 "," $23,707,945 ",31
7/15/24," $14,648,531 "," $16,186,627 ",31
7/14/24," $31,140,748 "," $34,410,527 ",36
7/13/24," $45,148,707 "," $49,889,321 ",37
7/12/24," $42,188,783 "," $46,618,605 ",39
7/11/24," $17,617,943 "," $19,467,827 ",33
7/10/24," $19,992,125 "," $22,091,298 ",33
7/9/24," $27,906,848 "," $30,837,067 ",33
7/8/24," $18,283,448 "," $20,203,210 ",34
7/7/24," $42,093,137 "," $46,512,916 ",32
7/6/24," $55,240,460 "," $61,040,708 ",33
7/5/24," $54,427,618 "," $60,142,518 ",32
7/4/24," $41,276,402 "," $45,610,424 ",35
7/3/24," $42,713,126 "," $47,198,004 ",34
7/2/24," $23,608,944 "," $26,087,883 ",34
7/1/24," $18,286,827 "," $20,206,944 ",35
6/30/24," $41,955,923 "," $46,361,295 ",39
6/29/24," $53,632,340 "," $59,263,736 ",38
6/28/24," $51,654,797 "," $57,078,551 ",38
6/27/24," $14,897,362 "," $16,461,585 ",39
6/26/24," $17,696,657 "," $19,554,806 ",38
6/25/24," $25,333,969 "," $27,994,036 ",38
6/24/24," $18,048,887 "," $19,944,020 ",39
6/23/24," $45,166,605 "," $49,909,099 ",40
6/22/24," $57,655,000 "," $63,708,775 ",39
6/21/24," $45,653,479 "," $50,447,094 ",38
6/20/24," $26,327,670 "," $29,092,075 ",31
6/19/24," $39,397,589 "," $43,534,336 ",31
6/18/24," $37,681,654 "," $41,638,228 ",29
6/17/24," $29,051,927 "," $32,102,379 ",29
6/16/24," $60,544,257 "," $66,901,404 ",30
6/15/24," $72,376,772 "," $79,976,333 ",30
6/14/24," $78,763,615 "," $87,033,795 ",29
6/13/24," $8,274,572 "," $9,143,402 ",26
6/12/24," $9,550,212 "," $10,552,984 ",26
6/11/24," $14,101,475 "," $15,582,130 ",26
6/10/24," $12,655,935 "," $13,984,808 ",28
6/9/24," $29,010,280 "," $32,056,359 ",30
6/8/24," $37,557,784 "," $41,501,351 ",30
6/7/24," $34,268,667 "," $37,866,877 ",29
6/6/24," $5,876,534 "," $6,493,570 ",33
6/5/24," $7,874,769 "," $8,701,620 ",33
6/4/24," $10,243,065 "," $11,318,587 ",32
6/3/24," $6,936,109 "," $7,664,400 ",30
6/2/24," $18,035,033 "," $19,928,711 ",31
6/1/24," $23,945,675 "," $26,459,971 ",31
5/31/24," $18,493,472 "," $20,435,287 ",33
5/30/24," $7,998,642 "," $8,838,499 ",29
5/29/24," $8,304,157 "," $9,176,093 ",28
5/28/24," $11,817,232 "," $13,058,041 ",30
5/27/24," $29,084,792 "," $32,138,695 ",31
5/26/24," $31,459,843 "," $34,763,127 ",30
5/25/24," $34,244,575 "," $37,840,255 ",31
5/24/24," $32,076,083 "," $35,444,072 ",30
5/23/24," $5,914,564 "," $6,535,593 ",33
5/22/24," $6,553,085 "," $7,241,159 ",31
5/21/24," $9,657,168 "," $10,671,171 ",34
5/20/24," $8,393,585 "," $9,274,911 ",34
5/19/24," $25,337,213 "," $27,997,620 ",35
5/18/24," $37,318,916 "," $41,237,402 ",36
5/17/24," $28,690,575 "," $31,703,085 ",38
5/16/24," $5,606,802 "," $6,195,516 ",37
5/15/24," $6,769,117 "," $7,479,874 ",36
5/14/24," $10,466,918 "," $11,565,944 ",36
5/13/24," $7,980,758 "," $8,818,738 ",36
5/12/24," $27,275,075 "," $30,138,958 ",40
5/11/24," $33,025,516 "," $36,493,195 ",40
5/10/24," $31,130,024 "," $34,398,677 ",41
5/9/24," $4,521,127 "," $4,995,845 ",37
5/8/24," $4,853,787 "," $5,363,435 ",38
5/7/24," $7,670,055 "," $8,475,411 ",37
5/6/24," $5,663,354 "," $6,258,006 ",39
5/5/24," $17,755,068 "," $19,619,350 ",37
5/4/24," $28,105,238 "," $31,056,288 ",37
5/3/24," $22,511,546 "," $24,875,258 ",38
5/2/24," $3,902,148 "," $4,311,874 ",35
5/1/24," $4,308,477 "," $4,760,867 ",35
4/30/24," $6,795,240 "," $7,508,740 ",36
4/29/24," $5,338,229 "," $5,898,743 ",35
4/28/24," $15,169,775 "," $16,762,601 ",39
4/27/24," $22,217,775 "," $24,550,641 ",39
4/26/24," $19,212,428 "," $21,229,733 ",39
4/25/24," $4,057,011 "," $4,482,997 ",38
4/24/24," $4,514,355 "," $4,988,362 ",35
4/23/24," $6,487,752 "," $7,168,966 ",38
4/22/24," $4,971,359 "," $5,493,352 ",38
4/21/24," $16,608,267 "," $18,352,135 ",37
4/20/24," $24,613,578 "," $27,198,004 ",37
4/19/24," $19,775,872 "," $21,852,339 ",38
4/18/24," $4,654,462 "," $5,143,181 ",40
4/17/24," $5,117,397 "," $5,654,724 ",39
4/16/24," $7,068,417 "," $7,810,601 ",40
4/15/24," $5,616,775 "," $6,206,536 ",39
4/14/24," $18,130,093 "," $20,033,753 ",39
4/13/24," $28,224,590 "," $31,188,172 ",41
4/12/24," $22,710,760 "," $25,095,390 ",40
4/11/24," $4,985,664 "," $5,509,159 ",37
4/10/24," $6,871,182 "," $7,592,656 ",41
4/9/24," $7,753,034 "," $8,567,103 ",39
4/8/24," $5,132,607 "," $5,671,531 ",39
4/7/24," $21,689,433 "," $23,966,823 ",41
4/6/24," $33,524,213 "," $37,044,255 ",40
4/5/24," $25,875,322 "," $28,592,231 ",42
4/4/24," $8,946,075 "," $9,885,413 ",40
4/3/24," $10,159,766 "," $11,226,541 ",39
4/2/24," $13,381,982 "," $14,787,090 ",41
4/1/24," $15,124,673 "," $16,712,764 ",40
3/31/24," $29,220,346 "," $32,288,482 ",43
3/30/24," $46,184,216 "," $51,033,559 ",45
3/29/24," $54,712,650 "," $60,457,478 ",42
3/28/24," $9,217,436 "," $10,185,267 ",37
3/27/24," $9,127,027 "," $10,085,365 ",36
3/26/24," $12,278,301 "," $13,567,523 ",38
3/25/24," $8,466,735 "," $9,355,742 ",35
3/24/24," $26,515,218 "," $29,299,316 ",38
3/23/24," $40,903,829 "," $45,198,731 ",37
3/22/24," $30,963,433 "," $34,214,593 ",36
3/21/24," $6,661,040 "," $7,360,449 ",34
3/20/24," $8,100,186 "," $8,950,706 ",34
3/19/24," $9,631,410 "," $10,642,708 ",34
3/18/24," $7,176,952 "," $7,930,532 ",33
3/17/24," $23,746,258 "," $26,239,615 ",36
3/16/24," $34,157,948 "," $37,744,533 ",36
3/15/24," $25,850,674 "," $28,564,995 ",37
3/14/24," $11,193,053 "," $12,368,324 ",40
3/13/24," $11,197,876 "," $12,373,653 ",39
3/12/24," $15,575,555 "," $17,210,988 ",39
3/11/24," $12,072,763 "," $13,340,403 ",40
3/10/24," $36,878,871 "," $40,751,152 ",39
3/9/24," $53,140,322 "," $58,720,056 ",39
3/8/24," $41,068,401 "," $45,380,583 ",39
3/7/24," $8,308,443 "," $9,180,830 ",35
3/6/24," $9,072,837 "," $10,025,485 ",35
3/5/24," $11,576,663 "," $12,792,213 ",37
3/4/24," $9,529,747 "," $10,530,370 ",37
3/3/24," $29,223,768 "," $32,292,264 ",39
3/2/24," $40,761,119 "," $45,041,036 ",39
3/1/24," $38,944,361 "," $43,033,519 ",38
2/29/24," $3,950,948 "," $4,365,798 ",44
2/28/24," $3,525,362 "," $3,895,525 ",41
2/27/24," $5,623,629 "," $6,214,110 ",42
2/26/24," $3,550,159 "," $3,922,926 ",42
2/25/24," $13,125,135 "," $14,503,274 ",44
2/24/24," $20,925,455 "," $23,122,628 ",44
2/23/24," $17,281,780 "," $19,096,367 ",45
2/22/24," $4,219,268 "," $4,662,291 ",43
2/21/24," $4,472,492 "," $4,942,104 ",42
2/20/24," $7,778,823 "," $8,595,599 ",42
2/19/24," $13,373,734 "," $14,777,976 ",43
2/18/24," $22,508,827 "," $24,872,254 ",42
2/17/24," $28,829,331 "," $31,856,411 ",43
2/16/24," $18,058,347 "," $19,954,473 ",43
2/15/24," $8,646,813 "," $9,554,728 ",46
2/14/24," $25,765,452 "," $28,470,824 ",47
2/13/24," $4,213,902 "," $4,656,362 ",45
2/12/24," $2,896,616 "," $3,200,761 ",46
2/11/24," $5,143,852 "," $5,683,956 ",45
2/10/24," $14,791,458 "," $16,344,561 ",47
2/9/24," $9,503,502 "," $10,501,370 ",48
2/8/24," $3,171,826 "," $3,504,868 ",41
2/7/24," $3,286,617 "," $3,631,712 ",42
2/6/24," $5,549,434 "," $6,132,125 ",40
2/5/24," $3,447,291 "," $3,809,257 ",40
2/4/24," $13,661,264 "," $15,095,697 ",40
2/3/24," $22,560,172 "," $24,928,990 ",40
2/2/24," $15,158,910 "," $16,750,596 ",40
2/1/24," $4,403,460 "," $4,865,823 ",45
1/31/24," $3,342,207 "," $3,693,139 ",43
1/30/24," $4,835,430 "," $5,343,150 ",44
1/29/24," $3,142,554 "," $3,472,522 ",46
1/28/24," $10,050,839 "," $11,106,177 ",47
1/27/24," $20,440,804 "," $22,587,088 ",48
1/26/24," $11,670,248 "," $12,895,624 ",49
1/25/24," $4,118,083 "," $4,550,482 ",45
1/24/24," $4,122,282 "," $4,555,122 ",46
1/23/24," $6,019,682 "," $6,651,749 ",45
1/22/24," $4,040,636 "," $4,464,903 ",45
1/21/24," $14,414,051 "," $15,927,526 ",45
1/20/24," $23,219,959 "," $25,658,055 ",46
1/19/24," $14,397,939 "," $15,909,723 ",47
1/18/24," $5,034,083 "," $5,562,662 ",43
1/17/24," $5,537,905 "," $6,119,385 ",43
1/16/24," $8,219,698 "," $9,082,766 ",43
1/15/24," $17,123,925 "," $18,921,937 ",44
1/14/24," $24,815,321 "," $27,420,930 ",45
1/13/24," $32,128,373 "," $35,501,852 ",45
1/12/24," $28,376,843 "," $31,356,412 ",45
1/11/24," $4,780,318 "," $5,282,251 ",45
1/10/24," $5,593,553 "," $6,180,876 ",45
1/9/24," $7,326,474 "," $8,095,754 ",43
1/8/24," $5,740,282 "," $6,343,012 ",45
1/7/24," $18,941,847 "," $20,930,741 ",46
1/6/24," $31,767,466 "," $35,103,050 ",46
1/5/24," $24,699,285 "," $27,292,710 ",46
1/4/24," $12,533,498 "," $13,849,515 ",46
1/3/24," $14,266,846 "," $15,764,865 ",45
1/2/24," $20,006,635 "," $22,107,332 ",45
1/1/24," $28,666,632 "," $31,676,628 ",45
12/31/23," $23,078,184 "," $25,501,393 ",43
12/30/23," $40,050,370 "," $44,255,659 ",44
12/29/23," $37,348,409 "," $41,269,992 ",44
12/28/23," $33,261,609 "," $36,754,078 ",46
12/27/23," $33,892,628 "," $37,451,354 ",45
12/26/23," $41,788,862 "," $46,176,693 ",45
12/25/23," $58,545,776 "," $64,693,082 ",44
12/24/23," $17,021,324 "," $18,808,563 ",40
12/23/23," $29,021,089 "," $32,068,303 ",41
12/22/23," $39,891,139 "," $44,079,709 ",41
12/21/23," $9,282,692 "," $10,257,375 ",40
12/20/23," $9,643,216 "," $10,655,754 ",40
12/19/23," $11,609,957 "," $12,829,002 ",39
12/18/23," $8,274,749 "," $9,143,598 ",39
12/17/23," $20,231,817 "," $22,356,158 ",40
12/16/23," $26,232,063 "," $28,986,430 ",40
12/15/23," $22,535,134 "," $24,901,323 ",39
12/14/23," $4,610,227 "," $5,094,301 ",39
12/13/23," $5,373,144 "," $5,937,324 ",37
12/12/23," $6,811,328 "," $7,526,517 ",36
12/11/23," $5,496,743 "," $6,073,901 ",36
12/10/23," $17,552,859 "," $19,395,909 ",40
12/9/23," $23,761,939 "," $26,256,943 ",39
12/8/23," $18,025,028 "," $19,917,656 ",39
12/7/23," $6,926,918 "," $7,654,244 ",34
12/6/23," $6,186,390 "," $6,835,961 ",31
12/5/23," $8,310,039 "," $9,182,593 ",32
12/4/23," $6,016,211 "," $6,647,913 ",32
12/3/23," $22,571,008 "," $24,940,964 ",33
12/2/23," $31,833,495 "," $35,176,012 ",32
12/1/23," $32,294,447 "," $35,685,364 ",32
11/30/23," $5,281,445 "," $5,835,997 ",29
11/29/23," $5,893,355 "," $6,512,157 ",29
11/28/23," $8,731,447 "," $9,648,249 ",28
11/27/23," $6,261,293 "," $6,918,729 ",28
11/26/23," $24,998,606 "," $27,623,460 ",32
11/25/23," $40,847,716 "," $45,136,726 ",32
11/24/23," $43,491,965 "," $48,058,621 ",32
11/23/23," $21,534,631 "," $23,795,767 ",33
11/22/23," $33,657,377 "," $37,191,402 ",36
11/21/23," $16,590,091 "," $18,332,051 ",33
11/20/23," $12,965,366 "," $14,326,729 ",36
11/19/23," $29,342,997 "," $32,424,012 ",37
11/18/23," $41,719,271 "," $46,099,794 ",37
11/17/23," $39,790,137 "," $43,968,101 ",34
11/16/23," $3,338,082 "," $3,688,581 ",37
11/15/23," $4,322,195 "," $4,776,025 ",36
11/14/23," $6,900,944 "," $7,625,543 ",37
11/13/23," $5,345,747 "," $5,907,050 ",38
11/12/23," $19,037,549 "," $21,036,492 ",40
11/11/23," $29,363,735 "," $32,446,927 ",39
11/10/23," $33,339,728 "," $36,840,399 ",39
11/9/23," $3,991,999 "," $4,411,159 ",37
11/8/23," $3,339,247 "," $3,689,868 ",35
11/7/23," $5,481,390 "," $6,056,936 ",35
11/6/23," $3,569,940 "," $3,944,784 ",34
11/5/23," $15,739,734 "," $17,392,406 ",39
11/4/23," $23,910,746 "," $26,421,374 ",39
11/3/23," $16,491,868 "," $18,223,514 ",39
11/2/23," $6,095,840 "," $6,735,903 ",38
11/1/23," $5,744,728 "," $6,347,924 ",36
10/31/23," $9,819,392 "," $10,850,428 ",36
10/30/23," $7,078,085 "," $7,821,284 ",35
10/29/23," $28,929,985 "," $31,967,633 ",40
10/28/23," $40,387,023 "," $44,627,660 ",39
10/27/23," $53,212,742 "," $58,800,080 ",39
10/26/23," $5,754,616 "," $6,358,851 ",39
10/25/23," $4,042,699 "," $4,467,182 ",39
10/24/23," $6,070,863 "," $6,708,304 ",39
10/23/23," $4,085,224 "," $4,514,173 ",38
10/22/23," $21,833,959 "," $24,126,525 ",43
10/21/23," $31,549,173 "," $34,861,836 ",43
10/20/23," $26,831,527 "," $29,648,837 ",41
10/19/23," $8,684,081 "," $9,595,910 ",42
10/18/23," $3,026,278 "," $3,344,037 ",39
10/17/23," $4,347,527 "," $4,804,017 ",40
10/16/23," $3,335,561 "," $3,685,795 ",40
10/15/23," $32,681,165 "," $36,112,687 ",41
10/14/23," $47,653,696 "," $52,657,334 ",42
10/13/23," $48,186,961 "," $53,246,592 ",41
10/12/23," $4,488,580 "," $4,959,881 ",43
10/11/23," $4,634,363 "," $5,120,971 ",42
10/10/23," $6,908,918 "," $7,634,354 ",45
10/9/23," $8,805,622 "," $9,730,212 ",45
10/8/23," $16,941,619 "," $18,720,489 ",45
10/7/23," $25,889,322 "," $28,607,701 ",44
10/6/23," $23,139,532 "," $25,569,183 ",44
10/5/23," $5,151,688 "," $5,692,615 ",38
10/4/23," $5,240,866 "," $5,791,157 ",38
10/3/23," $8,287,665 "," $9,157,870 ",38
10/2/23," $6,062,838 "," $6,699,436 ",38
10/1/23," $20,296,693 "," $22,427,846 ",39
9/30/23," $30,321,810 "," $33,505,600 ",38
9/29/23," $27,288,333 "," $30,153,608 ",38
9/28/23," $3,490,205 "," $3,856,677 ",37
9/27/23," $3,437,985 "," $3,798,973 ",41
9/26/23," $5,388,841 "," $5,954,669 ",39
9/25/23," $4,021,818 "," $4,444,109 ",40
9/24/23," $11,435,028 "," $12,635,706 ",40
9/23/23," $17,860,624 "," $19,735,990 ",40
9/22/23," $13,115,942 "," $14,493,116 ",40
9/21/23," $3,802,837 "," $4,202,135 ",36
9/20/23," $4,332,988 "," $4,787,952 ",36
9/19/23," $7,326,591 "," $8,095,883 ",37
9/18/23," $4,545,930 "," $5,023,253 ",37
9/17/23," $15,084,589 "," $16,668,471 ",38
9/16/23," $23,660,340 "," $26,144,676 ",38
9/15/23," $17,297,357 "," $19,113,579 ",39
9/14/23," $5,227,226 "," $5,776,085 ",36
9/13/23," $6,069,183 "," $6,706,447 ",35
9/12/23," $9,468,835 "," $10,463,063 ",36
9/11/23," $6,368,924 "," $7,037,661 ",34
9/10/23," $21,695,917 "," $23,973,988 ",37
9/9/23," $32,699,795 "," $36,133,273 ",37
9/8/23," $27,292,508 "," $30,158,221 ",36
9/7/23," $5,229,508 "," $5,778,606 ",38
9/6/23," $5,063,430 "," $5,595,090 ",38
9/5/23," $7,548,730 "," $8,341,347 ",39
9/4/23," $22,341,775 "," $24,687,661 ",40
9/3/23," $27,575,389 "," $30,470,805 ",40
9/2/23," $27,556,343 "," $30,449,759 ",40
9/1/23," $24,112,660 "," $26,644,489 ",40
8/31/23," $5,273,175 "," $5,826,858 ",37
8/30/23," $6,406,154 "," $7,078,800 ",38
8/29/23," $9,535,281 "," $10,536,486 ",37
8/28/23," $7,480,698 "," $8,266,171 ",37
8/27/23," $28,662,869 "," $31,672,470 ",39
8/26/23," $25,554,498 "," $28,237,720 ",41
8/25/23," $24,131,735 "," $26,665,567 ",40
8/24/23," $7,932,705 "," $8,765,639 ",33
8/23/23," $9,203,475 "," $10,169,840 ",33
8/22/23," $13,271,019 "," $14,664,476 ",33
8/21/23," $9,988,992 "," $11,037,836 ",33
8/20/23," $26,295,945 "," $29,057,019 ",35
8/19/23," $35,311,081 "," $39,018,745 ",34
8/18/23," $30,259,837 "," $33,437,120 ",32
8/17/23," $10,738,894 "," $11,866,478 ",32
8/16/23," $13,051,384 "," $14,421,779 ",32
8/15/23," $20,839,212 "," $23,027,329 ",32
8/14/23," $16,129,749 "," $17,823,373 ",32
8/13/23," $33,682,293 "," $37,218,934 ",34
8/12/23," $43,599,295 "," $48,177,221 ",34
8/11/23," $31,262,729 "," $34,545,316 ",34
8/10/23," $19,683,880 "," $21,750,687 ",31
8/9/23," $20,174,885 "," $22,293,248 ",31
8/8/23," $28,260,396 "," $31,227,738 ",31
8/7/23," $25,817,320 "," $28,528,139 ",30
8/6/23," $53,351,070 "," $58,952,932 ",33
8/5/23," $63,515,000 "," $70,184,075 ",33
8/4/23," $55,901,071 "," $61,770,683 ",33
8/3/23," $28,882,525 "," $31,915,190 ",36
8/2/23," $35,955,682 "," $39,731,029 ",35
8/1/23," $32,534,702 "," $35,950,846 ",33
7/31/23," $30,833,132 "," $34,070,611 ",35
7/30/23," $64,180,542 "," $70,919,499 ",35
7/29/23," $78,490,797 "," $86,732,331 ",37
7/28/23," $67,080,121 "," $74,123,534 ",34
7/27/23," $39,165,160 "," $43,277,502 ",31
7/26/23," $42,695,251 "," $47,178,252 ",32
7/25/23," $49,456,537 "," $54,649,473 ",32
7/24/23," $48,029,634 "," $53,072,746 ",31
7/23/23," $86,894,566 "," $96,018,495 ",34
7/22/23," $98,739,360 "," $109,106,993 ",33
7/21/23," $122,171,275 "," $134,999,259 ",33
7/20/23," $12,346,748 "," $13,643,157 ",33
7/19/23," $16,422,520 "," $18,146,885 ",33
7/18/23," $22,251,139 "," $24,587,509 ",31
7/17/23," $17,193,915 "," $18,999,276 ",32
7/16/23," $42,869,417 "," $47,370,706 ",33
7/15/23," $52,030,257 "," $57,493,434 ",33
7/14/23," $39,307,356 "," $43,434,628 ",32
7/13/23," $22,688,777 "," $25,071,099 ",30
7/12/23," $29,570,978 "," $32,675,931 ",30
7/11/23," $17,846,814 "," $19,720,729 ",31
7/10/23," $16,718,294 "," $18,473,715 ",31
7/9/23," $35,962,783 "," $39,738,875 ",31
7/8/23," $43,991,607 "," $48,610,726 ",30
7/7/23," $41,076,260 "," $45,389,267 ",31
7/6/23," $17,343,775 "," $19,164,871 ",24
7/5/23," $18,343,467 "," $20,269,531 ",25
7/4/23," $38,712,758 "," $42,777,598 ",24
7/3/23," $26,652,555 "," $29,451,073 ",23
7/2/23," $39,924,197 "," $44,116,238 ",24
7/1/23," $40,367,567 "," $44,606,162 ",27
6/30/23," $41,921,311 "," $46,323,049 ",26
6/29/23," $11,541,789 "," $12,753,677 ",27
6/28/23," $13,893,050 "," $15,351,820 ",27
6/27/23," $18,889,326 "," $20,872,705 ",24
6/26/23," $13,873,365 "," $15,330,068 ",25
6/25/23," $30,588,293 "," $33,800,064 ",25
6/24/23," $40,783,785 "," $45,066,082 ",26
6/23/23," $34,648,695 "," $38,286,808 ",24
6/22/23," $15,587,032 "," $17,223,670 ",28
6/21/23," $16,456,723 "," $18,184,679 ",28
6/20/23," $22,736,234 "," $25,123,539 ",25
6/19/23," $27,054,016 "," $29,894,688 ",36
6/18/23," $48,881,387 "," $54,013,933 ",25
6/17/23," $53,515,541 "," $59,134,673 ",26
6/16/23," $58,908,835 "," $65,094,263 ",26
6/15/23," $13,079,324 "," $14,452,653 ",29
6/14/23," $16,831,279 "," $18,598,563 ",29
6/13/23," $23,502,402 "," $25,970,154 ",29
6/12/23," $18,130,918 "," $20,034,664 ",29
6/11/23," $48,379,116 "," $53,458,923 ",31
6/10/23," $58,858,263 "," $65,038,381 ",31
6/9/23," $56,302,780 "," $62,214,572 ",31
6/8/23," $18,424,042 "," $20,358,566 ",31
6/7/23," $19,857,563 "," $21,942,607 ",31
6/6/23," $27,113,285 "," $29,960,180 ",33
6/5/23," $22,217,625 "," $24,550,476 ",32
6/4/23," $56,486,744 "," $62,417,852 ",31
6/3/23," $70,275,182 "," $77,654,076 ",31
6/2/23," $76,576,560 "," $84,617,099 ",32
6/1/23," $11,605,750 "," $12,824,354 ",36
5/31/23," $14,130,439 "," $15,614,135 ",35
5/30/23," $19,375,027 "," $21,409,405 ",35
5/29/23," $40,002,241 "," $44,202,476 ",36
5/28/23," $49,660,337 "," $54,874,672 ",38
5/27/23," $53,709,716 "," $59,349,236 ",38
5/26/23," $57,438,102 "," $63,469,103 ",39
5/25/23," $7,192,281 "," $7,947,471 ",32
5/24/23," $8,480,713 "," $9,371,188 ",33
5/23/23," $12,228,027 "," $13,511,970 ",36
5/22/23," $11,102,264 "," $12,268,002 ",33
5/21/23," $32,053,970 "," $35,419,637 ",34
5/20/23," $45,139,028 "," $49,878,626 ",34
5/19/23," $41,546,907 "," $45,909,332 ",33
5/18/23," $6,212,485 "," $6,864,796 ",37
5/17/23," $7,427,405 "," $8,207,283 ",35
5/16/23," $11,235,274 "," $12,414,978 ",37
5/15/23," $8,101,362 "," $8,952,005 ",37
5/14/23," $31,235,512 "," $34,515,241 ",35
5/13/23," $39,269,576 "," $43,392,881 ",36
5/12/23," $24,649,272 "," $27,237,446 ",35
5/11/23," $10,060,493 "," $11,116,845 ",29
5/10/23," $10,067,751 "," $11,124,865 ",29
5/9/23," $15,380,151 "," $16,995,067 ",29
5/8/23," $11,974,157 "," $13,231,443 ",31
5/7/23," $42,915,606 "," $47,421,745 ",28
5/6/23," $55,226,681 "," $61,025,483 ",28
5/5/23," $57,873,259 "," $63,949,951 ",28
5/4/23," $4,287,547 "," $4,737,739 ",32
5/3/23," $6,102,492 "," $6,743,254 ",34
5/2/23," $8,295,466 "," $9,166,490 ",34
5/1/23," $6,235,658 "," $6,890,402 ",33
4/30/23," $27,129,376 "," $29,977,960 ",33
4/29/23," $37,501,744 "," $41,439,427 ",37
4/28/23," $24,067,396 "," $26,594,473 ",35
4/27/23," $7,438,000 "," $8,218,990 ",35
4/26/23," $7,580,562 "," $8,376,521 ",35
4/25/23," $10,988,343 "," $12,142,119 ",35
4/24/23," $8,481,496 "," $9,372,053 ",35
4/23/23," $35,699,312 "," $39,447,740 ",36
4/22/23," $48,277,181 "," $53,346,285 ",35
4/21/23," $34,857,290 "," $38,517,305 ",34
4/20/23," $8,275,473 "," $9,144,398 ",36
4/19/23," $8,691,170 "," $9,603,743 ",37
4/18/23," $13,042,715 "," $14,412,200 ",38
4/17/23," $10,007,931 "," $11,058,764 ",37
4/16/23," $44,105,734 "," $48,736,836 ",38
4/15/23," $59,035,897 "," $65,234,666 ",38
4/14/23," $39,493,617 "," $43,640,447 ",38
4/13/23," $14,691,247 "," $16,233,828 ",32
4/12/23," $15,253,767 "," $16,855,413 ",33
4/11/23," $21,974,357 "," $24,281,664 ",33
4/10/23," $27,012,105 "," $29,848,376 ",36
4/9/23," $47,906,224 "," $52,936,378 ",36
4/8/23," $79,042,206 "," $87,341,638 ",35
4/7/23," $73,775,727 "," $81,522,178 ",35
4/6/23," $36,532,866 "," $40,368,817 ",36
4/5/23," $40,401,237 "," $44,643,367 ",35
4/4/23," $10,386,489 "," $11,477,070 ",34
4/3/23," $8,028,895 "," $8,871,929 ",34
4/2/23," $25,306,163 "," $27,963,310 ",39
4/1/23," $35,956,126 "," $39,731,519 ",37
3/31/23," $31,267,328 "," $34,550,397 ",37
3/30/23," $6,882,008 "," $7,604,619 ",33
3/29/23," $7,891,783 "," $8,720,420 ",34
3/28/23," $11,202,243 "," $12,378,479 ",33
3/27/23," $8,895,394 "," $9,829,410 ",35
3/26/23," $29,116,184 "," $32,173,383 ",34
3/25/23," $43,147,960 "," $47,678,496 ",35
3/24/23," $39,927,513 "," $44,119,902 ",34
3/23/23," $4,877,368 "," $5,389,492 ",34
3/22/23," $6,045,222 "," $6,679,970 ",35
3/21/23," $8,765,526 "," $9,685,906 ",35
3/20/23," $6,533,907 "," $7,219,967 ",35
3/19/23," $23,526,682 "," $25,996,984 ",36
3/18/23," $35,668,313 "," $39,413,486 ",37
3/17/23," $27,892,320 "," $30,821,014 ",36
3/16/23," $9,207,429 "," $10,174,209 ",38
3/15/23," $10,515,482 "," $11,619,608 ",38
3/14/23," $13,862,531 "," $15,318,097 ",37
3/13/23," $11,767,935 "," $13,003,568 ",39
3/12/23," $29,193,816 "," $32,259,167 ",41
3/11/23," $44,857,865 "," $49,567,941 ",41
3/10/23," $39,318,027 "," $43,446,420 ",41
3/9/23," $6,316,029 "," $6,979,212 ",41
3/8/23," $7,311,199 "," $8,078,875 ",40
3/7/23," $10,586,911 "," $11,698,537 ",39
3/6/23," $8,064,509 "," $8,911,282 ",39
3/5/23," $30,272,077 "," $33,450,645 ",41
3/4/23," $44,322,605 "," $48,976,479 ",42
3/3/23," $37,875,312 "," $41,852,220 ",40
3/2/23," $5,606,882 "," $6,195,605 ",41
3/1/23," $5,804,807 "," $6,414,312 ",42
2/28/23," $8,584,905 "," $9,486,320 ",40
2/27/23," $5,989,441 "," $6,618,332 ",40
2/26/23," $23,820,231 "," $26,321,355 ",42
2/25/23," $36,410,562 "," $40,233,671 ",40
2/24/23," $28,355,669 "," $31,333,014 ",41
2/23/23," $6,238,054 "," $6,893,050 ",36
2/22/23," $6,489,527 "," $7,170,927 ",37
2/21/23," $11,095,078 "," $12,260,061 ",35
2/20/23," $21,220,230 "," $23,448,354 ",36
2/19/23," $36,449,799 "," $40,277,028 ",37
2/18/23," $47,559,997 "," $52,553,797 ",36
2/17/23," $54,718,803 "," $60,464,277 ",37
2/16/23," $3,710,612 "," $4,100,226 ",35
2/15/23," $5,621,325 "," $6,211,564 ",36
2/14/23," $12,417,533 "," $13,721,374 ",33
2/13/23," $4,852,271 "," $5,361,759 ",34
2/12/23," $8,885,159 "," $9,818,101 ",34
2/11/23," $23,001,748 "," $25,416,932 ",34
2/10/23," $15,961,293 "," $17,637,229 ",35
2/9/23," $4,101,737 "," $4,532,419 ",34
2/8/23," $4,485,661 "," $4,956,655 ",35
2/7/23," $7,425,331 "," $8,204,991 ",35
2/6/23," $4,555,353 "," $5,033,665 ",36
2/5/23," $19,273,412 "," $21,297,120 ",35
2/4/23," $29,670,171 "," $32,785,539 ",37
2/3/23," $21,777,681 "," $24,064,338 ",37
2/2/23," $5,353,728 "," $5,915,869 ",35
2/1/23," $4,273,018 "," $4,721,685 ",35
1/31/23," $6,358,875 "," $7,026,557 ",34
1/30/23," $4,547,459 "," $5,024,942 ",35
1/29/23," $16,594,575 "," $18,337,005 ",38
1/28/23," $29,196,387 "," $32,262,008 ",37
1/27/23," $16,483,928 "," $18,214,740 ",40
1/26/23," $6,766,030 "," $7,476,463 ",34
1/25/23," $6,486,985 "," $7,168,118 ",33
1/24/23," $7,810,579 "," $8,630,690 ",32
1/23/23," $5,462,805 "," $6,036,400 ",33
1/22/23," $19,145,201 "," $21,155,447 ",36
1/21/23," $31,885,285 "," $35,233,240 ",37
1/20/23," $19,736,410 "," $21,808,733 ",37
1/19/23," $6,634,282 "," $7,330,882 ",31
1/18/23," $6,203,124 "," $6,854,452 ",31
1/17/23," $9,757,114 "," $10,781,611 ",31
1/16/23," $21,069,765 "," $23,282,090 ",32
1/15/23," $32,575,322 "," $35,995,731 ",32
1/14/23," $40,457,653 "," $44,705,707 ",32
1/13/23," $25,676,736 "," $28,372,793 ",33
1/12/23," $7,202,303 "," $7,958,545 ",30
1/11/23," $7,964,902 "," $8,801,217 ",30
1/10/23," $10,870,334 "," $12,011,719 ",27
1/9/23," $7,924,065 "," $8,756,092 ",28
1/8/23," $28,588,281 "," $31,590,051 ",29
1/7/23," $44,649,143 "," $49,337,303 ",29
1/6/23," $31,029,606 "," $34,287,715 ",29
1/5/23," $10,864,987 "," $12,005,811 ",30
1/4/23," $12,131,291 "," $13,405,077 ",30
1/3/23," $16,965,068 "," $18,746,400 ",31
1/2/23," $32,548,656 "," $35,966,265 ",30
1/1/23," $36,210,982 "," $40,013,135 ",31
12/31/22," $27,962,493 "," $30,898,555 ",31
12/30/22," $37,900,613 "," $41,880,177 ",32
12/29/22," $31,204,428 "," $34,480,893 ",28
12/28/22," $31,866,473 "," $35,212,453 ",28
12/27/22," $37,343,124 "," $41,264,152 ",28
12/26/22," $46,963,277 "," $51,894,421 ",29
12/25/22," $43,485,546 "," $48,051,528 ",28
12/24/22," $21,255,461 "," $23,487,284 ",28
12/23/22," $29,211,733 "," $32,278,965 ",29
12/22/22," $20,101,091 "," $22,211,706 ",30
12/21/22," $21,315,270 "," $23,553,373 ",31
12/20/22," $21,925,733 "," $24,227,935 ",31
12/19/22," $19,052,001 "," $21,052,461 ",30
12/18/22," $42,230,148 "," $46,664,314 ",31
12/17/22," $51,418,191 "," $56,817,101 ",30
12/16/22," $57,866,360 "," $63,942,328 ",31
12/15/22," $2,282,964 "," $2,522,675 ",33
12/14/22," $3,018,611 "," $3,335,565 ",34
12/13/22," $3,932,901 "," $4,345,856 ",36
12/12/22," $2,938,862 "," $3,247,443 ",34
12/11/22," $9,510,921 "," $10,509,568 ",36
12/10/22," $15,466,337 "," $17,090,302 ",37
12/9/22," $8,846,320 "," $9,775,184 ",36
12/8/22," $3,792,849 "," $4,191,098 ",30
12/7/22," $3,943,414 "," $4,357,472 ",29
12/6/22," $5,526,292 "," $6,106,553 ",31
12/5/22," $3,895,004 "," $4,303,979 ",30
12/4/22," $13,327,779 "," $14,727,196 ",30
12/3/22," $21,746,080 "," $24,029,418 ",32
12/2/22," $14,111,815 "," $15,593,556 ",31
12/1/22," $4,767,528 "," $5,268,118 ",25
11/30/22," $4,405,292 "," $4,867,848 ",24
11/29/22," $5,848,911 "," $6,463,047 ",26
11/28/22," $4,597,554 "," $5,080,297 ",24
11/27/22," $20,116,146 "," $22,228,341 ",29
11/26/22," $34,060,152 "," $37,636,468 ",29
11/25/22," $35,559,618 "," $39,293,378 ",30
11/24/22," $17,101,407 "," $18,897,055 ",31
11/23/22," $21,821,636 "," $24,112,908 ",33
11/22/22," $14,128,236 "," $15,611,701 ",30
11/21/22," $11,288,507 "," $12,473,800 ",30
11/20/22," $28,259,098 "," $31,226,303 ",30
11/19/22," $41,248,978 "," $45,580,121 ",30
11/18/22," $29,488,645 "," $32,584,953 ",31
11/17/22," $8,937,676 "," $9,876,132 ",27
11/16/22," $9,783,542 "," $10,810,814 ",29
11/15/22," $14,854,835 "," $16,414,593 ",28
11/14/22," $12,776,780 "," $14,118,342 ",29
11/13/22," $47,113,613 "," $52,060,542 ",30
11/12/22," $66,610,882 "," $73,605,025 ",30
11/11/22," $93,156,358 "," $102,937,776 ",32
11/10/22," $3,319,142 "," $3,667,652 ",34
11/9/22," $3,634,689 "," $4,016,331 ",34
11/8/22," $6,317,801 "," $6,981,170 ",33
11/7/22," $4,174,057 "," $4,612,333 ",34
11/6/22," $14,155,088 "," $15,641,372 ",34
11/5/22," $22,499,016 "," $24,861,413 ",34
11/4/22," $17,234,584 "," $19,044,215 ",35
11/3/22," $4,409,675 "," $4,872,691 ",34
11/2/22," $4,534,367 "," $5,010,476 ",35
11/1/22," $6,737,881 "," $7,445,359 ",33
10/31/22," $7,047,076 "," $7,787,019 ",34
10/30/22," $18,278,615 "," $20,197,870 ",36
10/29/22," $26,108,515 "," $28,849,909 ",37
10/28/22," $19,554,153 "," $21,607,339 ",38
10/27/22," $6,463,896 "," $7,142,605 ",35
10/26/22," $7,009,550 "," $7,745,553 ",33
10/25/22," $10,586,504 "," $11,698,087 ",33
10/24/22," $8,220,793 "," $9,083,976 ",35
10/23/22," $27,677,361 "," $30,583,484 ",33
10/22/22," $41,349,182 "," $45,690,846 ",34
10/21/22," $41,169,215 "," $45,491,983 ",35
10/20/22," $3,484,078 "," $3,849,906 ",34
10/19/22," $4,142,565 "," $4,577,534 ",35
10/18/22," $5,793,095 "," $6,401,370 ",35
10/17/22," $4,775,384 "," $5,276,799 ",35
10/16/22," $15,516,864 "," $17,146,135 ",35
10/15/22," $27,225,421 "," $30,084,090 ",35
10/14/22," $29,954,983 "," $33,100,256 ",35
10/13/22," $4,127,828 "," $4,561,250 ",39
10/12/22," $4,441,233 "," $4,907,562 ",39
10/11/22," $5,856,705 "," $6,471,659 ",37
10/10/22," $7,904,958 "," $8,734,979 ",39
10/9/22," $15,440,552 "," $17,061,810 ",41
10/8/22," $21,686,777 "," $23,963,889 ",41
10/7/22," $16,684,348 "," $18,436,205 ",41
10/6/22," $4,795,451 "," $5,298,973 ",45
10/5/22," $5,442,160 "," $6,013,587 ",44
10/4/22," $6,726,815 "," $7,433,131 ",43
10/3/22," $4,782,388 "," $5,284,539 ",44
10/2/22," $14,706,576 "," $16,250,766 ",47
10/1/22," $22,876,709 "," $25,278,763 ",46
9/30/22," $19,336,153 "," $21,366,449 ",47
9/29/22," $4,153,601 "," $4,589,729 ",46
9/28/22," $4,096,881 "," $4,527,054 ",43
9/27/22," $6,003,902 "," $6,634,312 ",44
9/26/22," $5,269,152 "," $5,822,413 ",45
9/25/22," $14,431,146 "," $15,946,416 ",47
9/24/22," $21,281,664 "," $23,516,239 ",47
9/23/22," $20,159,356 "," $22,276,088 ",47
9/22/22," $3,230,224 "," $3,569,398 ",48
9/21/22," $3,745,150 "," $4,138,391 ",48
9/20/22," $5,211,892 "," $5,759,141 ",48
9/19/22," $3,880,097 "," $4,287,507 ",48
9/18/22," $11,742,235 "," $12,975,170 ",51
9/17/22," $17,100,115 "," $18,895,627 ",52
9/16/22," $14,406,673 "," $15,919,374 ",50
9/15/22," $2,363,949 "," $2,612,164 ",42
9/14/22," $2,747,409 "," $3,035,887 ",45
9/13/22," $4,000,814 "," $4,420,899 ",44
9/12/22," $2,827,557 "," $3,124,450 ",45
9/11/22," $9,196,286 "," $10,161,896 ",46
9/10/22," $14,077,942 "," $15,556,126 ",47
9/9/22," $10,701,752 "," $11,825,436 ",47
9/8/22," $2,299,144 "," $2,540,554 ",40
9/7/22," $2,837,347 "," $3,135,268 ",38
9/6/22," $3,296,795 "," $3,642,958 ",37
9/5/22," $11,941,671 "," $13,195,546 ",42
9/4/22," $14,772,769 "," $16,323,910 ",41
9/3/22," $18,780,708 "," $20,752,682 ",40
9/2/22," $8,858,474 "," $9,788,614 ",39
9/1/22," $3,216,411 "," $3,554,134 ",40
8/31/22," $3,534,373 "," $3,905,482 ",40
8/30/22," $5,339,850 "," $5,900,534 ",39
8/29/22," $3,679,873 "," $4,066,260 ",40
8/28/22," $11,446,998 "," $12,648,933 ",42
8/27/22," $17,390,684 "," $19,216,706 ",41
8/26/22," $12,570,356 "," $13,890,243 ",41
8/25/22," $5,080,823 "," $5,614,309 ",36
8/24/22," $5,605,032 "," $6,193,560 ",35
8/23/22," $8,346,802 "," $9,223,216 ",36
8/22/22," $6,933,325 "," $7,661,324 ",35
8/21/22," $18,472,443 "," $20,412,050 ",38
8/20/22," $25,615,322 "," $28,304,931 ",38
8/19/22," $25,193,434 "," $27,838,745 ",37
8/18/22," $5,941,285 "," $6,565,120 ",40
8/17/22," $6,863,429 "," $7,584,089 ",39
8/16/22," $9,042,223 "," $9,991,656 ",39
8/15/22," $6,615,467 "," $7,310,091 ",37
8/14/22," $16,362,331 "," $18,080,376 ",40
8/13/22," $22,680,785 "," $25,062,267 ",40
8/12/22," $16,538,937 "," $18,275,525 ",39
8/11/22," $8,848,023 "," $9,777,065 ",29
8/10/22," $9,366,411 "," $10,349,884 ",28
8/9/22," $13,860,453 "," $15,315,801 ",29
8/8/22," $10,557,810 "," $11,666,380 ",28
8/7/22," $25,106,877 "," $27,743,099 ",30
8/6/22," $32,597,403 "," $36,020,130 ",30
8/5/22," $30,300,233 "," $33,481,757 ",30
8/4/22," $10,449,729 "," $11,546,951 ",34
8/3/22," $11,758,442 "," $12,993,078 ",33
8/2/22," $15,720,664 "," $17,371,334 ",33
8/1/22," $13,052,581 "," $14,423,102 ",33
7/31/22," $27,557,295 "," $30,450,811 ",34
7/30/22," $35,381,454 "," $39,096,507 ",33
7/29/22," $30,918,250 "," $34,164,666 ",33
7/28/22," $13,987,843 "," $15,456,567 ",29
7/27/22," $15,121,049 "," $16,708,759 ",30
7/26/22," $20,550,724 "," $22,708,550 ",31
7/25/22," $16,531,086 "," $18,266,850 ",31
7/24/22," $36,268,100 "," $40,076,251 ",31
7/23/22," $45,347,634 "," $50,109,136 ",31
7/22/22," $42,464,701 "," $46,923,495 ",31
7/21/22," $15,127,935 "," $16,716,368 ",32
7/20/22," $16,563,867 "," $18,303,073 ",31
7/19/22," $22,089,075 "," $24,408,428 ",32
7/18/22," $18,082,350 "," $19,980,997 ",32
7/17/22," $39,715,575 "," $43,885,710 ",35
7/16/22," $49,800,143 "," $55,029,158 ",32
7/15/22," $41,715,439 "," $46,095,560 ",32
7/14/22," $19,588,238 "," $21,645,003 ",31
7/13/22," $21,493,985 "," $23,750,853 ",32
7/12/22," $29,795,505 "," $32,924,033 ",28
7/11/22," $24,864,583 "," $27,475,364 ",28
7/10/22," $60,543,877 "," $66,900,984 ",28
7/9/22," $78,712,815 "," $86,977,661 ",30
7/8/22," $98,042,012 "," $108,336,423 ",28
7/7/22," $19,724,152 "," $21,795,188 ",29
7/6/22," $25,418,133 "," $28,087,037 ",29
7/5/22," $31,942,154 "," $35,296,080 ",27
7/4/22," $33,475,698 "," $36,990,646 ",27
7/3/22," $53,182,771 "," $58,766,962 ",31
7/2/22," $63,129,493 "," $69,758,090 ",31
7/1/22," $72,186,724 "," $79,766,330 ",30
6/30/22," $14,882,773 "," $16,445,464 ",29
6/29/22," $16,895,896 "," $18,669,965 ",29
6/28/22," $20,774,770 "," $22,956,121 ",31
6/27/22," $18,552,084 "," $20,500,053 ",30
6/26/22," $38,544,682 "," $42,591,874 ",34
6/25/22," $49,149,679 "," $54,310,395 ",33
6/24/22," $45,644,546 "," $50,437,223 ",33
6/23/22," $14,651,396 "," $16,189,793 ",35
6/22/22," $16,386,250 "," $18,106,806 ",34
6/21/22," $20,475,104 "," $22,624,990 ",35
6/20/22," $24,779,196 "," $27,381,012 ",35
6/19/22," $55,557,705 "," $61,391,264 ",35
6/18/22," $57,541,266 "," $63,583,099 ",36
6/17/22," $50,162,669 "," $55,429,749 ",36
6/16/22," $16,652,622 "," $18,401,147 ",33
6/15/22," $18,684,499 "," $20,646,371 ",34
6/14/22," $25,015,269 "," $27,641,872 ",34
6/13/22," $21,321,489 "," $23,560,245 ",34
6/12/22," $61,035,426 "," $67,444,146 ",37
6/11/22," $73,153,596 "," $80,834,724 ",37
6/10/22," $78,280,742 "," $86,500,220 ",36
6/9/22," $12,041,669 "," $13,306,044 ",34
6/8/22," $16,014,247 "," $17,695,743 ",36
6/7/22," $18,192,757 "," $20,102,996 ",34
6/6/22," $15,921,401 "," $17,593,148 ",36
6/5/22," $37,157,335 "," $41,058,855 ",39
6/4/22," $47,434,874 "," $52,415,536 ",40
6/3/22," $33,800,699 "," $37,349,772 ",39
6/2/22," $18,962,612 "," $20,953,686 ",37
6/1/22," $19,181,216 "," $21,195,244 ",32
5/31/22," $21,425,107 "," $23,674,743 ",34
5/30/22," $45,498,178 "," $50,275,487 ",35
5/29/22," $51,298,305 "," $56,684,627 ",35
5/28/22," $55,351,885 "," $61,163,833 ",36
5/27/22," $68,026,103 "," $75,168,844 ",37
5/26/22," $5,779,228 "," $6,386,047 ",37
5/25/22," $6,756,375 "," $7,465,794 ",36
5/24/22," $7,862,473 "," $8,688,033 ",34
5/23/22," $6,960,867 "," $7,691,758 ",33
5/22/22," $20,733,195 "," $22,910,180 ",36
5/21/22," $28,321,398 "," $31,295,145 ",36
5/20/22," $22,469,484 "," $24,828,780 ",36
5/19/22," $6,140,895 "," $6,785,689 ",31
5/18/22," $6,179,906 "," $6,828,796 ",30
5/17/22," $8,180,905 "," $9,039,900 ",29
5/16/22," $6,664,036 "," $7,363,760 ",28
5/15/22," $26,087,597 "," $28,826,795 ",30
5/14/22," $38,207,954 "," $42,219,789 ",30
5/13/22," $24,753,990 "," $27,353,159 ",29
5/12/22," $10,472,372 "," $11,571,971 ",28
5/11/22," $11,640,343 "," $12,862,579 ",27
5/10/22," $15,711,682 "," $17,361,409 ",26
5/9/22," $16,115,591 "," $17,807,728 ",30
5/8/22," $49,960,008 "," $55,205,809 ",31
5/7/22," $71,316,199 "," $78,804,400 ",31
5/6/22," $99,016,794 "," $109,413,557 ",29
5/5/22," $2,948,361 "," $3,257,939 ",29
5/4/22," $4,390,657 "," $4,851,676 ",29
5/3/22," $6,242,944 "," $6,898,453 ",29
5/2/22," $4,999,796 "," $5,524,775 ",29
5/1/22," $18,367,226 "," $20,295,785 ",29
4/30/22," $28,066,949 "," $31,013,979 ",29
4/29/22," $16,517,473 "," $18,251,808 ",31
4/28/22," $5,657,423 "," $6,251,452 ",27
4/27/22," $5,859,176 "," $6,474,389 ",27
4/26/22," $8,153,299 "," $9,009,395 ",27
4/25/22," $6,441,487 "," $7,117,843 ",28
4/24/22," $25,079,702 "," $27,713,071 ",28
4/23/22," $36,056,040 "," $39,841,924 ",28
4/22/22," $29,082,972 "," $32,136,684 ",28
4/21/22," $6,788,598 "," $7,501,401 ",24
4/20/22," $7,724,531 "," $8,535,607 ",25
4/19/22," $10,445,246 "," $11,541,997 ",26
4/18/22," $12,441,597 "," $13,747,965 ",27
4/17/22," $24,290,725 "," $26,841,251 ",27
4/16/22," $39,444,024 "," $43,585,647 ",27
4/15/22," $42,163,518 "," $46,590,687 ",25
4/14/22," $9,314,512 "," $10,292,536 ",28
4/13/22," $8,952,406 "," $9,892,409 ",30
4/12/22," $9,741,733 "," $10,764,615 ",27
4/11/22," $8,379,316 "," $9,259,144 ",27
4/10/22," $30,824,232 "," $34,060,776 ",30
4/9/22," $46,033,970 "," $50,867,537 ",30
4/8/22," $40,318,001 "," $44,551,391 ",29
4/7/22," $4,346,641 "," $4,803,038 ",32
4/6/22," $4,863,221 "," $5,373,859 ",33
4/5/22," $6,792,887 "," $7,506,140 ",34
4/4/22," $5,070,501 "," $5,602,904 ",33
4/3/22," $19,115,295 "," $21,122,401 ",34
4/2/22," $29,611,598 "," $32,720,816 ",35
4/1/22," $28,157,844 "," $31,114,418 ",34
3/31/22," $4,834,830 "," $5,342,487 ",35
3/30/22," $5,241,702 "," $5,792,081 ",35
3/29/22," $7,256,373 "," $8,018,292 ",36
3/28/22," $5,974,613 "," $6,601,947 ",36
3/27/22," $19,523,313 "," $21,573,261 ",38
3/26/22," $31,442,235 "," $34,743,670 ",38
3/25/22," $27,513,981 "," $30,402,949 ",38
3/24/22," $5,574,271 "," $6,159,569 ",33
3/23/22," $6,404,018 "," $7,076,440 ",33
3/22/22," $7,829,206 "," $8,651,273 ",33
3/21/22," $6,880,922 "," $7,603,419 ",32
3/20/22," $20,263,601 "," $22,391,279 ",35
3/19/22," $32,445,594 "," $35,852,381 ",35
3/18/22," $27,351,801 "," $30,223,740 ",35
3/17/22," $7,795,912 "," $8,614,483 ",31
3/16/22," $8,838,978 "," $9,767,071 ",31
3/15/22," $10,921,145 "," $12,067,865 ",31
3/14/22," $9,200,965 "," $10,167,066 ",31
3/13/22," $27,070,763 "," $29,913,193 ",33
3/12/22," $46,259,664 "," $51,116,929 ",34
3/11/22," $26,220,202 "," $28,973,323 ",33
3/10/22," $11,171,139 "," $12,344,109 ",30
3/9/22," $10,981,710 "," $12,134,790 ",30
3/8/22," $14,001,933 "," $15,472,136 ",30
3/7/22," $13,289,529 "," $14,684,930 ",30
3/6/22," $42,802,456 "," $47,296,714 ",33
3/5/22," $56,299,314 "," $62,210,742 ",34
3/4/22," $64,316,203 "," $71,069,404 ",34
3/3/22," $3,130,588 "," $3,459,300 ",35
3/2/22," $3,820,795 "," $4,221,978 ",35
3/1/22," $5,825,039 "," $6,436,668 ",35
2/28/22," $3,948,664 "," $4,363,274 ",35
2/27/22," $15,218,278 "," $16,816,197 ",38
2/26/22," $25,515,465 "," $28,194,589 ",38
2/25/22," $14,354,086 "," $15,861,265 ",38
2/24/22," $5,631,663 "," $6,222,988 ",38
2/23/22," $5,763,003 "," $6,368,118 ",38
2/22/22," $9,142,006 "," $10,101,917 ",37
2/21/22," $16,010,452 "," $17,691,549 ",39
2/20/22," $26,405,359 "," $29,177,922 ",40
2/19/22," $35,069,925 "," $38,752,267 ",40
2/18/22," $28,683,780 "," $31,695,577 ",40
2/17/22," $3,425,572 "," $3,785,257 ",35
2/16/22," $4,117,874 "," $4,550,251 ",36
2/15/22," $5,722,188 "," $6,323,018 ",36
2/14/22," $12,358,799 "," $13,656,473 ",36
2/13/22," $9,245,185 "," $10,215,929 ",36
2/12/22," $24,333,053 "," $26,888,024 ",36
2/11/22," $16,839,859 "," $18,608,044 ",37
2/10/22," $3,258,029 "," $3,600,122 ",34
2/9/22," $3,579,945 "," $3,955,839 ",35
2/8/22," $4,729,864 "," $5,226,500 ",33
2/7/22," $3,951,781 "," $4,366,718 ",33
2/6/22," $14,123,416 "," $15,606,375 ",33
2/5/22," $23,583,970 "," $26,060,287 ",33
2/4/22," $18,196,078 "," $20,106,666 ",33
2/3/22," $1,958,078 "," $2,163,676 ",27
2/2/22," $2,218,080 "," $2,450,978 ",26
2/1/22," $3,006,354 "," $3,322,021 ",26
1/31/22," $2,509,619 "," $2,773,129 ",26
1/30/22," $7,850,130 "," $8,674,394 ",28
1/29/22," $15,072,356 "," $16,654,953 ",27
1/28/22," $8,127,686 "," $8,981,093 ",27
1/27/22," $3,105,148 "," $3,431,189 ",28
1/26/22," $2,999,432 "," $3,314,372 ",29
1/25/22," $3,803,445 "," $4,202,807 ",27
1/24/22," $3,015,763 "," $3,332,418 ",27
1/23/22," $11,186,399 "," $12,360,971 ",28
1/22/22," $19,057,819 "," $21,058,890 ",28
1/21/22," $11,971,522 "," $13,228,532 ",28
1/20/22," $4,136,041 "," $4,570,325 ",23
1/19/22," $4,238,977 "," $4,684,070 ",23
1/18/22," $5,518,747 "," $6,098,215 ",23
1/17/22," $12,918,405 "," $14,274,838 ",27
1/16/22," $18,091,004 "," $19,990,559 ",25
1/15/22," $26,643,760 "," $29,441,355 ",25
1/14/22," $23,615,870 "," $26,095,536 ",25
1/13/22," $4,036,084 "," $4,459,873 ",24
1/12/22," $4,267,099 "," $4,715,144 ",24
1/11/22," $5,523,488 "," $6,103,454 ",24
1/10/22," $4,307,531 "," $4,759,822 ",24
1/9/22," $17,001,522 "," $18,786,682 ",25
1/8/22," $27,445,445 "," $30,327,217 ",25
1/7/22," $15,938,444 "," $17,611,981 ",25
1/6/22," $6,652,705 "," $7,351,239 ",21
1/5/22," $7,391,727 "," $8,167,858 ",21
1/4/22," $10,399,690 "," $11,491,657 ",23
1/3/22," $13,351,805 "," $14,753,745 ",21
1/2/22," $29,043,656 "," $32,093,240 ",25
1/1/22," $39,077,865 "," $43,181,041 ",26
12/31/21," $27,601,787 "," $30,499,975 ",25
12/30/21," $35,021,475 "," $38,698,730 ",26
12/29/21," $34,092,399 "," $37,672,101 ",25
12/28/21," $36,104,760 "," $39,895,760 ",25
12/27/21," $39,209,841 "," $43,326,874 ",24
12/26/21," $52,943,454 "," $58,502,517 ",27
12/25/21," $56,478,703 "," $62,408,967 ",26
12/24/21," $31,087,749 "," $34,351,963 ",24
12/23/21," $45,018,844 "," $49,745,823 ",28
12/22/21," $47,249,638 "," $52,210,850 ",30
12/21/21," $35,610,501 "," $39,349,604 ",27
12/20/21," $40,865,953 "," $45,156,878 ",29
12/19/21," $70,605,790 "," $78,019,398 ",31
12/18/21," $82,033,791 "," $90,647,339 ",31
12/17/21," $128,026,878 "," $141,469,700 ",31
12/16/21," $2,633,738 "," $2,910,280 ",33
12/15/21," $3,586,725 "," $3,963,331 ",34
12/14/21," $4,482,456 "," $4,953,114 ",35
12/13/21," $3,512,281 "," $3,881,071 ",35
12/12/21," $11,619,341 "," $12,839,372 ",36
12/11/21," $17,318,645 "," $19,137,103 ",36
12/10/21," $11,827,462 "," $13,069,346 ",36
12/9/21," $3,918,876 "," $4,330,358 ",35
12/8/21," $4,115,450 "," $4,547,572 ",35
12/7/21," $5,014,047 "," $5,540,522 ",35
12/6/21," $3,983,231 "," $4,401,470 ",35
12/5/21," $14,319,631 "," $15,823,192 ",36
12/4/21," $20,594,785 "," $22,757,237 ",36
12/3/21," $12,585,904 "," $13,907,424 ",36
12/2/21," $6,692,578 "," $7,395,299 ",32
12/1/21," $7,242,975 "," $8,003,487 ",33
11/30/21," $6,360,147 "," $7,027,962 ",32
11/29/21," $5,090,601 "," $5,625,114 ",32
11/28/21," $20,849,510 "," $23,038,709 ",35
11/27/21," $34,854,917 "," $38,514,683 ",35
11/26/21," $37,020,099 "," $40,907,209 ",36
11/25/21," $19,817,511 "," $21,898,350 ",35
11/24/21," $24,714,679 "," $27,309,720 ",37
11/23/21," $10,007,692 "," $11,058,500 ",32
11/22/21," $8,721,940 "," $9,637,744 ",34
11/21/21," $21,304,289 "," $23,541,239 ",35
11/20/21," $32,184,195 "," $35,563,535 ",36
11/19/21," $26,875,314 "," $29,697,222 ",37
11/18/21," $3,816,174 "," $4,216,872 ",27
11/17/21," $4,236,052 "," $4,680,837 ",27
11/16/21," $5,455,298 "," $6,028,104 ",27
11/15/21," $4,248,277 "," $4,694,346 ",27
11/14/21," $17,747,230 "," $19,610,689 ",28
11/13/21," $29,291,422 "," $32,367,021 ",28
11/12/21," $18,814,075 "," $20,789,553 ",28
11/11/21," $14,279,388 "," $15,778,724 ",31
11/10/21," $9,527,404 "," $10,527,781 ",32
11/9/21," $8,433,267 "," $9,318,760 ",31
11/8/21," $6,931,457 "," $7,659,260 ",32
11/7/21," $25,233,076 "," $27,882,549 ",35
11/6/21," $38,349,424 "," $42,376,114 ",35
11/5/21," $40,472,345 "," $44,721,941 ",35
11/4/21," $4,480,704 "," $4,951,178 ",30
11/3/21," $5,577,587 "," $6,163,234 ",30
11/2/21," $6,932,916 "," $7,660,872 ",30
11/1/21," $5,950,319 "," $6,575,102 ",30
10/31/21," $15,649,454 "," $17,292,647 ",34
10/30/21," $25,109,701 "," $27,746,220 ",34
10/29/21," $21,033,298 "," $23,241,794 ",34
10/28/21," $3,908,400 "," $4,318,782 ",29
10/27/21," $3,964,328 "," $4,380,582 ",28
10/26/21," $4,823,445 "," $5,329,907 ",29
10/25/21," $4,211,230 "," $4,653,409 ",29
10/24/21," $23,567,302 "," $26,041,869 ",31
10/23/21," $36,689,902 "," $40,542,342 ",31
10/22/21," $33,272,239 "," $36,765,824 ",31
10/21/21," $5,815,496 "," $6,426,123 ",28
10/20/21," $6,681,073 "," $7,382,586 ",28
10/19/21," $8,384,436 "," $9,264,802 ",28
10/18/21," $7,652,625 "," $8,456,151 ",28
10/17/21," $24,592,538 "," $27,174,754 ",30
10/16/21," $42,458,355 "," $46,916,482 ",30
10/15/21," $39,854,941 "," $44,039,710 ",30
10/14/21," $6,789,384 "," $7,502,269 ",29
10/13/21," $7,596,659 "," $8,394,308 ",29
10/12/21," $9,476,934 "," $10,472,012 ",29
10/11/21," $14,128,312 "," $15,611,785 ",29
10/10/21," $29,186,499 "," $32,251,081 ",31
10/9/21," $39,757,615 "," $43,932,165 ",31
10/8/21," $38,106,841 "," $42,108,059 ",31
10/7/21," $5,410,226 "," $5,978,300 ",32
10/6/21," $6,526,428 "," $7,211,703 ",33
10/5/21," $9,315,619 "," $10,293,759 ",33
10/4/21," $8,423,431 "," $9,307,891 ",33
10/3/21," $29,490,092 "," $32,586,552 ",32
10/2/21," $45,096,762 "," $49,831,922 ",33
10/1/21," $47,123,757 "," $52,071,751 ",32
9/30/21," $2,569,276 "," $2,839,050 ",31
9/29/21," $2,405,897 "," $2,658,516 ",31
9/28/21," $3,065,418 "," $3,387,287 ",31
9/27/21," $2,401,254 "," $2,653,386 ",31
9/26/21," $8,370,990 "," $9,249,944 ",31
9/25/21," $14,065,861 "," $15,542,776 ",31
9/24/21," $10,263,071 "," $11,340,693 ",31
9/23/21," $2,597,470 "," $2,870,204 ",31
9/22/21," $2,816,951 "," $3,112,731 ",32
9/21/21," $3,656,899 "," $4,040,873 ",32
9/20/21," $2,876,849 "," $3,178,918 ",30
9/19/21," $10,395,749 "," $11,487,303 ",34
9/18/21," $17,355,509 "," $19,177,837 ",34
9/17/21," $10,784,252 "," $11,916,598 ",32
9/16/21," $4,339,154 "," $4,794,765 ",35
9/15/21," $4,065,087 "," $4,491,921 ",34
9/14/21," $5,003,637 "," $5,529,019 ",33
9/13/21," $3,813,599 "," $4,214,027 ",32
9/12/21," $14,687,162 "," $16,229,314 ",34
9/11/21," $23,854,556 "," $26,359,284 ",34
9/10/21," $15,029,897 "," $16,608,036 ",34
9/9/21," $5,863,916 "," $6,479,627 ",29
9/8/21," $6,675,960 "," $7,376,936 ",29
9/7/21," $9,169,492 "," $10,132,289 ",29
9/6/21," $27,571,995 "," $30,467,054 ",29
9/5/21," $34,538,599 "," $38,165,152 ",29
9/4/21," $35,596,201 "," $39,333,802 ",29
9/3/21," $37,808,515 "," $41,778,409 ",29
9/2/21," $3,757,426 "," $4,151,956 ",31
9/1/21," $4,324,762 "," $4,778,862 ",32
8/31/21," $5,589,274 "," $6,176,148 ",32
8/30/21," $4,823,953 "," $5,330,468 ",31
8/29/21," $14,615,088 "," $16,149,672 ",33
8/28/21," $23,169,125 "," $25,601,883 ",35
8/27/21," $18,607,817 "," $20,561,638 ",32
8/26/21," $4,521,546 "," $4,996,308 ",31
8/25/21," $5,291,709 "," $5,847,338 ",30
8/24/21," $6,478,785 "," $7,159,057 ",29
8/23/21," $5,479,577 "," $6,054,933 ",29
8/22/21," $15,693,127 "," $17,340,905 ",31
8/21/21," $22,592,937 "," $24,965,195 ",32
8/20/21," $17,122,508 "," $18,920,371 ",32
8/19/21," $5,886,028 "," $6,504,061 ",32
8/18/21," $6,175,075 "," $6,823,458 ",30
8/17/21," $8,077,327 "," $8,925,446 ",30
8/16/21," $6,681,564 "," $7,383,128 ",30
8/15/21," $17,169,735 "," $18,972,557 ",32
8/14/21," $24,376,959 "," $26,936,540 ",32
8/13/21," $23,428,926 "," $25,888,963 ",32
8/12/21," $3,412,461 "," $3,770,769 ",32
8/11/21," $4,187,889 "," $4,627,617 ",32
8/10/21," $5,255,790 "," $5,807,648 ",32
8/9/21," $4,307,501 "," $4,759,789 ",30
8/8/21," $15,936,013 "," $17,609,294 ",35
8/7/21," $22,568,396 "," $24,938,078 ",35
8/6/21," $21,970,406 "," $24,277,299 ",34
8/5/21," $6,868,964 "," $7,590,205 ",36
8/4/21," $7,990,525 "," $8,829,530 ",35
8/3/21," $10,289,812 "," $11,370,242 ",37
8/2/21," $8,815,066 "," $9,740,648 ",37
8/1/21," $19,791,991 "," $21,870,150 ",36
7/31/21," $26,300,226 "," $29,061,750 ",35
7/30/21," $26,678,880 "," $29,480,162 ",35
7/29/21," $5,574,716 "," $6,160,061 ",37
7/28/21," $6,388,128 "," $7,058,881 ",36
7/27/21," $8,149,199 "," $9,004,865 ",36
7/26/21," $6,851,149 "," $7,570,520 ",38
7/25/21," $16,166,802 "," $17,864,316 ",38
7/24/21," $21,302,271 "," $23,539,009 ",39
7/23/21," $23,586,428 "," $26,063,003 ",39
7/22/21," $5,735,438 "," $6,337,659 ",29
7/21/21," $6,998,788 "," $7,733,661 ",29
7/20/21," $8,116,497 "," $8,968,729 ",28
7/19/21," $7,213,384 "," $7,970,789 ",27
7/18/21," $16,361,183 "," $18,079,107 ",27
7/17/21," $22,498,253 "," $24,860,570 ",27
7/16/21," $32,306,071 "," $35,698,208 ",30
7/15/21," $9,439,246 "," $10,430,367 ",22
7/14/21," $10,307,872 "," $11,390,199 ",22
7/13/21," $13,413,641 "," $14,822,073 ",21
7/12/21," $12,255,757 "," $13,542,611 ",21
7/11/21," $28,623,856 "," $31,629,361 ",21
7/10/21," $37,354,109 "," $41,276,290 ",21
7/9/21," $51,368,440 "," $56,762,126 ",23
7/8/21," $7,737,872 "," $8,550,349 ",29
7/7/21," $8,900,196 "," $9,834,717 ",28
7/6/21," $10,072,260 "," $11,129,847 ",29
7/5/21," $17,111,579 "," $18,908,295 ",28
7/4/21," $13,774,668 "," $15,221,008 ",29
7/3/21," $24,651,410 "," $27,239,808 ",29
7/2/21," $27,275,489 "," $30,139,415 ",30
7/1/21," $8,394,180 "," $9,275,569 ",23
6/30/21," $8,838,612 "," $9,766,666 ",22
6/29/21," $10,232,461 "," $11,306,869 ",22
6/28/21," $9,909,125 "," $10,949,583 ",21
6/27/21," $24,170,930 "," $26,708,878 ",26
6/26/21," $31,305,384 "," $34,592,449 ",25
6/25/21," $37,920,540 "," $41,902,197 ",27
6/24/21," $3,794,626 "," $4,193,062 ",27
6/23/21," $4,439,188 "," $4,905,303 ",28
6/22/21," $5,433,446 "," $6,003,958 ",29
6/21/21," $4,529,835 "," $5,005,468 ",27
6/20/21," $10,947,847 "," $12,097,371 ",28
6/19/21," $13,220,551 "," $14,608,709 ",30
6/18/21," $13,082,864 "," $14,456,565 ",32
6/17/21," $5,350,641 "," $5,912,458 ",28
6/16/21," $7,821,157 "," $8,642,378 ",27
6/15/21," $4,679,869 "," $5,171,255 ",28
6/14/21," $4,232,870 "," $4,677,321 ",27
6/13/21," $9,336,157 "," $10,316,453 ",28
6/12/21," $12,757,156 "," $14,096,657 ",29
6/11/21," $16,297,784 "," $18,009,051 ",30
6/10/21," $4,373,031 "," $4,832,199 ",26
6/9/21," $4,754,475 "," $5,253,695 ",26
6/8/21," $5,423,686 "," $5,993,173 ",26
6/7/21," $4,783,572 "," $5,285,847 ",25
6/6/21," $16,720,536 "," $18,476,192 ",27
6/5/21," $24,804,616 "," $27,409,101 ",29
6/4/21," $23,158,771 "," $25,590,442 ",30
6/3/21," $6,772,931 "," $7,484,089 ",28
6/2/21," $6,619,955 "," $7,315,050 ",28
6/1/21," $7,189,503 "," $7,944,401 ",27
5/31/21," $16,777,328 "," $18,538,947 ",29
5/30/21," $22,719,660 "," $25,105,224 ",28
5/29/21," $25,860,828 "," $28,576,215 ",29
5/28/21," $29,419,809 "," $32,508,889 ",29
5/27/21," $1,018,210 "," $1,125,122 ",29
5/26/21," $1,342,169 "," $1,483,097 ",29
5/25/21," $1,509,814 "," $1,668,344 ",29
5/24/21," $1,298,362 "," $1,434,690 ",29
5/23/21," $3,914,592 "," $4,325,624 ",30
5/22/21," $5,728,116 "," $6,329,568 ",30
5/21/21," $3,921,966 "," $4,333,772 ",30
5/20/21," $1,564,720 "," $1,729,016 ",27
5/19/21," $1,485,263 "," $1,641,216 ",27
5/18/21," $1,832,575 "," $2,024,995 ",27
5/17/21," $1,570,008 "," $1,734,859 ",27
5/16/21," $5,097,937 "," $5,633,220 ",28
5/15/21," $7,535,999 "," $8,327,279 ",28
5/14/21," $6,746,459 "," $7,454,837 ",28
5/13/21," $1,316,863 "," $1,455,134 ",28
5/12/21," $1,511,193 "," $1,669,868 ",28
5/11/21," $1,780,198 "," $1,967,119 ",28
5/10/21," $1,568,031 "," $1,732,674 ",28
5/9/21," $6,187,422 "," $6,837,101 ",32
5/8/21," $8,600,038 "," $9,503,042 ",31
5/7/21," $6,571,225 "," $7,261,204 ",32
5/6/21," $1,059,651 "," $1,170,914 ",24
5/5/21," $1,092,761 "," $1,207,501 ",24
5/4/21," $1,301,351 "," $1,437,993 ",24
5/3/21," $1,113,772 "," $1,230,718 ",24
5/2/21," $3,850,346 "," $4,254,632 ",25
5/1/21," $5,708,295 "," $6,307,666 ",25
4/30/21," $5,990,891 "," $6,619,935 ",27
4/29/21," $1,820,846 "," $2,012,035 ",20
4/28/21," $2,018,957 "," $2,230,947 ",21
4/27/21," $2,392,258 "," $2,643,445 ",21
4/26/21," $2,210,671 "," $2,442,791 ",21
4/25/21," $12,564,148 "," $13,883,384 ",23
4/24/21," $18,072,639 "," $19,970,266 ",23
4/23/21," $20,453,087 "," $22,600,661 ",23
4/22/21," $668,541 "," $738,738 ",24
4/21/21," $683,308 "," $755,055 ",24
4/20/21," $793,081 "," $876,355 ",24
4/19/21," $626,474 "," $692,254 ",24
4/18/21," $4,508,527 "," $4,981,922 ",25
4/17/21," $7,779,451 "," $8,596,293 ",25
4/16/21," $4,826,256 "," $5,333,013 ",25
4/15/21," $1,524,151 "," $1,684,187 ",28
4/14/21," $1,423,570 "," $1,573,045 ",27
4/13/21," $1,710,549 "," $1,890,157 ",28
4/12/21," $1,450,423 "," $1,602,717 ",27
4/11/21," $6,874,397 "," $7,596,209 ",27
4/10/21," $11,143,728 "," $12,313,819 ",28
4/9/21," $7,219,320 "," $7,977,349 ",28
4/8/21," $2,735,349 "," $3,022,561 ",28
4/7/21," $2,726,583 "," $3,012,874 ",28
4/6/21," $3,409,737 "," $3,767,759 ",27
4/5/21," $3,737,425 "," $4,129,855 ",27
4/4/21," $9,759,800 "," $10,784,579 ",28
4/3/21," $17,068,372 "," $18,860,551 ",28
4/2/21," $16,100,610 "," $17,791,174 ",28
4/1/21," $8,129,084 "," $8,982,638 ",29
3/31/21," $10,970,146 "," $12,122,011 ",28
3/30/21," $1,643,938 "," $1,816,551 ",28
3/29/21," $1,317,130 "," $1,455,429 ",29
3/28/21," $4,913,938 "," $5,429,901 ",30
3/27/21," $7,105,259 "," $7,851,311 ",30
3/26/21," $5,356,076 "," $5,918,464 ",30
3/25/21," $1,063,566 "," $1,175,240 ",28
3/24/21," $1,068,856 "," $1,181,086 ",29
3/23/21," $1,328,799 "," $1,468,323 ",28
3/22/21," $991,047 "," $1,095,107 ",28
3/21/21," $4,154,286 "," $4,590,486 ",30
3/20/21," $6,781,494 "," $7,493,551 ",30
3/19/21," $4,523,380 "," $4,998,335 ",30
3/18/21," $1,588,961 "," $1,755,802 ",27
3/17/21," $1,431,741 "," $1,582,074 ",28
3/16/21," $1,687,219 "," $1,864,377 ",27
3/15/21," $1,337,641 "," $1,478,093 ",27
3/14/21," $4,498,660 "," $4,971,019 ",30
3/13/21," $6,982,521 "," $7,715,686 ",30
3/12/21," $4,043,268 "," $4,467,811 ",30
3/11/21," $1,198,571 "," $1,324,421 ",27
3/10/21," $1,103,635 "," $1,219,517 ",28
3/9/21," $1,552,958 "," $1,716,019 ",27
3/8/21," $1,150,830 "," $1,271,667 ",27
3/7/21," $5,994,769 "," $6,624,220 ",29
3/6/21," $10,071,241 "," $11,128,721 ",29
3/5/21," $6,789,373 "," $7,502,257 ",29
3/4/21," $855,235 "," $945,035 ",26
3/3/21," $846,914 "," $935,840 ",26
3/2/21," $1,224,783 "," $1,353,385 ",26
3/1/21," $903,799 "," $998,698 ",26
2/28/21," $5,523,283 "," $6,103,228 ",30
2/27/21," $8,555,261 "," $9,453,563 ",30
2/26/21," $5,455,860 "," $6,028,725 ",30
2/25/21," $420,776 "," $464,957 ",26
2/24/21," $373,874 "," $413,131 ",26
2/23/21," $502,465 "," $555,224 ",26
2/22/21," $347,641 "," $384,143 ",26
2/21/21," $1,941,411 "," $2,145,259 ",26
2/20/21," $3,310,330 "," $3,657,915 ",26
2/19/21," $1,709,641 "," $1,889,153 ",26
2/18/21," $449,104 "," $496,260 ",23
2/17/21," $421,191 "," $465,416 ",23
2/16/21," $558,622 "," $617,277 ",23
2/15/21," $1,348,704 "," $1,490,318 ",23
2/14/21," $4,282,561 "," $4,732,230 ",23
2/13/21," $4,080,831 "," $4,509,318 ",23
2/12/21," $2,322,648 "," $2,566,526 ",23
2/11/21," $454,591 "," $502,323 ",20
2/10/21," $384,514 "," $424,888 ",21
2/9/21," $515,910 "," $570,081 ",21
2/8/21," $391,184 "," $432,258 ",21
2/7/21," $1,168,650 "," $1,291,358 ",21
2/6/21," $3,913,796 "," $4,324,745 ",21
2/5/21," $2,144,140 "," $2,369,275 ",21
2/4/21," $550,747 "," $608,575 ",21
2/3/21," $539,821 "," $596,502 ",21
2/2/21," $759,308 "," $839,035 ",20
2/1/21," $473,168 "," $522,851 ",19
1/31/21," $2,702,593 "," $2,986,365 ",23
1/30/21," $5,150,692 "," $5,691,515 ",23
1/29/21," $3,226,914 "," $3,565,740 ",23
1/28/21," $481,591 "," $532,158 ",19
1/27/21," $418,040 "," $461,934 ",20
1/26/21," $568,930 "," $628,668 ",21
1/25/21," $399,037 "," $440,936 ",21
1/24/21," $2,005,752 "," $2,216,356 ",25
1/23/21," $4,096,135 "," $4,526,229 ",25
1/22/21," $2,239,686 "," $2,474,853 ",25
1/21/21," $557,122 "," $615,620 ",18
1/20/21," $493,805 "," $545,655 ",17
1/19/21," $764,216 "," $844,459 ",17
1/18/21," $1,918,654 "," $2,120,113 ",19
1/17/21," $3,092,221 "," $3,416,904 ",19
1/16/21," $4,566,493 "," $5,045,975 ",19
1/15/21," $2,919,679 "," $3,226,245 ",19
1/14/21," $535,966 "," $592,242 ",14
1/13/21," $525,858 "," $581,073 ",13
1/12/21," $698,916 "," $772,302 ",14
1/11/21," $474,079 "," $523,857 ",14
1/10/21," $2,252,567 "," $2,489,087 ",15
1/9/21," $4,193,432 "," $4,633,742 ",16
1/8/21," $2,424,285 "," $2,678,835 ",16
1/7/21," $744,136 "," $822,270 ",17
1/6/21," $650,454 "," $718,752 ",17
1/5/21," $938,981 "," $1,037,574 ",17
1/4/21," $911,407 "," $1,007,105 ",17
1/3/21," $2,827,569 "," $3,124,464 ",22
1/2/21," $5,179,619 "," $5,723,479 ",22
1/1/21," $4,578,181 "," $5,058,890 ",22
12/31/20," $2,915,033 "," $3,221,111 ",17
12/30/20," $2,876,460 "," $3,178,488 ",16
12/29/20," $3,063,773 "," $3,385,469 ",17
12/28/20," $3,085,353 "," $3,409,315 ",17
12/27/20," $5,302,360 "," $5,859,108 ",27
12/26/20," $8,403,557 "," $9,285,930 ",27
12/25/20," $10,074,446 "," $11,132,263 ",27
12/24/20," $782,482 "," $864,643 ",15
12/23/20," $930,994 "," $1,028,748 ",17
12/22/20," $944,706 "," $1,043,900 ",17
12/21/20," $773,974 "," $855,241 ",17
12/20/20," $1,873,323 "," $2,070,022 ",25
12/19/20," $2,703,842 "," $2,987,745 ",27
12/18/20," $2,188,535 "," $2,418,331 ",27
12/17/20," $319,712 "," $353,282 ",16
12/16/20," $321,048 "," $354,758 ",16
12/15/20," $407,983 "," $450,821 ",16
12/14/20," $293,095 "," $323,870 ",15
12/13/20," $1,494,353 "," $1,651,260 ",25
12/12/20," $2,565,080 "," $2,834,413 ",25
12/11/20," $1,544,909 "," $1,707,124 ",25
12/10/20," $430,841 "," $476,079 ",18
12/9/20," $398,932 "," $440,820 ",19
12/8/20," $527,922 "," $583,354 ",20
12/7/20," $376,179 "," $415,678 ",21
12/6/20," $1,958,290 "," $2,163,910 ",27
12/5/20," $3,388,787 "," $3,744,610 ",27
12/4/20," $2,087,988 "," $2,307,227 ",27
12/3/20," $540,311 "," $597,044 ",20
12/2/20," $535,950 "," $592,225 ",20
12/1/20," $762,119 "," $842,141 ",19
11/30/20," $633,019 "," $699,486 ",20
11/29/20," $2,983,792 "," $3,297,090 ",27
11/28/20," $5,067,022 "," $5,599,059 ",28
11/27/20," $5,179,533 "," $5,723,384 ",28
11/26/20," $3,418,542 "," $3,777,489 ",27
11/25/20," $2,448,042 "," $2,705,086 ",33
11/24/20," $602,537 "," $665,803 ",21
11/23/20," $457,926 "," $506,008 ",22
11/22/20," $1,337,629 "," $1,478,080 ",27
11/21/20," $2,403,430 "," $2,655,790 ",27
11/20/20," $1,652,573 "," $1,826,093 ",27
11/19/20," $495,088 "," $547,072 ",23
11/18/20," $509,806 "," $563,336 ",21
11/17/20," $726,133 "," $802,377 ",22
11/16/20," $652,469 "," $720,978 ",22
11/15/20," $2,332,485 "," $2,577,396 ",29
11/14/20," $4,536,693 "," $5,013,046 ",28
11/13/20," $3,485,916 "," $3,851,937 ",29
11/12/20," $616,223 "," $680,926 ",30
11/11/20," $1,062,259 "," $1,173,796 ",29
11/10/20," $963,180 "," $1,064,314 ",30
11/9/20," $646,690 "," $714,592 ",29
11/8/20," $2,525,071 "," $2,790,203 ",31
11/7/20," $4,732,289 "," $5,229,179 ",32
11/6/20," $3,467,054 "," $3,831,095 ",32
11/5/20," $593,917 "," $656,278 ",31
11/4/20," $581,146 "," $642,166 ",29
11/3/20," $725,084 "," $801,218 ",30
11/2/20," $674,031 "," $744,804 ",29
11/1/20," $2,290,150 "," $2,530,616 ",35
10/31/20," $3,477,783 "," $3,842,950 ",35
10/30/20," $2,953,670 "," $3,263,805 ",36
10/29/20," $613,914 "," $678,375 ",32
10/28/20," $603,797 "," $667,196 ",31
10/27/20," $760,595 "," $840,457 ",33
10/26/20," $551,771 "," $609,707 ",33
10/25/20," $2,415,270 "," $2,668,873 ",37
10/24/20," $4,152,397 "," $4,588,399 ",37
10/23/20," $3,045,522 "," $3,365,302 ",37
10/22/20," $614,627 "," $679,163 ",36
10/21/20," $823,036 "," $909,455 ",36
10/20/20," $878,004 "," $970,194 ",35
10/19/20," $637,452 "," $704,384 ",35
10/18/20," $2,796,889 "," $3,090,562 ",39
10/17/20," $4,993,067 "," $5,517,339 ",38
10/16/20," $3,819,396 "," $4,220,433 ",39
10/15/20," $533,835 "," $589,888 ",27
10/14/20," $557,938 "," $616,521 ",27
10/13/20," $720,500 "," $796,153 ",27
10/12/20," $947,508 "," $1,046,996 ",29
10/11/20," $2,511,586 "," $2,775,303 ",30
10/10/20," $4,114,232 "," $4,546,226 ",30
10/9/20," $2,902,858 "," $3,207,658 ",29
10/8/20," $608,495 "," $672,387 ",23
10/7/20," $572,629 "," $632,755 ",24
10/6/20," $678,210 "," $749,422 ",24
10/5/20," $525,167 "," $580,310 ",24
10/4/20," $1,965,913 "," $2,172,334 ",26
10/3/20," $3,695,766 "," $4,083,821 ",26
10/2/20," $2,447,709 "," $2,704,718 ",25
10/1/20," $743,374 "," $821,428 ",23
9/30/20," $684,146 "," $755,981 ",23
9/29/20," $791,716 "," $874,846 ",23
9/28/20," $719,331 "," $794,861 ",23
9/27/20," $2,126,402 "," $2,349,674 ",24
9/26/20," $3,618,763 "," $3,998,733 ",24
9/25/20," $2,792,641 "," $3,085,868 ",24
9/24/20," $976,980 "," $1,079,563 ",18
9/23/20," $964,078 "," $1,065,306 ",17
9/22/20," $1,166,869 "," $1,289,390 ",16
9/21/20," $923,299 "," $1,020,245 ",17
9/20/20," $2,491,638 "," $2,753,260 ",17
9/19/20," $4,668,356 "," $5,158,533 ",17
9/18/20," $3,288,717 "," $3,634,032 ",17
9/17/20," $947,979 "," $1,047,517 ",13
9/16/20," $1,164,614 "," $1,286,898 ",14
9/15/20," $1,338,079 "," $1,478,577 ",13
9/14/20," $1,061,937 "," $1,173,440 ",13
9/13/20," $2,993,016 "," $3,307,283 ",13
9/12/20," $5,575,196 "," $6,160,592 ",14
9/11/20," $3,768,135 "," $4,163,789 ",13
9/10/20," $1,310,844 "," $1,448,483 ",9
9/9/20," $1,348,474 "," $1,490,064 ",9
9/8/20," $1,507,231 "," $1,665,490 ",9
9/7/20," $3,646,518 "," $4,029,402 ",13
9/6/20," $5,214,636 "," $5,762,173 ",10
9/5/20," $6,161,246 "," $6,808,177 ",10
9/4/20," $4,650,134 "," $5,138,398 ",10
9/3/20," $5,804,575 "," $6,414,055 ",11
9/2/20," $786,209 "," $868,761 ",10
9/1/20," $900,031 "," $994,534 ",10
8/31/20," $834,934 "," $922,602 ",11
8/30/20," $2,765,828 "," $3,056,240 ",13
8/29/20," $4,636,940 "," $5,123,819 ",12
8/28/20," $4,914,454 "," $5,430,472 ",13
8/27/20," $456,524 "," $504,459 ",8
8/26/20," $434,748 "," $480,397 ",8
8/25/20," $617,438 "," $682,269 ",8
8/24/20," $457,695 "," $505,753 ",8
8/23/20," $1,361,545 "," $1,504,507 ",9
8/22/20," $2,083,874 "," $2,302,681 ",8
8/21/20," $1,883,138 "," $2,080,867 ",9
8/20/20," $160,002 "," $176,802 ",11
8/19/20," $155,244 "," $171,545 ",11
8/18/20," $245,801 "," $271,610 ",11
8/17/20," $160,915 "," $177,811 ",11
8/16/20," $267,986 "," $296,125 ",13
8/15/20," $370,529 "," $409,435 ",13
8/14/20," $395,703 "," $437,252 ",13
8/13/20," $40,751 "," $45,030 ",10
8/12/20," $44,720 "," $49,416 ",9
8/11/20," $42,080 "," $46,498 ",10
8/10/20," $39,239 "," $43,359 ",10
8/9/20," $73,112 "," $80,789 ",12
8/8/20," $135,117 "," $149,304 ",12
8/7/20," $232,174 "," $256,552 ",13
8/6/20," $84,275 "," $93,124 ",9
8/5/20," $69,445 "," $76,737 ",9
8/4/20," $64,071 "," $70,798 ",9
8/3/20," $56,071 "," $61,958 ",9
8/2/20," $127,582 "," $140,978 ",10
8/1/20," $209,239 "," $231,209 ",10
7/31/20," $204,589 "," $226,071 ",10
7/30/20," $92,346 "," $102,042 ",6
7/29/20," $67,572 "," $74,667 ",6
7/28/20," $80,466 "," $88,915 ",6
7/27/20," $70,939 "," $78,388 ",6
7/26/20," $163,427 "," $180,587 ",7
7/25/20," $202,049 "," $223,264 ",7
7/24/20," $294,330 "," $325,235 ",7
7/23/20," $39,271 "," $43,394 ",6
7/22/20," $38,979 "," $43,072 ",6
7/21/20," $33,788 "," $37,336 ",6
7/20/20," $35,607 "," $39,346 ",7
7/19/20," $60,292 "," $66,623 ",7
7/18/20," $108,064 "," $119,411 ",7
7/17/20," $91,708 "," $101,337 ",7
7/16/20," $41,470 "," $45,824 ",6
7/15/20," $38,179 "," $42,188 ",6
7/14/20," $43,358 "," $47,911 ",6
7/13/20," $45,876 "," $50,693 ",7
7/12/20," $91,330 "," $100,920 ",8
7/11/20," $147,616 "," $163,116 ",8
7/10/20," $138,808 "," $153,383 ",8
7/9/20," $56,090 "," $61,979 ",9
7/8/20," $53,780 "," $59,427 ",9
7/7/20," $51,076 "," $56,439 ",9
7/6/20," $52,052 "," $57,517 ",9
7/5/20," $83,764 "," $92,559 ",9
7/4/20," $74,261 "," $82,058 ",9
7/3/20," $137,008 "," $151,394 ",9
7/2/20," $59,761 "," $66,036 ",7
7/1/20," $51,909 "," $57,359 ",7
6/30/20," $45,434 "," $50,205 ",7
6/29/20," $54,011 "," $59,682 ",7
6/28/20," $81,583 "," $90,149 ",7
6/27/20," $79,149 "," $87,460 ",7
6/26/20," $103,182 "," $114,016 ",7
6/25/20," $82,331 "," $90,976 ",8
6/24/20," $71,652 "," $79,175 ",8
6/23/20," $69,172 "," $76,435 ",8
6/22/20," $60,480 "," $66,830 ",8
6/21/20," $81,136 "," $89,655 ",8
6/20/20," $185,069 "," $204,501 ",8
6/19/20," $165,994 "," $183,423 ",8
6/18/20," $65,307 "," $72,164 ",6
6/17/20," $56,967 "," $62,949 ",6
6/16/20," $62,598 "," $69,171 ",6
6/15/20," $53,846 "," $59,500 ",6
6/14/20," $105,878 "," $116,995 ",6
6/13/20," $222,458 "," $245,816 ",6
6/12/20," $188,412 "," $208,195 ",6
6/11/20," $65,804 "," $72,713 ",6
6/10/20," $68,306 "," $75,478 ",7
6/9/20," $48,831 "," $53,958 ",6
6/8/20," $40,474 "," $44,724 ",6
6/7/20," $105,840 "," $116,953 ",6
6/6/20," $175,477 "," $193,902 ",6
6/5/20," $129,426 "," $143,016 ",6
6/4/20," $17,655 "," $19,509 ",4
6/3/20," $13,322 "," $14,721 ",4
6/2/20," $10,630 "," $11,746 ",4
6/1/20," $10,501 "," $11,604 ",4
5/31/20," $34,151 "," $37,737 ",4
5/30/20," $78,500 "," $86,743 ",5
5/29/20," $63,815 "," $70,516 ",4
5/28/20," $20,549 "," $22,707 ",3
5/27/20," $18,243 "," $20,159 ",3
5/26/20," $19,811 "," $21,891 ",3
5/25/20," $21,831 "," $24,123 ",6
5/24/20," $62,268 "," $68,806 ",3
5/23/20," $85,161 "," $94,103 ",3
5/22/20," $71,115 "," $78,582 ",3
5/21/20," $17,868 "," $19,744 ",3
5/20/20," $20,459 "," $22,607 ",2
5/19/20," $18,916 "," $20,902 ",3
5/18/20," $15,884 "," $17,552 ",3
5/17/20," $27,383 "," $30,258 ",3
5/16/20," $52,267 "," $57,755 ",3
5/15/20," $44,498 "," $49,170 ",3
5/14/20," $13,169 "," $14,552 ",3
5/13/20," $15,894 "," $17,563 ",4
5/12/20," $13,062 "," $14,434 ",3
5/11/20," $11,672 "," $12,898 ",4
5/10/20," $15,261 "," $16,863 ",4
5/9/20," $39,563 "," $43,717 ",4
5/8/20," $29,655 "," $32,769 ",4
5/7/20," $8,969 "," $9,911 ",2
5/6/20," $9,050 "," $10,000 ",2
5/5/20," $6,448 "," $7,125 ",2
5/4/20," $7,739 "," $8,552 ",2
5/3/20," $15,331 "," $16,941 ",2
5/2/20," $32,447 "," $35,854 ",2
5/1/20," $31,712 "," $35,042 ",2
4/30/20," $2,009 "," $2,220 ",2
4/29/20," $1,393 "," $1,539 ",2
4/28/20," $1,464 "," $1,618 ",2
4/27/20," $1,303 "," $1,440 ",2
4/26/20," $2,455 "," $2,713 ",2
4/25/20," $5,804 "," $6,413 ",2
4/24/20," $3,803 "," $4,202 ",2
4/23/20," $1,410 "," $1,558 ",2
4/22/20, $414 , $457 ,2
4/21/20," $1,200 "," $1,326 ",2
4/20/20, $522 , $577 ,2
4/19/20," $1,980 "," $2,188 ",2
4/18/20," $1,967 "," $2,174 ",3
4/17/20," $1,298 "," $1,434 ",3
4/16/20, $726 , $802 ,2
4/15/20, $204 , $225 ,2
4/14/20, $672 , $743 ,2
4/13/20, $552 , $610 ,2
4/12/20, $564 , $623 ,2
4/11/20," $1,164 "," $1,286 ",2
4/10/20," $1,395 "," $1,541 ",2
4/9/20, $297 , $328 ,1
4/8/20, $279 , $308 ,1
4/7/20, $174 , $192 ,1
4/6/20, $126 , $139 ,1
4/5/20, $141 , $156 ,1
4/4/20, $582 , $643 ,1
4/3/20, $471 , $520 ,1
4/2/20,,,
4/1/20,,,
3/31/20,,,
3/30/20,,,
3/29/20,,,
3/28/20,,,
3/27/20, $192 , $212 ,1
3/26/20, $24 , $27 ,1
3/25/20, $173 , $191 ,1
3/24/20, $4 , $4 ,1
3/23/20, $12 , $13 ,1
3/22/20, $24 , $27 ,1
3/21/20, $106 , $117 ,1
3/20/20, $110 , $122 ,1
3/19/20," $143,641 "," $158,723 ",34
3/18/20," $246,568 "," $272,458 ",37
3/17/20," $1,321,687 "," $1,460,464 ",40
3/16/20," $3,234,151 "," $3,573,737 ",47
3/15/20," $11,892,439 "," $13,141,145 ",51
3/14/20," $19,710,626 "," $21,780,242 ",50
3/13/20," $17,977,298 "," $19,864,914 ",52
3/12/20," $5,321,431 "," $5,880,181 ",54
3/11/20," $6,545,990 "," $7,233,319 ",55
3/10/20," $11,097,904 "," $12,263,184 ",54
3/9/20," $6,938,657 "," $7,667,216 ",55
3/8/20," $24,181,349 "," $26,720,391 ",55
3/7/20," $39,626,466 "," $43,787,245 ",55
3/6/20," $26,596,044 "," $29,388,629 ",55
3/5/20," $5,173,922 "," $5,717,184 ",53
3/4/20," $5,814,048 "," $6,424,523 ",53
3/3/20," $9,770,097 "," $10,795,957 ",53
3/2/20," $5,723,972 "," $6,324,989 ",53
3/1/20," $22,824,096 "," $25,220,626 ",54
2/29/20," $36,566,868 "," $40,406,389 ",56
2/28/20," $24,107,105 "," $26,638,351 ",55
2/27/20," $5,570,828 "," $6,155,765 ",56
2/26/20," $7,720,801 "," $8,531,485 ",56
2/25/20," $9,552,830 "," $10,555,877 ",58
2/24/20," $5,494,739 "," $6,071,687 ",55
2/23/20," $23,750,435 "," $26,244,231 ",56
2/22/20," $37,850,558 "," $41,824,867 ",56
2/21/20," $25,212,722 "," $27,860,058 ",55
2/20/20," $6,824,080 "," $7,540,608 ",53
2/19/20," $7,177,085 "," $7,930,679 ",53
2/18/20," $12,723,158 "," $14,059,090 ",53
2/17/20," $23,909,360 "," $26,419,843 ",54
2/16/20," $37,275,206 "," $41,189,103 ",53
2/15/20," $49,931,558 "," $55,174,372 ",51
2/14/20," $52,807,102 "," $58,351,848 ",51
2/13/20," $5,542,278 "," $6,124,217 ",43
2/12/20," $5,518,611 "," $6,098,065 ",45
2/11/20," $9,166,787 "," $10,129,300 ",45
2/10/20," $6,019,469 "," $6,651,513 ",43
2/9/20," $21,392,865 "," $23,639,116 ",46
2/8/20," $34,783,042 "," $38,435,261 ",47
2/7/20," $24,955,936 "," $27,576,309 ",45
2/6/20," $4,956,835 "," $5,477,303 ",44
2/5/20," $5,350,307 "," $5,912,089 ",46
2/4/20," $8,578,443 "," $9,479,180 ",46
2/3/20," $5,263,181 "," $5,815,815 ",48
2/2/20," $11,085,633 "," $12,249,624 ",49
2/1/20," $34,327,451 "," $37,931,833 ",50
1/31/20," $19,449,993 "," $21,492,242 ",50
1/30/20," $6,914,416 "," $7,640,430 ",48
1/29/20," $6,989,955 "," $7,723,900 ",49
1/28/20," $11,655,746 "," $12,879,599 ",50
1/27/20," $7,159,640 "," $7,911,402 ",52
1/26/20," $29,370,097 "," $32,453,957 ",48
1/25/20," $47,613,907 "," $52,613,367 ",49
1/24/20," $28,191,638 "," $31,151,760 ",49
1/23/20," $9,264,156 "," $10,236,892 ",49
1/22/20," $9,825,130 "," $10,856,769 ",50
1/21/20," $16,627,732 "," $18,373,644 ",49
1/20/20," $34,640,444 "," $38,277,691 ",56
1/19/20," $44,445,163 "," $49,111,905 ",51
1/18/20," $57,594,448 "," $63,641,865 ",49
1/17/20," $46,818,973 "," $51,734,965 ",48
1/16/20," $9,749,145 "," $10,772,805 ",49
1/15/20," $10,924,283 "," $12,071,333 ",50
1/14/20," $15,364,359 "," $16,977,617 ",48
1/13/20," $8,794,486 "," $9,717,907 ",49
1/12/20," $31,796,959 "," $35,135,640 ",48
1/11/20," $48,273,391 "," $53,342,097 ",48
1/10/20," $37,397,262 "," $41,323,975 ",49
1/9/20," $8,206,082 "," $9,067,721 ",50
1/8/20," $9,214,776 "," $10,182,327 ",49
1/7/20," $15,049,864 "," $16,630,100 ",50
1/6/20," $11,385,553 "," $12,581,036 ",50
1/5/20," $33,304,942 "," $36,801,961 ",53
1/4/20," $53,199,800 "," $58,785,779 ",51
1/3/20," $44,715,346 "," $49,410,457 ",50
1/2/20," $31,762,542 "," $35,097,609 ",54
1/1/20," $53,187,474 "," $58,772,159 ",54
12/31/19," $41,665,447 "," $46,040,319 ",54
12/30/19," $43,219,231 "," $47,757,250 ",53
12/29/19," $56,411,598 "," $62,334,816 ",54
12/28/19," $65,192,161 "," $72,037,338 ",54
12/27/19," $65,191,259 "," $72,036,341 ",54
12/26/19," $68,467,070 "," $75,656,112 ",54
12/25/19," $75,198,949 "," $83,094,839 ",54
12/24/19," $36,838,699 "," $40,706,762 ",48
12/23/19," $47,229,945 "," $52,189,089 ",52
12/22/19," $62,731,517 "," $69,318,326 ",51
12/21/19," $72,035,124 "," $79,598,812 ",51
12/20/19," $108,450,464 "," $119,837,763 ",51
12/19/19," $7,862,973 "," $8,688,585 ",54
12/18/19," $8,860,729 "," $9,791,106 ",54
12/17/19," $14,327,480 "," $15,831,865 ",53
12/16/19," $8,508,581 "," $9,401,982 ",54
12/15/19," $30,280,587 "," $33,460,049 ",59
12/14/19," $46,058,861 "," $50,895,041 ",57
12/13/19," $34,092,053 "," $37,671,719 ",56
12/12/19," $5,643,980 "," $6,236,598 ",53
12/11/19," $6,533,255 "," $7,219,247 ",56
12/10/19," $10,602,743 "," $11,716,031 ",55
12/9/19," $6,119,141 "," $6,761,651 ",56
12/8/19," $23,778,027 "," $26,274,720 ",56
12/7/19," $35,416,686 "," $39,135,438 ",54
12/6/19," $20,815,381 "," $23,000,996 ",52
12/5/19," $7,986,180 "," $8,824,729 ",52
12/4/19," $8,346,926 "," $9,223,353 ",54
12/3/19," $13,957,681 "," $15,423,238 ",53
12/2/19," $9,080,802 "," $10,034,286 ",53
12/1/19," $37,085,196 "," $40,979,142 ",52
11/30/19," $63,577,988 "," $70,253,677 ",51
11/29/19," $66,606,168 "," $73,599,816 ",51
11/28/19," $32,997,845 "," $36,462,619 ",52
11/27/19," $43,551,766 "," $48,124,701 ",52
11/26/19," $31,266,098 "," $34,549,038 ",52
11/25/19," $19,568,580 "," $21,623,281 ",55
11/24/19," $54,569,715 "," $60,299,535 ",57
11/23/19," $74,835,863 "," $82,693,629 ",56
11/22/19," $60,740,243 "," $67,117,969 ",55
11/21/19," $5,812,815 "," $6,423,161 ",55
11/20/19," $6,982,607 "," $7,715,781 ",57
11/19/19," $11,181,619 "," $12,355,689 ",57
11/18/19," $6,713,649 "," $7,418,582 ",57
11/17/19," $23,739,106 "," $26,231,712 ",60
11/16/19," $38,123,029 "," $42,125,947 ",58
11/15/19," $27,764,908 "," $30,680,223 ",58
11/14/19," $6,311,446 "," $6,974,148 ",56
11/13/19," $6,631,735 "," $7,328,067 ",56
11/12/19," $11,228,501 "," $12,407,494 ",60
11/11/19," $15,901,040 "," $17,570,649 ",59
11/10/19," $29,556,564 "," $32,660,003 ",55
11/9/19," $40,390,774 "," $44,631,805 ",53
11/8/19," $30,757,803 "," $33,987,372 ",56
11/7/19," $6,273,986 "," $6,932,755 ",54
11/6/19," $6,889,273 "," $7,612,647 ",57
11/5/19," $13,173,253 "," $14,556,445 ",56
11/4/19," $7,716,943 "," $8,527,222 ",55
11/3/19," $27,483,885 "," $30,369,693 ",55
11/2/19," $41,965,566 "," $46,371,950 ",57
11/1/19," $29,928,048 "," $33,070,493 ",54
10/31/19," $8,323,323 "," $9,197,272 ",54
10/30/19," $6,852,150 "," $7,571,626 ",57
10/29/19," $11,111,558 "," $12,278,272 ",57
10/28/19," $8,533,752 "," $9,429,796 ",60
10/27/19," $27,178,626 "," $30,032,382 ",64
10/26/19," $38,191,089 "," $42,201,153 ",59
10/25/19," $26,776,569 "," $29,588,109 ",60
10/24/19," $8,900,850 "," $9,835,439 ",63
10/23/19," $8,669,482 "," $9,579,778 ",62
10/22/19," $15,298,320 "," $16,904,644 ",63
10/21/19," $9,955,759 "," $11,001,114 ",60
10/20/19," $35,771,954 "," $39,528,009 ",61
10/19/19," $52,663,412 "," $58,193,070 ",62
10/18/19," $41,424,039 "," $45,773,563 ",62
10/17/19," $9,199,641 "," $10,165,603 ",53
10/16/19," $10,427,444 "," $11,522,326 ",54
10/15/19," $16,059,741 "," $17,746,014 ",56
10/14/19," $19,926,553 "," $22,018,841 ",56
10/13/19," $38,469,877 "," $42,509,214 ",55
10/12/19," $52,436,937 "," $57,942,815 ",54
10/11/19," $41,999,399 "," $46,409,336 ",52
10/10/19," $12,087,094 "," $13,356,239 ",53
10/9/19," $14,700,112 "," $16,243,624 ",52
10/8/19," $20,641,366 "," $22,808,709 ",51
10/7/19," $13,860,697 "," $15,316,070 ",50
10/6/19," $37,717,482 "," $41,677,818 ",56
10/5/19," $52,865,777 "," $58,416,684 ",56
10/4/19," $52,170,134 "," $57,647,998 ",55
10/3/19," $5,587,741 "," $6,174,454 ",56
10/2/19," $7,495,381 "," $8,282,396 ",58
10/1/19," $10,738,972 "," $11,866,564 ",57
9/30/19," $7,658,431 "," $8,462,566 ",56
9/29/19," $22,818,240 "," $25,214,155 ",58
9/28/19," $36,793,199 "," $40,656,485 ",57
9/27/19," $24,234,037 "," $26,778,611 ",54
9/26/19," $8,136,114 "," $8,990,406 ",59
9/25/19," $8,688,411 "," $9,600,694 ",62
9/24/19," $13,799,906 "," $15,248,896 ",62
9/23/19," $10,395,122 "," $11,486,610 ",62
9/22/19," $28,690,303 "," $31,702,785 ",65
9/21/19," $43,535,907 "," $48,107,177 ",64
9/20/19," $41,188,444 "," $45,513,231 ",65
9/19/19," $6,051,388 "," $6,686,784 ",59
9/18/19," $6,936,968 "," $7,665,350 ",60
9/17/19," $11,384,163 "," $12,579,500 ",61
9/16/19," $8,155,037 "," $9,011,316 ",60
9/15/19," $24,056,556 "," $26,582,494 ",59
9/14/19," $40,561,993 "," $44,821,002 ",57
9/13/19," $32,586,848 "," $36,008,467 ",58
9/12/19," $6,541,316 "," $7,228,154 ",54
9/11/19," $7,507,747 "," $8,296,060 ",54
9/10/19," $12,456,628 "," $13,764,574 ",57
9/9/19," $8,036,232 "," $8,880,036 ",56
9/8/19," $29,572,976 "," $32,678,138 ",56
9/7/19," $48,386,580 "," $53,467,171 ",57
9/6/19," $45,819,096 "," $50,630,101 ",57
9/5/19," $3,464,521 "," $3,828,296 ",53
9/4/19," $4,314,204 "," $4,767,195 ",56
9/3/19," $7,000,338 "," $7,735,373 ",55
9/2/19," $20,450,930 "," $22,598,278 ",57
9/1/19," $24,787,874 "," $27,390,601 ",59
8/31/19," $23,864,410 "," $26,370,173 ",58
8/30/19," $15,420,754 "," $17,039,933 ",57
8/29/19," $7,467,977 "," $8,252,115 ",59
8/28/19," $7,832,897 "," $8,655,351 ",60
8/27/19," $13,158,948 "," $14,540,638 ",59
8/26/19," $8,169,076 "," $9,026,829 ",62
8/25/19," $25,119,532 "," $27,757,083 ",63
8/24/19," $35,293,890 "," $38,999,748 ",62
8/23/19," $27,485,690 "," $30,371,687 ",61
8/22/19," $9,092,749 "," $10,047,488 ",51
8/21/19," $11,542,194 "," $12,754,124 ",52
8/20/19," $15,588,539 "," $17,225,336 ",54
8/19/19," $10,432,200 "," $11,527,581 ",53
8/18/19," $29,728,957 "," $32,850,497 ",56
8/17/19," $40,704,669 "," $44,978,659 ",57
8/16/19," $31,424,008 "," $34,723,529 ",56
8/15/19," $11,830,013 "," $13,072,164 ",56
8/14/19," $13,942,664 "," $15,406,644 ",55
8/13/19," $24,203,103 "," $26,744,429 ",56
8/12/19," $14,187,971 "," $15,677,708 ",54
8/11/19," $35,140,187 "," $38,829,907 ",58
8/10/19," $46,654,263 "," $51,552,961 ",56
8/9/19," $39,577,161 "," $43,732,763 ",55
8/8/19," $13,785,009 "," $15,232,435 ",53
8/7/19," $15,855,534 "," $17,520,365 ",51
8/6/19," $25,305,046 "," $27,962,076 ",51
8/5/19," $17,236,644 "," $19,046,492 ",50
8/4/19," $41,679,822 "," $46,056,203 ",52
8/3/19," $54,293,364 "," $59,994,167 ",51
8/2/19," $47,920,126 "," $52,951,739 ",52
8/1/19," $15,834,506 "," $17,497,129 ",45
7/31/19," $18,500,578 "," $20,443,139 ",48
7/30/19," $29,311,742 "," $32,389,475 ",47
7/29/19," $19,331,379 "," $21,361,174 ",49
7/28/19," $47,030,908 "," $51,969,153 ",50
7/27/19," $58,380,588 "," $64,510,550 ",48
7/26/19," $50,211,408 "," $55,483,606 ",48
7/25/19," $22,440,847 "," $24,797,136 ",50
7/24/19," $25,169,227 "," $27,811,996 ",51
7/23/19," $43,501,186 "," $48,068,811 ",49
7/22/19," $29,473,548 "," $32,568,271 ",49
7/21/19," $72,016,139 "," $79,577,834 ",53
7/20/19," $85,766,043 "," $94,771,478 ",54
7/19/19," $95,837,058 "," $105,899,949 ",53
7/18/19," $12,703,690 "," $14,037,577 ",56
7/17/19," $15,623,748 "," $17,264,242 ",57
7/16/19," $23,559,110 "," $26,032,817 ",57
7/15/19," $14,464,894 "," $15,983,708 ",57
7/14/19," $34,226,276 "," $37,820,035 ",60
7/13/19," $44,559,486 "," $49,238,232 ",57
7/12/19," $35,475,721 "," $39,200,672 ",57
7/11/19," $19,663,316 "," $21,727,964 ",47
7/10/19," $20,000,403 "," $22,100,445 ",44
7/9/19," $30,897,294 "," $34,141,510 ",44
7/8/19," $21,229,116 "," $23,458,173 ",47
7/7/19," $47,498,221 "," $52,485,534 ",51
7/6/19," $65,786,028 "," $72,693,561 ",51
7/5/19," $60,925,419 "," $67,322,588 ",51
7/4/19," $44,249,306 "," $48,895,483 ",54
7/3/19," $46,767,912 "," $51,678,543 ",52
7/2/19," $60,024,135 "," $66,326,669 ",54
7/1/19," $18,689,812 "," $20,652,242 ",52
6/30/19," $43,582,581 "," $48,158,752 ",55
6/29/19," $53,451,424 "," $59,063,824 ",56
6/28/19," $41,791,073 "," $46,179,136 ",55
6/27/19," $22,177,539 "," $24,506,181 ",50
6/26/19," $26,283,471 "," $29,043,235 ",51
6/25/19," $33,013,551 "," $36,479,974 ",52
6/24/19," $22,736,218 "," $25,123,521 ",51
6/23/19," $53,715,735 "," $59,355,887 ",52
6/22/19," $66,038,234 "," $72,972,249 ",52
6/21/19," $70,406,203 "," $77,798,854 ",51
6/20/19," $12,340,565 "," $13,636,324 ",49
6/19/19," $14,180,615 "," $15,669,580 ",50
6/18/19," $22,297,228 "," $24,638,437 ",49
6/17/19," $13,883,046 "," $15,340,766 ",49
6/16/19," $42,998,819 "," $47,513,695 ",50
6/15/19," $44,606,757 "," $49,290,466 ",49
6/14/19," $36,368,642 "," $40,187,349 ",49
6/13/19," $14,439,375 "," $15,955,509 ",54
6/12/19," $16,144,551 "," $17,839,729 ",55
6/11/19," $24,897,611 "," $27,511,860 ",54
6/10/19," $16,691,424 "," $18,444,024 ",54
6/9/19," $46,293,877 "," $51,154,734 ",55
6/8/19," $59,952,393 "," $66,247,394 ",55
6/7/19," $52,112,115 "," $57,583,887 ",55
6/6/19," $14,487,434 "," $16,008,615 ",50
6/5/19," $16,234,086 "," $17,938,665 ",49
6/4/19," $25,193,976 "," $27,839,343 ",50
6/3/19," $16,487,246 "," $18,218,407 ",51
6/2/19," $47,941,123 "," $52,974,941 ",56
6/1/19," $62,942,485 "," $69,551,446 ",55
5/31/19," $56,752,712 "," $62,711,747 ",55
5/30/19," $12,283,803 "," $13,573,602 ",51
5/29/19," $14,658,294 "," $16,197,415 ",50
5/28/19," $22,750,090 "," $25,138,849 ",50
5/27/19," $47,274,838 "," $52,238,696 ",52
5/26/19," $59,290,524 "," $65,516,029 ",49
5/25/19," $59,482,284 "," $65,727,924 ",49
5/24/19," $54,336,217 "," $60,041,520 ",50
5/23/19," $9,506,456 "," $10,504,634 ",53
5/22/19," $10,453,056 "," $11,550,627 ",53
5/21/19," $16,345,241 "," $18,061,491 ",54
5/20/19," $14,450,842 "," $15,968,180 ",53
5/19/19," $40,230,330 "," $44,454,515 ",54
5/18/19," $54,813,657 "," $60,569,091 ",52
5/17/19," $44,857,037 "," $49,567,026 ",54
5/16/19," $9,131,851 "," $10,090,695 ",54
5/15/19," $10,133,783 "," $11,197,830 ",52
5/14/19," $16,466,714 "," $18,195,719 ",55
5/13/19," $12,017,630 "," $13,279,481 ",54
5/12/19," $48,353,838 "," $53,430,991 ",59
5/11/19," $63,550,881 "," $70,223,724 ",59
5/10/19," $48,449,057 "," $53,536,208 ",56
5/9/19," $10,614,193 "," $11,728,683 ",53
5/8/19," $11,761,262 "," $12,996,195 ",59
5/7/19," $18,262,374 "," $20,179,923 ",57
5/6/19," $13,999,459 "," $15,469,402 ",57
5/5/19," $57,468,064 "," $63,502,211 ",58
5/4/19," $80,779,290 "," $89,261,115 ",61
5/3/19," $55,662,864 "," $61,507,465 ",56
5/2/19," $24,182,684 "," $26,721,866 ",59
5/1/19," $28,428,623 "," $31,413,628 ",59
4/30/19," $38,228,010 "," $42,241,951 ",58
4/29/19," $40,482,256 "," $44,732,893 ",59
4/28/19," $101,755,816 "," $112,440,177 ",61
4/27/19," $125,799,120 "," $139,008,028 ",61
4/26/19," $169,024,740 "," $186,772,338 ",62
4/25/19," $5,470,899 "," $6,045,343 ",63
4/24/19," $7,286,538 "," $8,051,624 ",66
4/23/19," $11,769,804 "," $13,005,633 ",66
4/22/19," $10,860,093 "," $12,000,403 ",68
4/21/19," $22,107,077 "," $24,428,320 ",70
4/20/19," $35,883,746 "," $39,651,539 ",71
4/19/19," $37,288,620 "," $41,203,925 ",70
4/18/19," $11,466,545 "," $12,670,532 ",67
4/17/19," $9,786,012 "," $10,813,543 ",67
4/16/19," $13,360,291 "," $14,763,122 ",62
4/15/19," $8,658,998 "," $9,568,193 ",60
4/14/19," $26,826,395 "," $29,643,166 ",62
4/13/19," $42,270,604 "," $46,709,017 ",62
4/12/19," $31,345,105 "," $34,636,341 ",64
4/11/19," $7,371,083 "," $8,145,047 ",64
4/10/19," $8,190,874 "," $9,050,916 ",66
4/9/19," $14,107,492 "," $15,588,779 ",65
4/8/19," $8,644,232 "," $9,551,876 ",65
4/7/19," $35,989,324 "," $39,768,203 ",68
4/6/19," $53,912,988 "," $59,573,852 ",67
4/5/19," $48,015,154 "," $53,056,745 ",67
4/4/19," $7,981,944 "," $8,820,048 ",71
4/3/19," $9,042,094 "," $9,991,514 ",71
4/2/19," $14,879,214 "," $16,441,531 ",70
4/1/19," $9,933,098 "," $10,976,073 ",69
3/31/19," $36,298,098 "," $40,109,398 ",71
3/30/19," $52,539,417 "," $58,056,056 ",70
3/29/19," $40,646,631 "," $44,914,527 ",69
3/28/19," $9,785,895 "," $10,813,414 ",67
3/27/19," $11,229,438 "," $12,408,529 ",67
3/26/19," $17,294,351 "," $19,110,258 ",69
3/25/19," $12,012,316 "," $13,273,609 ",69
3/24/19," $36,496,749 "," $40,328,908 ",71
3/23/19," $55,506,348 "," $61,334,515 ",70
3/22/19," $47,316,111 "," $52,284,303 ",69
3/21/19," $8,332,449 "," $9,207,356 ",70
3/20/19," $8,995,950 "," $9,940,525 ",70
3/19/19," $14,742,300 "," $16,290,242 ",73
3/18/19," $9,621,329 "," $10,631,569 ",69
3/17/19," $34,837,878 "," $38,495,855 ",71
3/16/19," $53,046,789 "," $58,616,702 ",72
3/15/19," $38,586,514 "," $42,638,098 ",70
3/14/19," $13,770,254 "," $15,216,131 ",67
3/13/19," $13,214,862 "," $14,602,423 ",65
3/12/19," $21,508,304 "," $23,766,676 ",66
3/11/19," $15,361,034 "," $16,973,943 ",65
3/10/19," $52,155,992 "," $57,632,371 ",66
3/9/19," $73,122,896 "," $80,800,800 ",65
3/8/19," $72,816,951 "," $80,462,731 ",64
3/7/19," $4,893,029 "," $5,406,797 ",62
3/6/19," $5,812,439 "," $6,422,745 ",61
3/5/19," $9,832,362 "," $10,864,760 ",61
3/4/19," $6,492,011 "," $7,173,672 ",61
3/3/19," $27,003,790 "," $29,839,188 ",64
3/2/19," $42,441,523 "," $46,897,883 ",60
3/1/19," $25,434,405 "," $28,105,018 ",61
2/28/19," $6,153,793 "," $6,799,941 ",56
2/27/19," $5,788,112 "," $6,395,864 ",54
2/26/19," $9,964,130 "," $11,010,364 ",54
2/25/19," $6,057,148 "," $6,693,149 ",54
2/24/19," $30,159,635 "," $33,326,397 ",56
2/23/19," $47,706,821 "," $52,716,037 ",55
2/22/19," $32,968,787 "," $36,430,510 ",55
2/21/19," $6,521,286 "," $7,206,021 ",60
2/20/19," $6,608,651 "," $7,302,559 ",62
2/19/19," $11,247,792 "," $12,428,810 ",65
2/18/19," $21,411,245 "," $23,659,426 ",63
2/17/19," $33,515,190 "," $37,034,285 ",63
2/16/19," $44,509,925 "," $49,183,467 ",61
2/15/19," $27,172,456 "," $30,025,564 ",61
2/14/19," $26,259,254 "," $29,016,476 ",65
2/13/19," $7,406,948 "," $8,184,678 ",63
2/12/19," $7,971,721 "," $8,808,752 ",59
2/11/19," $5,597,858 "," $6,185,633 ",60
2/10/19," $25,914,522 "," $28,635,547 ",64
2/9/19," $42,061,813 "," $46,478,303 ",61
2/8/19," $27,051,182 "," $29,891,556 ",60
2/7/19," $3,789,697 "," $4,187,615 ",58
2/6/19," $4,023,437 "," $4,445,898 ",55
2/5/19," $6,462,124 "," $7,140,647 ",57
2/4/19," $4,118,659 "," $4,551,118 ",54
2/3/19," $10,013,531 "," $11,064,952 ",56
2/2/19," $26,732,767 "," $29,539,708 ",55
2/1/19," $15,360,084 "," $16,972,893 ",55
1/31/19," $5,554,041 "," $6,137,215 ",56
1/30/19," $5,355,391 "," $5,917,707 ",55
1/29/19," $7,751,898 "," $8,565,847 ",55
1/28/19," $5,011,938 "," $5,538,191 ",56
1/27/19," $21,167,825 "," $23,390,447 ",53
1/26/19," $35,370,112 "," $39,083,974 ",53
1/25/19," $18,913,633 "," $20,899,564 ",51
1/24/19," $7,135,530 "," $7,884,761 ",51
1/23/19," $7,111,194 "," $7,857,869 ",49
1/22/19," $11,717,186 "," $12,947,491 ",48
1/21/19," $26,640,078 "," $29,437,286 ",51
1/20/19," $31,173,062 "," $34,446,234 ",49
1/19/19," $44,908,041 "," $49,623,385 ",49
1/18/19," $33,442,056 "," $36,953,472 ",50
1/17/19," $9,956,091 "," $11,001,481 ",49
1/16/19," $14,180,577 "," $15,669,538 ",48
1/15/19," $12,473,769 "," $13,783,515 ",49
1/14/19," $7,718,033 "," $8,528,426 ",48
1/13/19," $27,281,866 "," $30,146,462 ",52
1/12/19," $41,458,012 "," $45,811,103 ",52
1/11/19," $28,100,212 "," $31,050,734 ",51
1/10/19," $8,098,409 "," $8,948,742 ",48
1/9/19," $9,403,436 "," $10,390,797 ",50
1/8/19," $14,364,595 "," $15,872,877 ",50
1/7/19," $9,979,794 "," $11,027,672 ",48
1/6/19," $31,293,715 "," $34,579,555 ",52
1/5/19," $48,843,884 "," $53,972,492 ",52
1/4/19," $38,870,140 "," $42,951,505 ",52
1/3/19," $22,001,708 "," $24,311,887 ",55
1/2/19," $25,043,176 "," $27,672,709 ",53
1/1/19," $52,588,390 "," $58,110,171 ",53
12/31/18," $36,240,441 "," $40,045,687 ",53
12/30/18," $50,932,176 "," $56,280,054 ",51
12/29/18," $58,118,460 "," $64,220,898 ",51
12/28/18," $56,667,767 "," $62,617,883 ",51
12/27/18," $51,671,321 "," $57,096,810 ",53
12/26/18," $55,579,761 "," $61,415,636 ",52
12/25/18," $70,898,743 "," $78,343,111 ",53
12/24/18," $31,752,644 "," $35,086,672 ",49
12/23/18," $49,473,471 "," $54,668,185 ",53
12/22/18," $55,554,266 "," $61,387,464 ",52
12/21/18," $58,331,971 "," $64,456,828 ",53
12/20/18," $12,943,731 "," $14,302,823 ",60
12/19/18," $15,362,046 "," $16,975,061 ",63
12/18/18," $14,278,049 "," $15,777,244 ",59
12/17/18," $11,160,534 "," $12,332,390 ",61
12/16/18," $28,645,794 "," $31,653,602 ",62
12/15/18," $42,788,962 "," $47,281,803 ",65
12/14/18," $31,834,524 "," $35,177,149 ",60
12/13/18," $5,264,085 "," $5,816,814 ",63
12/12/18," $6,234,474 "," $6,889,094 ",64
12/11/18," $8,862,469 "," $9,793,028 ",61
12/10/18," $5,456,743 "," $6,029,701 ",62
12/9/18," $21,129,847 "," $23,348,481 ",63
12/8/18," $34,133,076 "," $37,717,049 ",62
12/7/18," $18,614,792 "," $20,569,345 ",61
12/6/18," $7,043,951 "," $7,783,566 ",54
12/5/18," $7,589,749 "," $8,386,673 ",52
12/4/18," $11,596,578 "," $12,814,219 ",54
12/3/18," $6,698,881 "," $7,402,264 ",54
12/2/18," $30,318,732 "," $33,502,199 ",55
12/1/18," $47,431,308 "," $52,411,595 ",54
11/30/18," $28,440,698 "," $31,426,971 ",54
11/29/18," $9,295,049 "," $10,271,029 ",58
11/28/18," $9,398,372 "," $10,385,201 ",55
11/27/18," $15,536,680 "," $17,168,031 ",52
11/26/18," $10,836,901 "," $11,974,776 ",55
11/25/18," $46,813,707 "," $51,729,146 ",55
11/24/18," $78,342,803 "," $86,568,797 ",55
11/23/18," $78,680,108 "," $86,941,519 ",54
11/22/18," $40,067,310 "," $44,274,378 ",58
11/21/18," $54,726,134 "," $60,472,378 ",58
11/20/18," $22,600,225 "," $24,973,249 ",55
11/19/18," $16,386,643 "," $18,107,241 ",55
11/18/18," $45,823,172 "," $50,634,605 ",61
11/17/18," $64,079,674 "," $70,808,040 ",62
11/16/18," $52,088,352 "," $57,557,629 ",61
11/15/18," $8,057,483 "," $8,903,519 ",63
11/14/18," $8,497,130 "," $9,389,329 ",64
11/13/18," $14,215,303 "," $15,707,910 ",63
11/12/18," $22,745,739 "," $25,134,042 ",61
11/11/18," $46,431,475 "," $51,306,780 ",65
11/10/18," $62,756,436 "," $69,345,862 ",62
11/9/18," $43,392,632 "," $47,948,858 ",62
11/8/18," $7,969,253 "," $8,806,025 ",62
11/7/18," $8,675,372 "," $9,586,286 ",65
11/6/18," $16,116,864 "," $17,809,135 ",65
11/5/18," $9,848,845 "," $10,882,974 ",64
11/4/18," $34,370,134 "," $37,978,998 ",67
11/3/18," $53,081,284 "," $58,654,819 ",67
11/2/18," $41,933,368 "," $46,336,372 ",66
11/1/18," $5,975,432 "," $6,602,852 ",68
10/31/18," $11,026,565 "," $12,184,354 ",66
10/30/18," $10,685,276 "," $11,807,230 ",67
10/29/18," $7,253,711 "," $8,015,351 ",70
10/28/18," $24,248,885 "," $26,795,018 ",70
10/27/18," $39,246,684 "," $43,367,586 ",70
10/26/18," $27,496,524 "," $30,383,659 ",68
10/25/18," $9,899,853 "," $10,939,338 ",61
10/24/18," $9,698,501 "," $10,716,844 ",60
10/23/18," $15,376,609 "," $16,991,153 ",59
10/22/18," $10,806,913 "," $11,941,639 ",59
10/21/18," $38,060,652 "," $42,057,020 ",62
10/20/18," $61,814,586 "," $68,305,118 ",64
10/19/18," $56,148,117 "," $62,043,669 ",61
10/18/18," $8,750,173 "," $9,668,941 ",64
10/17/18," $9,154,256 "," $10,115,453 ",65
10/16/18," $13,896,718 "," $15,355,873 ",63
10/15/18," $10,492,447 "," $11,594,154 ",63
10/14/18," $34,399,338 "," $38,011,268 ",66
10/13/18," $53,659,930 "," $59,294,223 ",65
10/12/18," $38,131,210 "," $42,134,987 ",64
10/11/18," $11,900,338 "," $13,149,873 ",61
10/10/18," $12,940,866 "," $14,299,657 ",64
10/9/18," $19,213,756 "," $21,231,200 ",64
10/8/18," $24,366,989 "," $26,925,523 ",69
10/7/18," $47,954,717 "," $52,989,962 ",67
10/6/18," $61,523,744 "," $67,983,737 ",67
10/5/18," $60,151,242 "," $66,467,122 ",66
10/4/18," $4,906,855 "," $5,422,075 ",68
10/3/18," $5,596,822 "," $6,184,488 ",68
10/2/18," $10,209,526 "," $11,281,526 ",66
10/1/18," $6,014,984 "," $6,646,557 ",68
9/30/18," $24,254,408 "," $26,801,121 ",67
9/29/18," $40,091,310 "," $44,300,898 ",71
9/28/18," $28,267,163 "," $31,235,215 ",69
9/27/18," $5,403,453 "," $5,970,816 ",64
9/26/18," $6,182,375 "," $6,831,524 ",64
9/25/18," $9,556,652 "," $10,560,100 ",64
9/24/18," $5,482,746 "," $6,058,434 ",64
9/23/18," $20,654,487 "," $22,823,208 ",62
9/22/18," $34,464,455 "," $38,083,223 ",62
9/21/18," $23,428,430 "," $25,888,415 ",63
9/20/18," $6,272,634 "," $6,931,261 ",68
9/19/18," $7,241,879 "," $8,002,276 ",68
9/18/18," $11,589,402 "," $12,806,289 ",67
9/17/18," $7,544,738 "," $8,336,935 ",65
9/16/18," $23,642,393 "," $26,124,844 ",70
9/15/18," $37,255,832 "," $41,167,694 ",73
9/14/18," $33,353,697 "," $36,855,835 ",69
9/13/18," $6,097,784 "," $6,738,051 ",64
9/12/18," $6,854,153 "," $7,573,839 ",63
9/11/18," $11,420,145 "," $12,619,260 ",61
9/10/18," $8,402,915 "," $9,285,221 ",60
9/9/18," $26,024,276 "," $28,756,825 ",64
9/8/18," $43,047,200 "," $47,567,156 ",64
9/7/18," $37,261,720 "," $41,174,201 ",62
9/6/18," $4,190,229 "," $4,630,203 ",59
9/5/18," $5,020,082 "," $5,547,191 ",59
9/4/18," $7,457,316 "," $8,240,334 ",60
9/3/18," $22,833,085 "," $25,230,559 ",64
9/2/18," $28,055,583 "," $31,001,419 ",63
9/1/18," $26,975,500 "," $29,807,928 ",61
8/31/18," $18,931,709 "," $20,919,538 ",61
8/30/18," $7,927,356 "," $8,759,728 ",54
8/29/18," $8,797,470 "," $9,721,204 ",58
8/28/18," $12,453,461 "," $13,761,074 ",57
8/27/18," $8,247,086 "," $9,113,030 ",58
8/26/18," $24,727,130 "," $27,323,479 ",60
8/25/18," $35,412,088 "," $39,130,357 ",61
8/24/18," $24,495,949 "," $27,068,024 ",59
8/23/18," $10,407,753 "," $11,500,567 ",53
8/22/18," $12,276,093 "," $13,565,083 ",52
8/21/18," $18,512,685 "," $20,456,517 ",53
8/20/18," $12,414,447 "," $13,717,964 ",53
8/19/18," $33,447,570 "," $36,959,565 ",55
8/18/18," $44,491,938 "," $49,163,591 ",55
8/17/18," $32,778,649 "," $36,220,407 ",53
8/16/18," $14,514,929 "," $16,038,997 ",49
8/15/18," $16,433,770 "," $18,159,316 ",49
8/14/18," $20,084,281 "," $22,193,131 ",48
8/13/18," $14,972,557 "," $16,544,675 ",48
8/12/18," $35,900,467 "," $39,670,016 ",49
8/11/18," $49,435,728 "," $54,626,479 ",48
8/10/18," $41,642,358 "," $46,014,806 ",48
8/9/18," $12,895,346 "," $14,249,357 ",47
8/8/18," $14,768,762 "," $16,319,482 ",47
8/7/18," $22,043,773 "," $24,358,369 ",47
8/6/18," $16,177,531 "," $17,876,172 ",48
8/5/18," $34,094,505 "," $37,674,428 ",49
8/4/18," $46,541,085 "," $51,427,899 ",48
8/3/18," $39,104,031 "," $43,209,954 ",48
8/2/18," $16,675,198 "," $18,426,094 ",50
8/1/18," $19,096,759 "," $21,101,919 ",52
7/31/18," $27,199,595 "," $30,055,552 ",48
7/30/18," $18,497,814 "," $20,440,084 ",48
7/29/18," $41,500,778 "," $45,858,360 ",50
7/28/18," $53,407,707 "," $59,015,516 ",50
7/27/18," $48,422,793 "," $53,507,186 ",48
7/26/18," $16,435,851 "," $18,161,615 ",49
7/25/18," $20,747,967 "," $22,926,504 ",48
7/24/18," $29,587,241 "," $32,693,901 ",51
7/23/18," $20,880,859 "," $23,073,349 ",53
7/22/18," $47,579,661 "," $52,575,525 ",57
7/21/18," $57,766,466 "," $63,831,945 ",52
7/20/18," $52,030,831 "," $57,494,068 ",53
7/19/18," $15,643,674 "," $17,286,260 ",44
7/18/18," $17,731,153 "," $19,592,924 ",47
7/17/18," $28,932,230 "," $31,970,114 ",50
7/16/18," $18,763,348 "," $20,733,500 ",49
7/15/18," $44,435,573 "," $49,101,308 ",54
7/14/18," $58,331,844 "," $64,456,688 ",51
7/13/18," $51,270,452 "," $56,653,849 ",52
7/12/18," $16,097,891 "," $17,788,170 ",46
7/11/18," $18,094,619 "," $19,994,554 ",47
7/10/18," $27,909,644 "," $30,840,157 ",49
7/9/18," $19,734,933 "," $21,807,101 ",49
7/8/18," $47,838,328 "," $52,861,352 ",51
7/7/18," $61,856,503 "," $68,351,436 ",50
7/6/18," $67,105,419 "," $74,151,488 ",50
7/5/18," $25,257,863 "," $27,909,939 ",55
7/4/18," $40,619,993 "," $44,885,092 ",56
7/3/18," $32,755,697 "," $36,195,045 ",54
7/2/18," $24,588,407 "," $27,170,190 ",53
7/1/18," $52,334,791 "," $57,829,944 ",54
6/30/18," $63,301,953 "," $69,948,658 ",57
6/29/18," $51,944,737 "," $57,398,934 ",56
6/28/18," $26,632,384 "," $29,428,784 ",43
6/27/18," $28,009,014 "," $30,949,960 ",44
6/26/18," $39,122,111 "," $43,229,933 ",47
6/25/18," $30,571,561 "," $33,781,575 ",48
6/24/18," $76,597,788 "," $84,640,556 ",50
6/23/18," $98,045,334 "," $108,340,094 ",48
6/22/18," $94,745,213 "," $104,693,460 ",49
6/21/18," $24,150,660 "," $26,686,479 ",48
6/20/18," $28,920,601 "," $31,957,264 ",48
6/19/18," $39,476,232 "," $43,621,236 ",47
6/18/18," $33,350,580 "," $36,852,391 ",49
6/17/18," $77,495,642 "," $85,632,684 ",51
6/16/18," $86,731,622 "," $95,838,442 ",49
6/15/18," $94,453,688 "," $104,371,325 ",50
6/14/18," $10,710,793 "," $11,835,426 ",56
6/13/18," $13,295,879 "," $14,691,946 ",57
6/12/18," $16,901,134 "," $18,675,753 ",54
6/11/18," $12,895,774 "," $14,249,830 ",56
6/10/18," $32,313,223 "," $35,706,111 ",57
6/9/18," $41,817,853 "," $46,208,728 ",55
6/8/18," $35,529,109 "," $39,259,665 ",57
6/7/18," $9,185,032 "," $10,149,460 ",57
6/6/18," $10,061,331 "," $11,117,771 ",55
6/5/18," $14,970,493 "," $16,542,395 ",56
6/4/18," $10,973,333 "," $12,125,533 ",57
6/3/18," $28,481,684 "," $31,472,261 ",57
6/2/18," $39,722,894 "," $43,893,798 ",56
6/1/18," $28,847,168 "," $31,876,121 ",58
5/31/18," $13,046,247 "," $14,416,103 ",56
5/30/18," $14,061,774 "," $15,538,260 ",56
5/29/18," $19,339,477 "," $21,370,122 ",53
5/28/18," $42,991,006 "," $47,505,062 ",103
5/27/18," $57,854,343 "," $63,929,049 ",60
5/26/18," $57,978,530 "," $64,066,276 ",61
5/25/18," $59,302,830 "," $65,529,627 ",60
5/24/18," $12,847,699 "," $14,196,707 ",55
5/23/18," $14,565,889 "," $16,095,307 ",56
5/22/18," $21,956,507 "," $24,261,940 ",56
5/21/18," $19,480,906 "," $21,526,401 ",56
5/20/18," $54,866,952 "," $60,627,982 ",56
5/19/18," $71,898,365 "," $79,447,693 ",56
5/18/18," $73,767,581 "," $81,513,177 ",55
5/17/18," $7,078,729 "," $7,821,996 ",59
5/16/18," $8,772,117 "," $9,693,189 ",58
5/15/18," $12,878,077 "," $14,230,275 ",57
5/14/18," $9,612,387 "," $10,621,688 ",54
5/13/18," $43,946,437 "," $48,560,813 ",58
5/12/18," $50,165,655 "," $55,433,049 ",57
5/11/18," $32,737,187 "," $36,174,592 ",56
5/10/18," $10,511,219 "," $11,614,897 ",55
5/9/18," $10,883,475 "," $12,026,240 ",57
5/8/18," $16,093,185 "," $17,782,969 ",56
5/7/18," $12,107,273 "," $13,378,537 ",55
5/6/18," $49,754,217 "," $54,978,410 ",56
5/5/18," $64,074,617 "," $70,802,452 ",55
5/4/18," $45,292,399 "," $50,048,101 ",56
5/3/18," $19,367,210 "," $21,400,767 ",52
5/2/18," $20,713,483 "," $22,888,399 ",54
5/1/18," $28,639,093 "," $31,646,198 ",54
4/30/18," $28,566,353 "," $31,565,820 ",54
4/29/18," $81,860,580 "," $90,455,941 ",55
4/28/18," $101,912,015 "," $112,612,777 ",55
4/27/18," $119,504,737 "," $132,052,734 ",55
4/26/18," $5,666,996 "," $6,262,031 ",52
4/25/18," $7,307,096 "," $8,074,341 ",53
4/24/18," $10,363,526 "," $11,451,696 ",53
4/23/18," $7,560,858 "," $8,354,748 ",54
4/22/18," $26,784,039 "," $29,596,363 ",57
4/21/18," $44,126,309 "," $48,759,571 ",57
4/20/18," $36,277,334 "," $40,086,454 ",57
4/19/18," $8,637,431 "," $9,544,361 ",52
4/18/18," $8,710,125 "," $9,624,688 ",52
4/17/18," $12,685,736 "," $14,017,738 ",51
4/16/18," $10,160,409 "," $11,227,252 ",52
4/15/18," $36,266,384 "," $40,074,354 ",58
4/14/18," $52,909,806 "," $58,465,336 ",58
4/13/18," $42,616,059 "," $47,090,745 ",56
4/12/18," $9,083,539 "," $10,037,311 ",56
4/11/18," $9,827,421 "," $10,859,300 ",55
4/10/18," $14,445,959 "," $15,962,785 ",52
4/9/18," $10,596,039 "," $11,708,623 ",50
4/8/18," $35,981,451 "," $39,759,503 ",56
4/7/18," $58,479,714 "," $64,620,084 ",54
4/6/18," $46,517,966 "," $51,402,352 ",53
4/5/18," $10,989,200 "," $12,143,066 ",57
4/4/18," $12,678,112 "," $14,009,314 ",58
4/3/18," $16,475,524 "," $18,205,454 ",56
4/2/18," $15,668,166 "," $17,313,323 ",56
4/1/18," $29,819,800 "," $32,950,879 ",57
3/31/18," $42,281,963 "," $46,721,569 ",58
3/30/18," $43,148,753 "," $47,679,372 ",58
3/29/18," $23,135,312 "," $25,564,520 ",55
3/28/18," $10,460,796 "," $11,559,180 ",55
3/27/18," $15,253,350 "," $16,854,952 ",54
3/26/18," $10,675,452 "," $11,796,374 ",54
3/25/18," $30,841,994 "," $34,080,403 ",56
3/24/18," $44,760,594 "," $49,460,456 ",56
3/23/18," $33,214,529 "," $36,702,055 ",54
3/22/18," $9,626,408 "," $10,637,181 ",55
3/21/18," $9,672,049 "," $10,687,614 ",55
3/20/18," $13,806,700 "," $15,256,404 ",56
3/19/18," $9,898,402 "," $10,937,734 ",55
3/18/18," $32,558,002 "," $35,976,592 ",57
3/17/18," $47,344,750 "," $52,315,949 ",55
3/16/18," $38,908,010 "," $42,993,351 ",55
3/15/18," $10,454,648 "," $11,552,386 ",57
3/14/18," $11,494,054 "," $12,700,930 ",55
3/13/18," $15,836,301 "," $17,499,113 ",54
3/12/18," $11,792,732 "," $13,030,969 ",58
3/11/18," $35,320,874 "," $39,029,566 ",59
3/10/18," $53,350,586 "," $58,952,398 ",58
3/9/18," $34,777,853 "," $38,429,528 ",57
3/8/18," $9,497,502 "," $10,494,740 ",61
3/7/18," $9,418,815 "," $10,407,791 ",57
3/6/18," $14,048,468 "," $15,523,557 ",56
3/5/18," $10,307,562 "," $11,389,856 ",58
3/4/18," $38,100,274 "," $42,100,803 ",59
3/3/18," $59,784,318 "," $66,061,671 ",63
3/2/18," $36,454,889 "," $40,282,652 ",61
3/1/18," $11,273,924 "," $12,457,686 ",61
2/28/18," $11,843,453 "," $13,087,016 ",60
2/27/18," $16,812,261 "," $18,577,548 ",58
2/26/18," $12,691,820 "," $14,024,461 ",55
2/25/18," $53,547,584 "," $59,170,080 ",63
2/24/18," $75,931,259 "," $83,904,041 ",63
2/23/18," $48,123,367 "," $53,176,321 ",63
2/22/18," $19,034,170 "," $21,032,758 ",55
2/21/18," $19,456,030 "," $21,498,913 ",54
2/20/18," $27,755,054 "," $30,669,335 ",52
2/19/18," $55,644,035 "," $61,486,659 ",83
2/18/18," $80,866,768 "," $89,357,779 ",55
2/17/18," $93,032,364 "," $102,800,762 ",54
2/16/18," $93,625,853 "," $103,456,568 ",56
2/15/18," $7,638,718 "," $8,440,783 ",49
2/14/18," $20,977,810 "," $23,180,480 ",51
2/13/18," $10,800,092 "," $11,934,102 ",49
2/12/18," $8,443,182 "," $9,329,716 ",50
2/11/18," $30,053,992 "," $33,209,661 ",54
2/10/18," $46,835,924 "," $51,753,696 ",55
2/9/18," $36,944,332 "," $40,823,487 ",55
2/8/18," $5,081,520 "," $5,615,080 ",47
2/7/18," $5,363,456 "," $5,926,619 ",48
2/6/18," $7,674,118 "," $8,479,900 ",46
2/5/18," $5,510,566 "," $6,089,175 ",47
2/4/18," $11,953,036 "," $13,208,105 ",48
2/3/18," $33,813,198 "," $37,363,584 ",48
2/2/18," $20,168,149 "," $22,285,805 ",46
2/1/18," $6,575,969 "," $7,266,446 ",50
1/31/18," $6,870,721 "," $7,592,147 ",51
1/30/18," $9,885,632 "," $10,923,623 ",49
1/29/18," $7,232,905 "," $7,992,360 ",51
1/28/18," $28,978,087 "," $32,020,786 ",49
1/27/18," $44,509,189 "," $49,182,654 ",50
1/26/18," $29,073,174 "," $32,125,857 ",48
1/25/18," $7,612,674 "," $8,412,005 ",50
1/24/18," $7,828,388 "," $8,650,369 ",48
1/23/18," $11,025,234 "," $12,182,884 ",48
1/22/18," $7,822,169 "," $8,643,497 ",49
1/21/18," $25,141,996 "," $27,781,906 ",52
1/20/18," $47,764,511 "," $52,779,785 ",50
1/19/18," $31,269,671 "," $34,552,986 ",50
1/18/18," $9,293,917 "," $10,269,778 ",45
1/17/18," $8,531,276 "," $9,427,060 ",45
1/16/18," $11,957,311 "," $13,212,829 ",45
1/15/18," $29,690,466 "," $32,807,965 ",68
1/14/18," $42,682,101 "," $47,163,722 ",47
1/13/18," $52,689,160 "," $58,221,522 ",47
1/12/18," $33,953,952 "," $37,519,117 ",46
1/11/18," $9,469,668 "," $10,463,983 ",45
1/10/18," $10,230,138 "," $11,304,302 ",44
1/9/18," $14,561,460 "," $16,090,413 ",44
1/8/18," $10,858,592 "," $11,998,744 ",44
1/7/18," $37,708,478 "," $41,667,868 ",45
1/6/18," $60,035,249 "," $66,338,950 ",46
1/5/18," $46,427,974 "," $51,302,911 ",45
1/4/18," $19,487,086 "," $21,533,230 ",42
1/3/18," $22,682,618 "," $25,064,293 ",42
1/2/18," $32,940,033 "," $36,398,736 ",42
1/1/18," $52,749,737 "," $58,288,459 ",62
12/31/17," $45,058,610 "," $49,789,764 ",44
12/30/17," $65,944,668 "," $72,868,858 ",44
12/29/17," $62,341,373 "," $68,887,217 ",44
12/28/17," $57,554,148 "," $63,597,334 ",45
12/27/17," $60,173,634 "," $66,491,866 ",45
12/26/17," $70,791,207 "," $78,224,284 ",45
12/25/17," $73,401,807 "," $81,108,997 ",59
12/24/17," $37,849,494 "," $41,823,691 ",43
12/23/17," $64,951,725 "," $71,771,656 ",43
12/22/17," $61,502,043 "," $67,959,758 ",43
12/21/17," $33,077,231 "," $36,550,340 ",43
12/20/17," $31,617,933 "," $34,937,816 ",43
12/19/17," $28,507,490 "," $31,500,776 ",41
12/18/17," $27,424,111 "," $30,303,643 ",41
12/17/17," $66,276,341 "," $73,235,357 ",47
12/16/17," $84,117,566 "," $92,949,910 ",47
12/15/17," $116,792,459 "," $129,055,667 ",47
12/14/17," $4,880,591 "," $5,393,053 ",52
12/13/17," $6,009,678 "," $6,640,694 ",55
12/12/17," $8,189,972 "," $9,049,919 ",54
12/11/17," $5,550,500 "," $6,133,303 ",54
12/10/17," $20,411,998 "," $22,555,258 ",55
12/9/17," $30,582,338 "," $33,793,483 ",57
12/8/17," $20,712,423 "," $22,887,227 ",58
12/7/17," $7,070,717 "," $7,813,142 ",60
12/6/17," $7,131,940 "," $7,880,794 ",63
12/5/17," $10,288,815 "," $11,369,141 ",59
12/4/17," $6,598,433 "," $7,291,268 ",61
12/3/17," $28,496,461 "," $31,488,589 ",58
12/2/17," $42,297,179 "," $46,738,383 ",58
12/1/17," $25,915,312 "," $28,636,420 ",58
11/30/17," $9,443,571 "," $10,435,146 ",60
11/29/17," $8,987,913 "," $9,931,644 ",58
11/28/17," $13,351,652 "," $14,753,575 ",56
11/27/17," $9,362,167 "," $10,345,195 ",57
11/26/17," $41,827,157 "," $46,219,008 ",58
11/25/17," $67,417,028 "," $74,495,816 ",58
11/24/17," $69,313,582 "," $76,591,508 ",57
11/23/17," $33,928,458 "," $37,490,946 ",60
11/22/17," $43,089,303 "," $47,613,680 ",61
11/21/17," $27,604,823 "," $30,503,329 ",56
11/20/17," $19,580,801 "," $21,636,785 ",58
11/19/17," $50,621,177 "," $55,936,401 ",60
11/18/17," $73,815,901 "," $81,566,571 ",61
11/17/17," $68,379,288 "," $75,559,113 ",61
11/16/17," $7,331,730 "," $8,101,562 ",60
11/15/17," $8,429,298 "," $9,314,374 ",58
11/14/17," $12,292,773 "," $13,583,514 ",57
11/13/17," $10,290,193 "," $11,370,663 ",58
11/12/17," $35,155,983 "," $38,847,361 ",59
11/11/17," $55,507,201 "," $61,335,457 ",61
11/10/17," $47,558,312 "," $52,551,935 ",60
11/9/17," $10,784,118 "," $11,916,450 ",60
11/8/17," $9,640,220 "," $10,652,443 ",59
11/7/17," $15,984,573 "," $17,662,953 ",58
11/6/17," $11,621,417 "," $12,841,666 ",59
11/5/17," $43,101,496 "," $47,627,153 ",61
11/4/17," $62,375,745 "," $68,925,198 ",62
11/3/17," $59,169,676 "," $65,382,492 ",62
11/2/17," $5,464,291 "," $6,038,042 ",60
11/1/17," $6,146,712 "," $6,792,117 ",61
10/31/17," $7,544,877 "," $8,337,089 ",59
10/30/17," $4,969,217 "," $5,490,985 ",58
10/29/17," $15,299,332 "," $16,905,762 ",58
10/28/17," $23,295,216 "," $25,741,214 ",61
10/27/17," $19,304,832 "," $21,331,839 ",61
10/26/17," $4,828,745 "," $5,335,763 ",64
10/25/17," $5,219,220 "," $5,767,238 ",64
10/24/17," $8,480,466 "," $9,370,915 ",62
10/23/17," $5,863,382 "," $6,479,037 ",61
10/22/17," $19,666,662 "," $21,731,662 ",65
10/21/17," $32,033,329 "," $35,396,829 ",65
10/20/17," $25,207,800 "," $27,854,619 ",66
10/19/17," $5,695,184 "," $6,293,178 ",64
10/18/17," $5,750,719 "," $6,354,544 ",64
10/17/17," $8,687,735 "," $9,599,947 ",67
10/16/17," $6,640,725 "," $7,338,001 ",66
10/15/17," $22,359,541 "," $24,707,293 ",63
10/14/17," $36,145,995 "," $39,941,324 ",64
10/13/17," $30,428,923 "," $33,623,960 ",62
10/12/17," $6,518,140 "," $7,202,545 ",63
10/11/17," $7,195,126 "," $7,950,614 ",63
10/10/17," $10,353,740 "," $11,440,883 ",65
10/9/17," $15,152,864 "," $16,743,915 ",66
10/8/17," $28,285,111 "," $31,255,048 ",63
10/7/17," $37,624,025 "," $41,574,548 ",61
10/6/17," $31,091,933 "," $34,356,586 ",64
10/5/17," $5,229,961 "," $5,779,107 ",62
10/4/17," $5,865,933 "," $6,481,856 ",63
10/3/17," $8,268,173 "," $9,136,331 ",62
10/2/17," $5,330,590 "," $5,890,302 ",61
10/1/17," $20,543,100 "," $22,700,126 ",60
9/30/17," $35,357,409 "," $39,069,937 ",60
9/29/17," $24,363,397 "," $26,921,554 ",61
9/28/17," $6,793,459 "," $7,506,772 ",60
9/27/17," $6,397,907 "," $7,069,687 ",60
9/26/17," $11,526,211 "," $12,736,463 ",61
9/25/17," $6,945,351 "," $7,674,613 ",62
9/24/17," $26,885,165 "," $29,708,107 ",61
9/23/17," $45,474,388 "," $50,249,199 ",63
9/22/17," $36,113,081 "," $39,904,955 ",63
9/21/17," $7,076,405 "," $7,819,428 ",60
9/20/17," $7,327,735 "," $8,097,147 ",60
9/19/17," $10,246,308 "," $11,322,170 ",60
9/18/17," $7,612,952 "," $8,412,312 ",61
9/17/17," $25,174,282 "," $27,817,582 ",60
9/16/17," $42,912,874 "," $47,418,726 ",59
9/15/17," $33,607,183 "," $37,135,937 ",59
9/14/17," $10,224,288 "," $11,297,838 ",58
9/13/17," $10,618,854 "," $11,733,834 ",58
9/12/17," $15,257,449 "," $16,859,481 ",60
9/11/17," $11,034,172 "," $12,192,760 ",59
9/10/17," $35,203,661 "," $38,900,045 ",59
9/9/17," $58,343,815 "," $64,469,916 ",61
9/8/17," $59,530,906 "," $65,781,651 ",60
9/7/17," $2,314,756 "," $2,557,805 ",58
9/6/17," $2,979,235 "," $3,292,055 ",56
9/5/17," $4,011,084 "," $4,432,248 ",56
9/4/17," $12,986,558 "," $14,350,147 ",101
9/3/17," $18,985,044 "," $20,978,474 ",59
9/2/17," $18,699,133 "," $20,662,542 ",59
9/1/17," $11,227,027 "," $12,405,865 ",56
8/31/17," $4,643,478 "," $5,131,043 ",53
8/30/17," $4,742,783 "," $5,240,775 ",53
8/29/17," $7,487,116 "," $8,273,263 ",52
8/28/17," $5,026,080 "," $5,553,818 ",53
8/27/17," $13,728,238 "," $15,169,703 ",53
8/26/17," $19,462,155 "," $21,505,681 ",54
8/25/17," $14,655,339 "," $16,194,150 ",52
8/24/17," $6,651,285 "," $7,349,670 ",53
8/23/17," $7,269,364 "," $8,032,647 ",53
8/22/17," $11,117,164 "," $12,284,466 ",52
8/21/17," $7,365,690 "," $8,139,087 ",54
8/20/17," $19,864,922 "," $21,950,739 ",52
8/19/17," $30,375,343 "," $33,564,754 ",53
8/18/17," $25,558,624 "," $28,242,280 ",56
8/17/17," $8,815,839 "," $9,741,502 ",55
8/16/17," $9,653,919 "," $10,667,580 ",57
8/15/17," $15,248,720 "," $16,849,836 ",58
8/14/17," $10,745,642 "," $11,873,934 ",57
8/13/17," $24,442,510 "," $27,008,974 ",55
8/12/17," $37,185,315 "," $41,089,773 ",54
8/11/17," $33,621,206 "," $37,151,433 ",55
8/10/17," $9,953,638 "," $10,998,770 ",52
8/9/17," $11,138,270 "," $12,307,788 ",54
8/8/17," $16,975,501 "," $18,757,929 ",52
8/7/17," $14,950,528 "," $16,520,333 ",51
8/6/17," $28,926,543 "," $31,963,830 ",52
8/5/17," $41,482,785 "," $45,838,477 ",52
8/4/17," $35,030,846 "," $38,709,085 ",52
8/3/17," $15,368,993 "," $16,982,737 ",50
8/2/17," $16,438,454 "," $18,164,492 ",50
8/1/17," $22,429,123 "," $24,784,181 ",50
7/31/17," $16,129,548 "," $17,823,151 ",50
7/30/17," $36,341,667 "," $40,157,542 ",51
7/29/17," $53,128,844 "," $58,707,373 ",53
7/28/17," $44,616,620 "," $49,301,365 ",52
7/27/17," $18,775,681 "," $20,747,128 ",52
7/26/17," $18,980,147 "," $20,973,062 ",51
7/25/17," $27,627,263 "," $30,528,126 ",53
7/24/17," $22,685,232 "," $25,067,181 ",51
7/23/17," $48,728,223 "," $53,844,686 ",53
7/22/17," $64,880,400 "," $71,692,842 ",54
7/21/17," $59,322,863 "," $65,551,764 ",53
7/20/17," $15,024,104 "," $16,601,635 ",50
7/19/17," $16,873,077 "," $18,644,750 ",51
7/18/17," $24,928,490 "," $27,545,981 ",50
7/17/17," $18,485,190 "," $20,426,135 ",51
7/16/17," $43,345,012 "," $47,896,238 ",52
7/15/17," $58,930,124 "," $65,117,787 ",52
7/14/17," $53,793,302 "," $59,441,599 ",52
7/13/17," $19,091,244 "," $21,095,825 ",52
7/12/17," $20,757,284 "," $22,936,799 ",53
7/11/17," $29,999,465 "," $33,149,409 ",53
7/10/17," $22,539,162 "," $24,905,774 ",52
7/9/17," $52,109,277 "," $57,580,751 ",52
7/8/17," $69,358,643 "," $76,641,301 ",52
7/7/17," $76,855,426 "," $84,925,246 ",52
7/6/17," $17,995,626 "," $19,885,167 ",51
7/5/17," $18,849,593 "," $20,828,800 ",52
7/4/17," $31,120,342 "," $34,387,978 ",51
7/3/17," $33,957,858 "," $37,523,433 ",53
7/2/17," $46,223,092 "," $51,076,517 ",53
7/1/17," $56,245,725 "," $62,151,526 ",53
6/30/17," $54,738,724 "," $60,486,290 ",51
6/29/17," $14,719,860 "," $16,265,445 ",49
6/28/17," $18,340,719 "," $20,266,494 ",50
6/27/17," $19,794,057 "," $21,872,433 ",52
6/26/17," $15,487,094 "," $17,113,239 ",51
6/25/17," $38,162,647 "," $42,169,725 ",48
6/24/17," $51,421,153 "," $56,820,374 ",48
6/23/17," $40,439,473 "," $44,685,618 ",49
6/22/17," $23,128,753 "," $25,557,272 ",51
6/21/17," $30,303,385 "," $33,485,240 ",50
6/20/17," $22,473,793 "," $24,833,541 ",50
6/19/17," $19,425,551 "," $21,465,234 ",49
6/18/17," $55,006,576 "," $60,782,266 ",51
6/17/17," $62,685,655 "," $69,267,649 ",49
6/16/17," $61,383,551 "," $67,828,824 ",49
6/15/17," $13,163,857 "," $14,546,062 ",48
6/14/17," $14,580,182 "," $16,111,101 ",48
6/13/17," $20,718,990 "," $22,894,484 ",50
6/12/17," $14,348,345 "," $15,854,921 ",50
6/11/17," $40,527,728 "," $44,783,139 ",51
6/10/17," $54,615,031 "," $60,349,609 ",51
6/9/17," $42,144,780 "," $46,569,982 ",51
6/8/17," $16,498,506 "," $18,230,849 ",46
6/7/17," $16,575,845 "," $18,316,309 ",46
6/6/17," $25,551,059 "," $28,233,920 ",47
6/5/17," $20,034,068 "," $22,137,645 ",46
6/4/17," $52,201,996 "," $57,683,206 ",47
6/3/17," $65,529,573 "," $72,410,178 ",48
6/2/17," $61,290,814 "," $67,726,349 ",47
6/1/17," $8,948,184 "," $9,887,743 ",45
5/31/17," $10,544,990 "," $11,652,214 ",45
5/30/17," $15,683,356 "," $17,330,108 ",45
5/29/17," $35,842,252 "," $39,605,688 ",62
5/28/17," $43,677,507 "," $48,263,645 ",45
5/27/17," $46,535,890 "," $51,422,158 ",44
5/26/17," $43,778,702 "," $48,375,466 ",44
5/25/17," $12,018,919 "," $13,280,905 ",56
5/24/17," $8,130,318 "," $8,984,001 ",54
5/23/17," $13,125,040 "," $14,503,169 ",55
5/22/17," $11,276,622 "," $12,460,667 ",54
5/21/17," $32,321,750 "," $35,715,534 ",54
5/20/17," $45,389,134 "," $50,154,993 ",54
5/19/17," $37,620,803 "," $41,570,987 ",54
5/18/17," $7,047,592 "," $7,787,589 ",53
5/17/17," $7,748,769 "," $8,562,390 ",50
5/16/17," $11,810,459 "," $13,050,557 ",51
5/15/17," $9,016,237 "," $9,962,942 ",51
5/14/17," $42,099,797 "," $46,520,276 ",52
5/13/17," $49,715,085 "," $54,935,169 ",53
5/12/17," $32,745,593 "," $36,183,880 ",54
5/11/17," $9,631,746 "," $10,643,079 ",51
5/10/17," $10,367,390 "," $11,455,966 ",52
5/9/17," $16,278,298 "," $17,987,519 ",51
5/8/17," $12,477,324 "," $13,787,443 ",51
5/7/17," $50,535,786 "," $55,842,044 ",52
5/6/17," $68,016,275 "," $75,157,984 ",53
5/5/17," $65,804,066 "," $72,713,493 ",52
5/4/17," $4,097,304 "," $4,527,521 ",51
5/3/17," $4,794,901 "," $5,298,366 ",51
5/2/17," $8,213,580 "," $9,076,006 ",52
5/1/17," $5,275,991 "," $5,829,970 ",50
4/30/17," $23,307,231 "," $25,754,490 ",55
4/29/17," $33,771,288 "," $37,317,273 ",55
4/28/17," $23,797,287 "," $26,296,002 ",54
4/27/17," $5,337,007 "," $5,897,393 ",54
4/26/17," $5,712,587 "," $6,312,409 ",56
4/25/17," $9,605,661 "," $10,614,255 ",53
4/24/17," $6,032,776 "," $6,666,217 ",55
4/23/17," $24,681,391 "," $27,272,937 ",55
4/22/17," $40,114,283 "," $44,326,283 ",55
4/21/17," $26,130,366 "," $28,874,054 ",54
4/20/17," $10,009,388 "," $11,060,374 ",52
4/19/17," $10,551,449 "," $11,659,351 ",52
4/18/17," $15,717,855 "," $17,368,230 ",51
4/17/17," $17,390,287 "," $19,216,267 ",51
4/16/17," $35,774,114 "," $39,530,396 ",50
4/15/17," $52,838,894 "," $58,386,978 ",50
4/14/17," $67,269,700 "," $74,333,019 ",50
4/13/17," $11,125,859 "," $12,294,074 ",56
4/12/17," $10,497,612 "," $11,599,861 ",54
4/11/17," $13,997,974 "," $15,467,761 ",51
4/10/17," $9,341,538 "," $10,322,399 ",52
4/9/17," $28,855,765 "," $31,885,620 ",57
4/8/17," $46,160,313 "," $51,007,146 ",56
4/7/17," $31,271,836 "," $34,555,379 ",56
4/6/17," $10,679,246 "," $11,800,567 ",48
4/5/17," $10,660,937 "," $11,780,335 ",47
4/4/17," $16,432,321 "," $18,157,715 ",47
4/3/17," $11,330,326 "," $12,520,010 ",49
4/2/17," $45,051,082 "," $49,781,446 ",48
4/1/17," $66,777,262 "," $73,788,875 ",50
3/31/17," $49,822,179 "," $55,053,508 ",50
3/30/17," $12,723,692 "," $14,059,680 ",50
3/29/17," $13,622,743 "," $15,053,131 ",51
3/28/17," $20,499,177 "," $22,651,591 ",49
3/27/17," $15,395,446 "," $17,011,968 ",50
3/26/17," $57,385,440 "," $63,410,911 ",52
3/25/17," $78,876,604 "," $87,158,647 ",52
3/24/17," $56,471,238 "," $62,400,718 ",51
3/23/17," $16,944,792 "," $18,723,995 ",47
3/22/17," $18,241,552 "," $20,156,915 ",48
3/21/17," $28,528,078 "," $31,523,526 ",47
3/20/17," $20,375,732 "," $22,515,184 ",47
3/19/17," $70,756,066 "," $78,185,453 ",47
3/18/17," $96,604,297 "," $106,747,748 ",48
3/17/17," $84,864,913 "," $93,775,729 ",48
3/16/17," $11,563,909 "," $12,778,119 ",52
3/15/17," $13,283,935 "," $14,678,748 ",52
3/14/17," $17,057,504 "," $18,848,542 ",50
3/13/17," $14,439,885 "," $15,956,073 ",51
3/12/17," $42,976,704 "," $47,489,258 ",52
3/11/17," $62,105,056 "," $68,626,087 ",53
3/10/17," $44,281,085 "," $48,930,599 ",53
3/9/17," $11,977,464 "," $13,235,098 ",62
3/8/17," $11,912,964 "," $13,163,825 ",59
3/7/17," $17,605,306 "," $19,453,863 ",59
3/6/17," $14,046,674 "," $15,521,575 ",60
3/5/17," $47,276,817 "," $52,240,883 ",58
3/4/17," $64,907,463 "," $71,722,747 ",58
3/3/17," $55,831,609 "," $61,693,928 ",57
3/2/17," $7,993,125 "," $8,832,403 ",53
3/1/17," $8,660,889 "," $9,570,282 ",53
2/28/17," $12,001,616 "," $13,261,786 ",53
2/27/17," $9,189,390 "," $10,154,276 ",52
2/26/17," $29,804,615 "," $32,934,100 ",51
2/25/17," $44,911,199 "," $49,626,875 ",51
2/24/17," $29,289,886 "," $32,365,324 ",50
2/23/17," $10,103,376 "," $11,164,230 ",49
2/22/17," $10,221,239 "," $11,294,469 ",49
2/21/17," $13,077,049 "," $14,450,139 ",48
2/20/17," $27,089,643 "," $29,934,056 ",60
2/19/17," $40,349,576 "," $44,586,281 ",48
2/18/17," $53,117,308 "," $58,694,625 ",49
2/17/17," $35,745,240 "," $39,498,490 ",47
2/16/17," $10,709,550 "," $11,834,053 ",49
2/15/17," $11,216,653 "," $12,394,402 ",47
2/14/17," $29,546,806 "," $32,649,221 ",45
2/13/17," $12,682,522 "," $14,014,187 ",49
2/12/17," $43,741,371 "," $48,334,215 ",46
2/11/17," $69,472,249 "," $76,766,835 ",48
2/10/17," $58,041,735 "," $64,136,117 ",46
2/9/17," $4,738,816 "," $5,236,392 ",48
2/8/17," $5,405,455 "," $5,973,028 ",49
2/7/17," $7,792,652 "," $8,610,880 ",50
2/6/17," $5,653,628 "," $6,247,259 ",49
2/5/17," $13,226,004 "," $14,614,734 ",50
2/4/17," $37,863,651 "," $41,839,334 ",50
2/3/17," $24,572,660 "," $27,152,789 ",49
2/2/17," $6,901,698 "," $7,626,376 ",46
2/1/17," $6,908,544 "," $7,633,941 ",45
1/31/17," $10,194,153 "," $11,264,539 ",44
1/30/17," $7,332,595 "," $8,102,517 ",46
1/29/17," $30,676,940 "," $33,898,019 ",47
1/28/17," $48,763,575 "," $53,883,750 ",48
1/27/17," $32,210,280 "," $35,592,359 ",46
1/26/17," $8,515,965 "," $9,410,141 ",48
1/25/17," $8,680,735 "," $9,592,212 ",47
1/24/17," $12,402,342 "," $13,704,588 ",46
1/23/17," $8,834,695 "," $9,762,338 ",48
1/22/17," $29,514,638 "," $32,613,675 ",49
1/21/17," $53,691,879 "," $59,329,526 ",48
1/20/17," $37,332,148 "," $41,252,024 ",50
1/19/17," $7,116,692 "," $7,863,945 ",45
1/18/17," $7,636,987 "," $8,438,871 ",42
1/17/17," $11,266,436 "," $12,449,412 ",45
1/16/17," $29,393,316 "," $32,479,614 ",60
1/15/17," $36,732,315 "," $40,589,208 ",43
1/14/17," $48,116,624 "," $53,168,870 ",46
1/13/17," $34,673,108 "," $38,313,784 ",45
1/12/17," $9,704,955 "," $10,723,975 ",44
1/11/17," $10,148,500 "," $11,214,093 ",44
1/10/17," $15,267,153 "," $16,870,204 ",44
1/9/17," $10,419,513 "," $11,513,562 ",46
1/8/17," $34,512,473 "," $38,136,283 ",45
1/7/17," $50,026,406 "," $55,279,179 ",44
1/6/17," $35,952,754 "," $39,727,793 ",46
1/5/17," $14,928,109 "," $16,495,560 ",50
1/4/17," $16,695,754 "," $18,448,808 ",49
1/3/17," $24,799,823 "," $27,403,804 ",48
1/2/17," $54,065,844 "," $59,742,758 ",54
1/1/17," $56,752,913 "," $62,711,969 ",52
12/31/16," $48,726,595 "," $53,842,887 ",50
12/30/16," $60,985,934 "," $67,389,457 ",51
12/29/16," $53,356,579 "," $58,959,020 ",52
12/28/16," $55,873,826 "," $61,740,578 ",52
12/27/16," $66,574,257 "," $73,564,554 ",50
12/26/16," $85,591,349 "," $94,578,441 ",64
12/25/16," $75,833,566 "," $83,796,090 ",49
12/24/16," $35,458,836 "," $39,182,014 ",47
12/23/16," $55,697,825 "," $61,546,097 ",47
12/22/16," $39,444,486 "," $43,586,157 ",51
12/21/16," $40,884,496 "," $45,177,368 ",52
12/20/16," $27,004,546 "," $29,840,023 ",45
12/19/16," $25,568,518 "," $28,253,212 ",47
12/18/16," $52,891,489 "," $58,445,095 ",48
12/17/16," $65,707,159 "," $72,606,411 ",50
12/16/16," $84,996,975 "," $93,921,657 ",49
12/15/16," $5,373,598 "," $5,937,826 ",48
12/14/16," $6,058,732 "," $6,694,899 ",51
12/13/16," $8,291,410 "," $9,162,008 ",50
12/12/16," $5,869,223 "," $6,485,491 ",48
12/11/16," $18,807,218 "," $20,781,976 ",48
12/10/16," $31,819,176 "," $35,160,189 ",49
12/9/16," $20,983,463 "," $23,186,727 ",50
12/8/16," $5,288,833 "," $5,844,160 ",52
12/7/16," $5,585,860 "," $6,172,375 ",55
12/6/16," $8,190,529 "," $9,050,535 ",54
12/5/16," $5,571,971 "," $6,157,028 ",54
12/4/16," $23,622,021 "," $26,102,333 ",53
12/3/16," $38,079,967 "," $42,078,364 ",54
12/2/16," $22,125,335 "," $24,448,495 ",53
12/1/16," $7,486,507 "," $8,272,590 ",52
11/30/16," $7,763,559 "," $8,578,733 ",53
11/29/16," $11,712,637 "," $12,942,464 ",51
11/28/16," $8,525,150 "," $9,420,291 ",52
11/27/16," $37,794,022 "," $41,762,394 ",51
11/26/16," $65,632,359 "," $72,523,757 ",52
11/25/16," $67,182,370 "," $74,236,519 ",52
11/24/16," $31,954,618 "," $35,309,853 ",51
11/23/16," $41,175,769 "," $45,499,225 ",53
11/22/16," $19,647,586 "," $21,710,583 ",50
11/21/16," $14,815,858 "," $16,371,523 ",52
11/20/16," $39,141,358 "," $43,251,201 ",51
11/19/16," $58,063,129 "," $64,159,758 ",51
11/18/16," $49,376,038 "," $54,560,522 ",52
11/17/16," $6,929,684 "," $7,657,301 ",51
11/16/16," $8,044,879 "," $8,889,591 ",51
11/15/16," $12,076,667 "," $13,344,717 ",50
11/14/16," $8,613,839 "," $9,518,292 ",51
11/13/16," $34,569,418 "," $38,199,207 ",49
11/12/16," $58,692,930 "," $64,855,688 ",52
11/11/16," $52,635,745 "," $58,162,498 ",51
11/10/16," $13,267,687 "," $14,660,794 ",58
11/9/16," $10,669,877 "," $11,790,214 ",56
11/8/16," $18,609,076 "," $20,563,029 ",54
11/7/16," $12,845,729 "," $14,194,531 ",54
11/6/16," $47,508,479 "," $52,496,869 ",56
11/5/16," $72,912,256 "," $80,568,043 ",55
11/4/16," $60,243,405 "," $66,568,963 ",55
11/3/16," $4,762,418 "," $5,262,472 ",60
11/2/16," $5,025,357 "," $5,553,019 ",62
11/1/16," $7,860,280 "," $8,685,609 ",65
10/31/16," $8,296,074 "," $9,167,162 ",63
10/30/16," $19,835,660 "," $21,918,404 ",63
10/29/16," $31,805,056 "," $35,144,587 ",64
10/28/16," $22,673,471 "," $25,054,185 ",64
10/27/16," $7,154,373 "," $7,905,582 ",69
10/26/16," $6,993,401 "," $7,727,708 ",71
10/25/16," $10,497,490 "," $11,599,726 ",70
10/24/16," $7,941,621 "," $8,775,491 ",71
10/23/16," $26,245,405 "," $29,001,173 ",74
10/22/16," $45,231,940 "," $49,981,294 ",72
10/21/16," $37,648,649 "," $41,601,757 ",75
10/20/16," $6,333,793 "," $6,998,841 ",72
10/19/16," $5,825,075 "," $6,436,708 ",69
10/18/16," $9,036,078 "," $9,984,866 ",69
10/17/16," $6,841,043 "," $7,559,353 ",72
10/16/16," $21,863,252 "," $24,158,893 ",70
10/15/16," $35,395,266 "," $39,111,769 ",69
10/14/16," $27,730,358 "," $30,642,046 ",71
10/13/16," $6,346,766 "," $7,013,176 ",65
10/12/16," $8,144,902 "," $9,000,117 ",66
10/11/16," $10,149,117 "," $11,214,774 ",65
10/10/16," $13,660,056 "," $15,094,362 ",64
10/9/16," $24,829,230 "," $27,436,299 ",65
10/8/16," $39,420,846 "," $43,560,035 ",64
10/7/16," $28,860,055 "," $31,890,361 ",66
10/6/16," $6,455,682 "," $7,133,529 ",67
10/5/16," $6,373,512 "," $7,042,731 ",66
10/4/16," $9,822,904 "," $10,854,309 ",65
10/3/16," $8,363,729 "," $9,241,921 ",64
10/2/16," $26,521,782 "," $29,306,569 ",65
10/1/16," $44,410,843 "," $49,073,982 ",67
9/30/16," $31,278,723 "," $34,562,989 ",67
9/29/16," $5,706,951 "," $6,306,181 ",66
9/28/16," $6,484,402 "," $7,165,264 ",66
9/27/16," $9,574,651 "," $10,579,989 ",67
9/26/16," $6,277,156 "," $6,936,257 ",63
9/25/16," $23,632,599 "," $26,114,022 ",66
9/24/16," $39,708,091 "," $43,877,441 ",64
9/23/16," $29,566,426 "," $32,670,901 ",63
9/22/16," $4,874,928 "," $5,386,795 ",64
9/21/16," $5,448,541 "," $6,020,638 ",67
9/20/16," $8,996,673 "," $9,941,324 ",67
9/19/16," $5,825,147 "," $6,436,787 ",65
9/18/16," $17,946,463 "," $19,830,842 ",67
9/17/16," $30,463,387 "," $33,662,043 ",66
9/16/16," $22,996,732 "," $25,411,389 ",66
9/15/16," $5,434,650 "," $6,005,288 ",60
9/14/16," $6,099,701 "," $6,740,170 ",59
9/13/16," $8,827,982 "," $9,754,920 ",61
9/12/16," $6,149,505 "," $6,795,203 ",60
9/11/16," $19,464,656 "," $21,508,445 ",59
9/10/16," $35,492,978 "," $39,219,741 ",59
9/9/16," $25,647,612 "," $28,340,611 ",59
9/8/16," $3,855,239 "," $4,260,039 ",56
9/7/16," $4,300,187 "," $4,751,707 ",57
9/6/16," $6,110,965 "," $6,752,616 ",57
9/5/16," $19,098,138 "," $21,103,442 ",58
9/4/16," $24,787,122 "," $27,389,770 ",57
9/3/16," $25,165,172 "," $27,807,515 ",54
9/2/16," $16,935,598 "," $18,713,836 ",54
9/1/16," $7,768,966 "," $8,584,707 ",58
8/31/16," $7,530,767 "," $8,321,498 ",59
8/30/16," $11,457,852 "," $12,660,926 ",60
8/29/16," $8,231,663 "," $9,095,988 ",58
8/28/16," $24,695,716 "," $27,288,766 ",57
8/27/16," $37,914,396 "," $41,895,408 ",57
8/26/16," $28,616,453 "," $31,621,181 ",57
8/25/16," $9,469,720 "," $10,464,041 ",54
8/24/16," $10,240,023 "," $11,315,225 ",54
8/23/16," $14,882,760 "," $16,445,450 ",54
8/22/16," $11,382,416 "," $12,577,570 ",55
8/21/16," $32,455,490 "," $35,863,316 ",54
8/20/16," $44,474,341 "," $49,144,147 ",54
8/19/16," $35,487,368 "," $39,213,542 ",55
8/18/16," $14,025,044 "," $15,497,674 ",53
8/17/16," $16,036,213 "," $17,720,015 ",53
8/16/16," $23,635,708 "," $26,117,457 ",53
8/15/16," $18,352,819 "," $20,279,865 ",54
8/14/16," $44,296,668 "," $48,947,818 ",53
8/13/16," $59,907,488 "," $66,197,774 ",53
8/12/16," $49,619,427 "," $54,829,467 ",54
8/11/16," $18,864,337 "," $20,845,092 ",46
8/10/16," $21,766,484 "," $24,051,965 ",47
8/9/16," $28,913,363 "," $31,949,266 ",47
8/8/16," $24,342,562 "," $26,898,531 ",48
8/7/16," $54,365,151 "," $60,073,492 ",47
8/6/16," $72,901,184 "," $80,555,808 ",49
8/5/16," $90,480,847 "," $99,981,336 ",50
8/4/16," $16,802,273 "," $18,566,512 ",50
8/3/16," $19,379,741 "," $21,414,614 ",50
8/2/16," $26,780,123 "," $29,592,036 ",48
8/1/16," $22,550,667 "," $24,918,487 ",48
7/31/16," $51,387,918 "," $56,783,649 ",48
7/30/16," $64,114,641 "," $70,846,678 ",49
7/29/16," $59,373,015 "," $65,607,182 ",48
7/28/16," $19,263,291 "," $21,285,937 ",48
7/27/16," $21,993,974 "," $24,303,341 ",48
7/26/16," $26,580,100 "," $29,371,011 ",48
7/25/16," $24,646,276 "," $27,234,135 ",48
7/24/16," $50,648,644 "," $55,966,752 ",49
7/23/16," $65,947,194 "," $72,871,649 ",50
7/22/16," $61,825,116 "," $68,316,753 ",49
7/21/16," $17,291,327 "," $19,106,916 ",51
7/20/16," $17,521,545 "," $19,361,307 ",49
7/19/16," $24,892,256 "," $27,505,943 ",50
7/18/16," $19,228,462 "," $21,247,451 ",48
7/17/16," $44,553,724 "," $49,231,865 ",49
7/16/16," $58,315,329 "," $64,438,439 ",50
7/15/16," $48,540,690 "," $53,637,462 ",49
7/14/16," $21,760,118 "," $24,044,930 ",48
7/13/16," $23,229,947 "," $25,669,091 ",48
7/12/16," $30,918,432 "," $34,164,867 ",48
7/11/16," $23,918,119 "," $26,429,521 ",48
7/10/16," $58,303,511 "," $64,425,380 ",48
7/9/16," $76,628,316 "," $84,674,289 ",47
7/8/16," $71,057,850 "," $78,518,924 ",48
7/7/16," $20,464,624 "," $22,613,410 ",47
7/6/16," $23,054,860 "," $25,475,620 ",46
7/5/16," $30,217,196 "," $33,390,002 ",44
7/4/16," $38,433,748 "," $42,469,292 ",61
7/3/16," $54,454,947 "," $60,172,716 ",45
7/2/16," $61,208,530 "," $67,635,426 ",45
7/1/16," $63,915,781 "," $70,626,938 ",44
6/30/16," $18,394,881 "," $20,326,344 ",45
6/29/16," $23,020,374 "," $25,437,513 ",48
6/28/16," $31,477,612 "," $34,782,761 ",48
6/27/16," $22,474,496 "," $24,834,318 ",45
6/26/16," $49,623,945 "," $54,834,459 ",44
6/25/16," $65,897,891 "," $72,817,170 ",44
6/24/16," $61,637,005 "," $68,108,891 ",44
6/23/16," $26,831,362 "," $29,648,655 ",39
6/22/16," $28,459,988 "," $31,448,287 ",40
6/21/16," $36,434,040 "," $40,259,614 ",41
6/20/16," $30,900,266 "," $34,144,794 ",42
6/19/16," $60,257,676 "," $66,584,732 ",41
6/18/16," $78,319,162 "," $86,542,674 ",41
6/17/16," $84,607,922 "," $93,491,754 ",40
6/16/16," $11,399,004 "," $12,595,899 ",45
6/15/16," $14,073,452 "," $15,551,164 ",47
6/14/16," $18,743,068 "," $20,711,090 ",45
6/13/16," $14,595,396 "," $16,127,913 ",44
6/12/16," $36,849,373 "," $40,718,557 ",47
6/11/16," $51,974,461 "," $57,431,779 ",45
6/10/16," $50,743,414 "," $56,071,472 ",46
6/9/16," $10,615,281 "," $11,729,886 ",43
6/8/16," $11,318,060 "," $12,506,456 ",44
6/7/16," $15,860,487 "," $17,525,838 ",44
6/6/16," $12,548,027 "," $13,865,570 ",45
6/5/16," $35,990,964 "," $39,770,015 ",44
6/4/16," $47,523,254 "," $52,513,196 ",43
6/3/16," $40,169,803 "," $44,387,632 ",43
6/2/16," $10,685,127 "," $11,807,065 ",43
6/1/16," $12,161,064 "," $13,437,976 ",45
5/31/16," $16,499,938 "," $18,232,431 ",43
5/30/16," $39,699,971 "," $43,868,468 ",47
5/29/16," $49,865,252 "," $55,101,103 ",46
5/28/16," $53,947,521 "," $59,612,011 ",45
5/27/16," $53,516,661 "," $59,135,910 ",46
5/26/16," $8,195,316 "," $9,055,824 ",50
5/25/16," $8,859,466 "," $9,789,710 ",48
5/24/16," $11,921,146 "," $13,172,866 ",47
5/23/16," $11,532,888 "," $12,743,841 ",47
5/22/16," $36,076,358 "," $39,864,376 ",50
5/21/16," $53,620,166 "," $59,250,283 ",53
5/20/16," $38,628,229 "," $42,684,193 ",52
5/19/16," $7,049,603 "," $7,789,811 ",49
5/18/16," $7,705,420 "," $8,514,489 ",49
5/17/16," $11,559,639 "," $12,773,401 ",48
5/16/16," $8,695,153 "," $9,608,144 ",48
5/15/16," $34,914,858 "," $38,580,918 ",50
5/14/16," $53,766,097 "," $59,411,537 ",48
5/13/16," $34,344,365 "," $37,950,523 ",48
5/12/16," $11,318,287 "," $12,506,707 ",41
5/11/16," $12,321,971 "," $13,615,778 ",40
5/10/16," $18,575,552 "," $20,525,985 ",40
5/9/16," $16,892,045 "," $18,665,710 ",41
5/8/16," $63,573,611 "," $70,248,840 ",45
5/7/16," $81,421,781 "," $89,971,068 ",45
5/6/16," $87,415,719 "," $96,594,369 ",43
5/5/16," $4,405,330 "," $4,867,890 ",43
5/4/16," $5,841,636 "," $6,455,008 ",44
5/3/16," $8,038,104 "," $8,882,105 ",44
5/2/16," $5,915,840 "," $6,537,003 ",42
5/1/16," $28,184,154 "," $31,143,490 ",48
4/30/16," $42,682,601 "," $47,164,274 ",47
4/29/16," $26,070,723 "," $28,808,149 ",48
4/28/16," $7,400,494 "," $8,177,546 ",42
4/27/16," $7,553,547 "," $8,346,669 ",41
4/26/16," $11,531,040 "," $12,741,799 ",42
4/25/16," $8,228,138 "," $9,092,092 ",42
4/24/16," $32,532,234 "," $35,948,119 ",43
4/23/16," $50,800,687 "," $56,134,759 ",44
4/22/16," $34,358,910 "," $37,966,596 ",45
4/21/16," $9,698,813 "," $10,717,188 ",43
4/20/16," $10,010,381 "," $11,061,471 ",40
4/19/16," $14,770,029 "," $16,320,882 ",41
4/18/16," $11,482,570 "," $12,688,240 ",40
4/17/16," $46,317,289 "," $51,180,604 ",46
4/16/16," $67,398,024 "," $74,474,817 ",43
4/15/16," $51,360,832 "," $56,753,719 ",44
4/14/16," $4,789,960 "," $5,292,906 ",45
4/13/16," $5,424,616 "," $5,994,201 ",45
4/12/16," $8,342,405 "," $9,218,358 ",44
4/11/16," $6,000,417 "," $6,630,461 ",46
4/10/16," $24,481,093 "," $27,051,608 ",47
4/9/16," $40,026,777 "," $44,229,589 ",48
4/8/16," $26,637,318 "," $29,434,236 ",48
4/7/16," $7,821,203 "," $8,642,429 ",53
4/6/16," $8,111,294 "," $8,962,980 ",52
4/5/16," $11,056,393 "," $12,217,314 ",51
4/4/16," $8,050,194 "," $8,895,464 ",52
4/3/16," $31,722,462 "," $35,053,321 ",52
4/2/16," $50,810,354 "," $56,145,441 ",51
4/1/16," $36,026,456 "," $39,809,234 ",51
3/31/16," $16,474,321 "," $18,204,125 ",56
3/30/16," $16,338,413 "," $18,053,946 ",56
3/29/16," $22,863,536 "," $25,264,207 ",54
3/28/16," $26,604,074 "," $29,397,502 ",55
3/27/16," $53,164,925 "," $58,747,242 ",50
3/26/16," $79,412,159 "," $87,750,436 ",50
3/25/16," $110,981,675 "," $122,634,751 ",50
3/24/16," $11,033,232 "," $12,191,721 ",54
3/23/16," $9,877,845 "," $10,915,019 ",52
3/22/16," $13,417,054 "," $14,825,845 ",52
3/21/16," $10,652,475 "," $11,770,985 ",53
3/20/16," $31,878,409 "," $35,225,642 ",53
3/19/16," $48,392,195 "," $53,473,375 ",53
3/18/16," $35,563,719 "," $39,297,909 ",52
3/17/16," $10,789,937 "," $11,922,880 ",54
3/16/16," $11,798,460 "," $13,037,298 ",57
3/15/16," $13,783,580 "," $15,230,856 ",54
3/14/16," $10,668,605 "," $11,788,809 ",52
3/13/16," $34,189,268 "," $37,779,141 ",51
3/12/16," $50,165,192 "," $55,432,537 ",51
3/11/16," $33,851,432 "," $37,405,832 ",52
3/10/16," $8,763,919 "," $9,684,130 ",46
3/9/16," $8,790,970 "," $9,714,022 ",47
3/8/16," $12,266,349 "," $13,554,316 ",46
3/7/16," $9,993,951 "," $11,043,316 ",46
3/6/16," $42,443,923 "," $46,900,535 ",48
3/5/16," $60,286,000 "," $66,616,030 ",48
3/4/16," $39,860,287 "," $44,045,617 ",48
3/3/16," $5,858,468 "," $6,473,607 ",49
3/2/16," $6,476,392 "," $7,156,413 ",49
3/1/16," $8,813,890 "," $9,739,348 ",49
2/29/16," $6,716,370 "," $7,421,589 ",51
2/28/16," $23,781,538 "," $26,278,599 ",50
2/27/16," $40,548,036 "," $44,805,580 ",50
2/26/16," $26,948,602 "," $29,778,205 ",50
2/25/16," $8,237,111 "," $9,102,008 ",52
2/24/16," $8,171,538 "," $9,029,549 ",54
2/23/16," $11,196,952 "," $12,372,632 ",54
2/22/16," $8,836,352 "," $9,764,169 ",55
2/21/16," $33,704,621 "," $37,243,606 ",52
2/20/16," $51,746,536 "," $57,179,922 ",52
2/19/16," $35,668,549 "," $39,413,747 ",51
2/18/16," $13,049,057 "," $14,419,208 ",50
2/17/16," $13,653,569 "," $15,087,194 ",49
2/16/16," $18,610,761 "," $20,564,891 ",50
2/15/16," $35,337,538 "," $39,047,979 ",53
2/14/16," $75,666,393 "," $83,611,364 ",48
2/13/16," $72,998,770 "," $80,663,641 ",48
2/12/16," $67,145,474 "," $74,195,749 ",48
2/11/16," $4,757,009 "," $5,256,495 ",48
2/10/16," $5,152,126 "," $5,693,099 ",48
2/9/16," $7,167,134 "," $7,919,683 ",47
2/8/16," $6,185,270 "," $6,834,723 ",46
2/7/16," $13,712,846 "," $15,152,695 ",48
2/6/16," $38,391,000 "," $42,422,055 ",48
2/5/16," $23,412,906 "," $25,871,261 ",48
2/4/16," $6,174,459 "," $6,822,777 ",44
2/3/16," $6,433,493 "," $7,109,010 ",47
2/2/16," $8,965,679 "," $9,907,075 ",46
2/1/16," $6,949,564 "," $7,679,268 ",46
1/31/16," $33,568,763 "," $37,093,483 ",49
1/30/16," $52,661,836 "," $58,191,329 ",49
1/29/16," $32,123,234 "," $35,496,174 ",50
1/28/16," $7,699,195 "," $8,507,610 ",42
1/27/16," $7,871,152 "," $8,697,623 ",45
1/26/16," $10,277,562 "," $11,356,706 ",45
1/25/16," $7,932,603 "," $8,765,526 ",45
1/24/16," $22,452,464 "," $24,809,973 ",45
1/23/16," $44,049,209 "," $48,674,376 ",45
1/22/16," $29,235,230 "," $32,304,929 ",47
1/21/16," $8,816,230 "," $9,741,934 ",41
1/20/16," $9,034,126 "," $9,982,709 ",41
1/19/16," $12,998,277 "," $14,363,096 ",43
1/18/16," $30,432,499 "," $33,627,911 ",46
1/17/16," $44,581,953 "," $49,263,058 ",43
1/16/16," $57,867,997 "," $63,944,137 ",44
1/15/16," $43,052,282 "," $47,572,772 ",43
1/14/16," $11,389,255 "," $12,585,127 ",45
1/13/16," $11,259,044 "," $12,441,244 ",46
1/12/16," $14,287,887 "," $15,788,115 ",46
1/11/16," $11,142,640 "," $12,312,617 ",46
1/10/16," $37,610,955 "," $41,560,105 ",47
1/9/16," $61,523,262 "," $67,983,205 ",47
1/8/16," $43,778,482 "," $48,375,223 ",47
1/7/16," $13,025,117 "," $14,392,754 ",45
1/6/16," $13,919,905 "," $15,381,495 ",45
1/5/16," $18,069,712 "," $19,967,032 ",45
1/4/16," $17,118,460 "," $18,915,898 ",48
1/3/16," $44,741,615 "," $49,439,485 ",49
1/2/16," $77,397,883 "," $85,524,661 ",49
1/1/16," $76,398,126 "," $84,419,929 ",48
12/31/15," $46,868,992 "," $51,790,236 ",47
12/30/15," $54,777,964 "," $60,529,650 ",48
12/29/15," $55,562,793 "," $61,396,886 ",47
12/28/15," $54,748,725 "," $60,497,341 ",47
12/27/15," $76,637,723 "," $84,684,684 ",47
12/26/15," $100,899,732 "," $111,494,204 ",47
12/25/15," $95,835,574 "," $105,898,309 ",46
12/24/15," $36,498,889 "," $40,331,272 ",45
12/23/15," $51,875,572 "," $57,322,507 ",47
12/22/15," $50,838,630 "," $56,176,686 ",47
12/21/15," $50,973,958 "," $56,326,224 ",47
12/20/15," $77,558,069 "," $85,701,666 ",46
12/19/15," $89,504,402 "," $98,902,364 ",46
12/18/15," $135,434,693 "," $149,655,336 ",47
12/17/15," $4,611,212 "," $5,095,389 ",47
12/16/15," $5,759,058 "," $6,363,759 ",48
12/15/15," $7,308,788 "," $8,076,211 ",47
12/14/15," $5,751,011 "," $6,354,867 ",47
12/13/15," $18,189,664 "," $20,099,579 ",46
12/12/15," $29,371,556 "," $32,455,569 ",45
12/11/15," $19,134,232 "," $21,143,326 ",46
12/10/15," $5,927,446 "," $6,549,828 ",46
12/9/15," $6,135,220 "," $6,779,418 ",47
12/8/15," $8,029,022 "," $8,872,069 ",47
12/7/15," $6,006,901 "," $6,637,626 ",47
12/6/15," $22,501,859 "," $24,864,554 ",46
12/5/15," $38,475,436 "," $42,515,357 ",45
12/4/15," $25,784,262 "," $28,491,610 ",46
12/3/15," $7,398,780 "," $8,175,652 ",41
12/2/15," $7,614,692 "," $8,414,235 ",42
12/1/15," $10,591,985 "," $11,704,143 ",42
11/30/15," $8,655,490 "," $9,564,316 ",42
11/29/15," $35,807,639 "," $39,567,441 ",42
11/28/15," $65,013,471 "," $71,839,885 ",43
11/27/15," $67,029,295 "," $74,067,371 ",41
11/26/15," $31,769,160 "," $35,104,922 ",45
11/25/15," $38,841,427 "," $42,919,777 ",45
11/24/15," $20,265,024 "," $22,392,852 ",42
11/23/15," $15,211,520 "," $16,808,730 ",42
11/22/15," $40,323,359 "," $44,557,312 ",46
11/21/15," $59,856,543 "," $66,141,480 ",46
11/20/15," $63,155,505 "," $69,786,833 ",46
11/19/15," $5,048,858 "," $5,578,988 ",44
11/18/15," $5,661,061 "," $6,255,472 ",44
11/17/15," $7,894,851 "," $8,723,810 ",44
11/16/15," $5,729,313 "," $6,330,891 ",43
11/15/15," $24,790,346 "," $27,393,332 ",46
11/14/15," $42,548,132 "," $47,015,686 ",46
11/13/15," $26,412,480 "," $29,185,790 ",46
11/12/15," $8,549,125 "," $9,446,783 ",44
11/11/15," $21,845,089 "," $24,138,823 ",42
11/10/15," $14,177,451 "," $15,666,083 ",42
11/9/15," $9,368,612 "," $10,352,316 ",41
11/8/15," $37,873,784 "," $41,850,531 ",42
11/7/15," $61,943,908 "," $68,448,018 ",43
11/6/15," $48,974,670 "," $54,117,010 ",43
11/5/15," $4,328,608 "," $4,783,112 ",40
11/4/15," $4,540,306 "," $5,017,038 ",39
11/3/15," $7,114,114 "," $7,861,096 ",39
11/2/15," $5,144,288 "," $5,684,438 ",38
11/1/15," $17,970,207 "," $19,857,079 ",41
10/31/15," $22,270,542 "," $24,608,949 ",40
10/30/15," $18,193,425 "," $20,103,735 ",41
10/29/15," $5,990,843 "," $6,619,882 ",41
10/28/15," $6,218,849 "," $6,871,828 ",40
10/27/15," $8,259,312 "," $9,126,540 ",41
10/26/15," $6,382,511 "," $7,052,675 ",41
10/25/15," $23,429,914 "," $25,890,055 ",44
10/24/15," $39,304,681 "," $43,431,673 ",44
10/23/15," $27,069,272 "," $29,911,546 ",44
10/22/15," $6,920,146 "," $7,646,761 ",43
10/21/15," $8,366,993 "," $9,245,527 ",41
10/20/15," $9,652,049 "," $10,665,514 ",41
10/19/15," $7,532,512 "," $8,323,426 ",40
10/18/15," $28,721,983 "," $31,737,791 ",40
10/17/15," $45,477,674 "," $50,252,830 ",40
10/16/15," $34,606,278 "," $38,239,937 ",40
10/15/15," $7,031,629 "," $7,769,950 ",43
10/14/15," $7,225,933 "," $7,984,656 ",43
10/13/15," $9,682,578 "," $10,699,249 ",42
10/12/15," $15,443,053 "," $17,064,574 ",43
10/11/15," $30,237,688 "," $33,412,645 ",51
10/10/15," $45,194,236 "," $49,939,631 ",51
10/9/15," $31,372,765 "," $34,666,905 ",51
10/8/15," $8,966,834 "," $9,908,352 ",48
10/7/15," $8,838,821 "," $9,766,897 ",47
10/6/15," $12,699,806 "," $14,033,286 ",46
10/5/15," $9,871,170 "," $10,907,643 ",47
10/4/15," $37,201,311 "," $41,107,449 ",54
10/3/15," $60,931,961 "," $67,329,817 ",56
10/2/15," $41,701,074 "," $46,079,687 ",56
10/1/15," $7,023,605 "," $7,761,084 ",49
9/30/15," $8,151,046 "," $9,006,906 ",49
9/29/15," $11,681,420 "," $12,907,969 ",47
9/28/15," $8,512,100 "," $9,405,871 ",47
9/27/15," $33,148,353 "," $36,628,930 ",50
9/26/15," $54,545,591 "," $60,272,878 ",50
9/25/15," $37,973,934 "," $41,961,197 ",50
9/24/15," $6,332,379 "," $6,997,279 ",53
9/23/15," $7,215,092 "," $7,972,677 ",52
9/22/15," $9,803,712 "," $10,833,102 ",53
9/21/15," $7,140,065 "," $7,889,772 ",52
9/20/15," $22,864,866 "," $25,265,677 ",54
9/19/15," $40,130,851 "," $44,344,590 ",53
9/18/15," $33,262,909 "," $36,755,514 ",53
9/17/15," $4,474,800 "," $4,944,654 ",51
9/16/15," $4,934,434 "," $5,452,550 ",51
9/15/15," $7,563,942 "," $8,358,156 ",51
9/14/15," $6,077,905 "," $6,716,085 ",51
9/13/15," $19,743,199 "," $21,816,235 ",53
9/12/15," $34,219,623 "," $37,812,683 ",54
9/11/15," $27,921,097 "," $30,852,812 ",54
9/10/15," $4,031,284 "," $4,454,569 ",48
9/9/15," $4,402,289 "," $4,864,529 ",47
9/8/15," $5,696,319 "," $6,294,432 ",46
9/7/15," $18,263,671 "," $20,181,356 ",47
9/6/15," $22,809,733 "," $25,204,755 ",47
9/5/15," $21,754,335 "," $24,038,540 ",47
9/4/15," $15,469,217 "," $17,093,485 ",47
9/3/15," $5,739,749 "," $6,342,423 ",48
9/2/15," $6,190,791 "," $6,840,824 ",47
9/1/15," $7,463,632 "," $8,247,313 ",46
8/31/15," $5,971,133 "," $6,598,102 ",46
8/30/15," $17,934,585 "," $19,817,716 ",46
8/29/15," $26,534,912 "," $29,321,078 ",46
8/28/15," $18,808,621 "," $20,783,526 ",46
8/27/15," $7,350,532 "," $8,122,338 ",45
8/26/15," $7,973,946 "," $8,811,210 ",46
8/25/15," $10,631,915 "," $11,748,266 ",43
8/24/15," $8,381,960 "," $9,262,066 ",43
8/23/15," $23,126,395 "," $25,554,666 ",44
8/22/15," $33,873,694 "," $37,430,432 ",44
8/21/15," $28,356,158 "," $31,333,555 ",44
8/20/15," $11,694,140 "," $12,922,025 ",41
8/19/15," $12,974,911 "," $14,337,277 ",41
8/18/15," $18,224,638 "," $20,138,225 ",41
8/17/15," $15,509,725 "," $17,138,246 ",43
8/16/15," $36,551,284 "," $40,389,169 ",43
8/15/15," $47,913,088 "," $52,943,962 ",43
8/14/15," $45,239,837 "," $49,990,020 ",43
8/13/15," $10,150,484 "," $11,216,285 ",43
8/12/15," $11,612,054 "," $12,831,320 ",43
8/11/15," $18,785,466 "," $20,757,940 ",43
8/10/15," $13,261,263 "," $14,653,696 ",43
8/9/15," $31,222,435 "," $34,500,791 ",44
8/8/15," $44,160,194 "," $48,797,014 ",44
8/7/15," $37,877,853 "," $41,855,028 ",43
8/6/15," $14,420,908 "," $15,935,103 ",41
8/5/15," $17,174,321 "," $18,977,625 ",41
8/4/15," $22,973,317 "," $25,385,515 ",41
8/3/15," $18,968,549 "," $20,960,247 ",40
8/2/15," $40,092,471 "," $44,302,180 ",41
8/1/15," $51,523,988 "," $56,934,007 ",43
7/31/15," $44,551,346 "," $49,229,237 ",42
7/30/15," $17,165,612 "," $18,968,001 ",42
7/29/15," $19,329,783 "," $21,359,410 ",42
7/28/15," $21,990,989 "," $24,300,043 ",40
7/27/15," $17,964,565 "," $19,850,844 ",40
7/26/15," $40,186,135 "," $44,405,679 ",40
7/25/15," $51,426,531 "," $56,826,317 ",40
7/24/15," $46,763,122 "," $51,673,250 ",39
7/23/15," $17,382,909 "," $19,208,114 ",39
7/22/15," $18,887,807 "," $20,871,027 ",40
7/21/15," $27,117,488 "," $29,964,824 ",39
7/20/15," $21,216,316 "," $23,444,029 ",40
7/19/15," $49,882,590 "," $55,120,262 ",36
7/18/15," $68,123,858 "," $75,276,863 ",36
7/17/15," $60,582,577 "," $66,943,748 ",36
7/16/15," $18,663,121 "," $20,622,749 ",38
7/15/15," $22,615,374 "," $24,989,988 ",39
7/14/15," $31,149,541 "," $34,420,243 ",40
7/13/15," $23,813,639 "," $26,314,071 ",39
7/12/15," $55,380,843 "," $61,195,832 ",40
7/11/15," $72,301,086 "," $79,892,700 ",41
7/10/15," $75,261,905 "," $83,164,405 ",41
7/9/15," $15,923,598 "," $17,595,576 ",39
7/8/15," $18,840,553 "," $20,818,811 ",39
7/7/15," $24,269,618 "," $26,817,928 ",38
7/6/15," $19,604,645 "," $21,663,133 ",39
7/5/15," $39,370,047 "," $43,503,902 ",39
7/4/15," $35,192,188 "," $38,887,368 ",39
7/3/15," $52,470,660 "," $57,980,079 ",39
7/2/15," $34,131,821 "," $37,715,662 ",41
7/1/15," $38,080,373 "," $42,078,812 ",42
6/30/15," $24,867,157 "," $27,478,208 ",39
6/29/15," $21,456,779 "," $23,709,741 ",39
6/28/15," $52,325,438 "," $57,819,609 ",41
6/27/15," $68,403,710 "," $75,586,100 ",41
6/26/15," $53,344,583 "," $58,945,764 ",41
6/25/15," $22,764,853 "," $25,155,163 ",38
6/24/15," $23,674,042 "," $26,159,816 ",39
6/23/15," $32,456,474 "," $35,864,404 ",39
6/22/15," $27,136,568 "," $29,985,908 ",39
6/21/15," $77,025,235 "," $85,112,885 ",40
6/20/15," $85,693,514 "," $94,691,333 ",40
6/19/15," $76,021,617 "," $84,003,887 ",39
6/18/15," $24,247,523 "," $26,793,513 ",44
6/17/15," $26,779,056 "," $29,590,857 ",44
6/16/15," $32,210,230 "," $35,592,304 ",44
6/15/15," $32,130,929 "," $35,504,677 ",44
6/14/15," $72,966,633 "," $80,628,129 ",44
6/13/15," $93,131,964 "," $102,910,820 ",45
6/12/15," $99,936,547 "," $110,429,884 ",45
6/11/15," $9,670,439 "," $10,685,835 ",44
6/10/15," $11,961,113 "," $13,217,030 ",43
6/9/15," $15,269,242 "," $16,872,512 ",43
6/8/15," $13,282,613 "," $14,677,287 ",43
6/7/15," $32,022,947 "," $35,385,356 ",41
6/6/15," $47,673,133 "," $52,678,812 ",42
6/5/15," $43,094,745 "," $47,619,693 ",42
6/4/15," $11,784,457 "," $13,021,825 ",42
6/3/15," $16,131,089 "," $17,824,853 ",42
6/2/15," $15,111,431 "," $16,698,131 ",41
6/1/15," $12,451,683 "," $13,759,110 ",40
5/31/15," $38,508,809 "," $42,552,234 ",39
5/30/15," $52,202,780 "," $57,684,072 ",40
5/29/15," $40,461,137 "," $44,709,556 ",40
5/28/15," $9,480,492 "," $10,475,944 ",42
5/27/15," $10,085,811 "," $11,144,821 ",44
5/26/15," $13,850,382 "," $15,304,672 ",44
5/25/15," $37,668,060 "," $41,623,206 ",72
5/24/15," $48,826,431 "," $53,953,206 ",43
5/23/15," $52,050,420 "," $57,515,714 ",43
5/22/15," $43,786,054 "," $48,383,590 ",43
5/21/15," $11,811,111 "," $13,051,278 ",46
5/20/15," $11,923,834 "," $13,175,837 ",44
5/19/15," $15,514,328 "," $17,143,332 ",44
5/18/15," $16,031,226 "," $17,714,505 ",45
5/17/15," $46,878,575 "," $51,800,825 ",47
5/16/15," $67,827,845 "," $74,949,769 ",46
5/15/15," $60,745,153 "," $67,123,394 ",46
5/14/15," $6,610,566 "," $7,304,675 ",45
5/13/15," $7,379,345 "," $8,154,176 ",44
5/12/15," $10,027,152 "," $11,080,003 ",45
5/11/15," $8,575,977 "," $9,476,455 ",45
5/10/15," $36,949,748 "," $40,829,472 ",47
5/9/15," $50,420,085 "," $55,714,194 ",48
5/8/15," $32,482,351 "," $35,892,998 ",46
5/7/15," $11,280,737 "," $12,465,214 ",48
5/6/15," $12,051,985 "," $13,317,443 ",47
5/5/15," $16,407,085 "," $18,129,829 ",47
5/4/15," $15,655,813 "," $17,299,673 ",48
5/3/15," $58,950,847 "," $65,140,686 ",46
5/2/15," $69,953,261 "," $77,298,353 ",45
5/1/15," $95,075,705 "," $105,058,654 ",45
4/30/15," $4,012,460 "," $4,433,768 ",52
4/29/15," $4,624,820 "," $5,110,426 ",53
4/28/15," $6,550,182 "," $7,237,951 ",53
4/27/15," $5,062,558 "," $5,594,127 ",53
4/26/15," $19,663,695 "," $21,728,383 ",55
4/25/15," $36,877,228 "," $40,749,337 ",55
4/24/15," $24,039,406 "," $26,563,544 ",55
4/23/15," $6,469,417 "," $7,148,706 ",45
4/22/15," $6,648,269 "," $7,346,337 ",46
4/21/15," $8,648,159 "," $9,556,216 ",45
4/20/15," $7,308,684 "," $8,076,096 ",44
4/19/15," $28,403,279 "," $31,385,623 ",45
4/18/15," $46,339,477 "," $51,205,122 ",45
4/17/15," $33,892,068 "," $37,450,735 ",45
4/16/15," $6,800,645 "," $7,514,713 ",42
4/15/15," $6,880,670 "," $7,603,140 ",45
4/14/15," $9,881,674 "," $10,919,250 ",45
4/13/15," $7,554,807 "," $8,348,062 ",45
4/12/15," $30,393,740 "," $33,585,083 ",44
4/11/15," $52,690,970 "," $58,223,522 ",44
4/10/15," $40,337,576 "," $44,573,021 ",44
4/9/15," $15,862,310 "," $17,527,853 ",40
4/8/15," $17,304,236 "," $19,121,181 ",43
4/7/15," $23,646,221 "," $26,129,074 ",42
4/6/15," $24,283,090 "," $26,832,814 ",42
4/5/15," $49,646,135 "," $54,858,979 ",41
4/4/15," $72,119,331 "," $79,691,861 ",41
4/3/15," $94,904,393 "," $104,869,354 ",41
4/2/15," $12,439,929 "," $13,746,122 ",43
4/1/15," $10,657,615 "," $11,776,665 ",43
3/31/15," $13,905,093 "," $15,365,128 ",42
3/30/15," $10,959,287 "," $12,110,012 ",42
3/29/15," $36,267,333 "," $40,075,403 ",40
3/28/15," $58,544,786 "," $64,691,989 ",39
3/27/15," $45,093,255 "," $49,828,047 ",40
3/26/15," $7,195,923 "," $7,951,495 ",42
3/25/15," $7,576,303 "," $8,371,815 ",44
3/24/15," $10,447,443 "," $11,544,425 ",44
3/23/15," $8,568,297 "," $9,467,968 ",44
3/22/15," $29,956,912 "," $33,102,388 ",43
3/21/15," $47,889,467 "," $52,917,861 ",43
3/20/15," $39,525,639 "," $43,675,831 ",43
3/19/15," $8,733,905 "," $9,650,965 ",47
3/18/15," $9,193,619 "," $10,158,949 ",50
3/17/15," $11,372,856 "," $12,567,006 ",49
3/16/15," $9,129,001 "," $10,087,546 ",49
3/15/15," $30,423,657 "," $33,618,141 ",48
3/14/15," $48,063,261 "," $53,109,903 ",48
3/13/15," $37,271,074 "," $41,184,537 ",48
3/12/15," $5,635,527 "," $6,227,257 ",44
3/11/15," $6,017,991 "," $6,649,880 ",46
3/10/15," $7,818,415 "," $8,639,349 ",46
3/9/15," $6,044,813 "," $6,679,518 ",46
3/8/15," $18,806,367 "," $20,781,036 ",45
3/7/15," $31,906,261 "," $35,256,418 ",45
3/6/15," $21,870,579 "," $24,166,990 ",45
3/5/15," $5,703,536 "," $6,302,407 ",44
3/4/15," $5,557,631 "," $6,141,182 ",46
3/3/15," $7,455,929 "," $8,238,802 ",46
3/2/15," $6,284,967 "," $6,944,889 ",46
3/1/15," $22,582,146 "," $24,953,271 ",47
2/28/15," $40,282,347 "," $44,511,993 ",47
2/27/15," $26,513,703 "," $29,297,642 ",46
2/26/15," $7,161,773 "," $7,913,759 ",46
2/25/15," $6,862,942 "," $7,583,551 ",45
2/24/15," $9,424,126 "," $10,413,659 ",45
2/23/15," $7,385,671 "," $8,161,166 ",46
2/22/15," $27,348,157 "," $30,219,713 ",45
2/21/15," $43,708,356 "," $48,297,733 ",46
2/20/15," $32,793,988 "," $36,237,357 ",45
2/19/15," $11,681,191 "," $12,907,716 ",50
2/18/15," $11,340,438 "," $12,531,184 ",50
2/17/15," $15,464,927 "," $17,088,744 ",49
2/16/15," $29,941,825 "," $33,085,717 ",51
2/15/15," $51,731,279 "," $57,163,063 ",50
2/14/15," $87,900,659 "," $97,130,228 ",50
2/13/15," $56,607,658 "," $62,551,462 ",50
2/12/15," $5,969,515 "," $6,596,314 ",52
2/11/15," $6,138,013 "," $6,782,504 ",51
2/10/15," $8,707,471 "," $9,621,755 ",50
2/9/15," $8,006,176 "," $8,846,824 ",50
2/8/15," $36,197,013 "," $39,997,699 ",51
2/7/15," $59,153,298 "," $65,364,394 ",53
2/6/15," $37,403,463 "," $41,330,827 ",52
2/5/15," $6,165,344 "," $6,812,705 ",53
2/4/15," $5,819,529 "," $6,430,580 ",54
2/3/15," $7,825,091 "," $8,646,726 ",53
2/2/15," $6,475,068 "," $7,154,950 ",54
2/1/15," $12,515,579 "," $13,829,715 ",52
1/31/15," $41,633,588 "," $46,005,115 ",53
1/30/15," $26,168,351 "," $28,916,028 ",53
1/29/15," $7,689,912 "," $8,497,353 ",50
1/28/15," $7,959,126 "," $8,794,834 ",47
1/27/15," $10,749,844 "," $11,878,578 ",48
1/26/15," $8,192,561 "," $9,052,780 ",47
1/25/15," $36,414,830 "," $40,238,387 ",53
1/24/15," $60,998,127 "," $67,402,930 ",53
1/23/15," $39,067,863 "," $43,169,989 ",53
1/22/15," $12,778,538 "," $14,120,284 ",49
1/21/15," $12,352,014 "," $13,648,975 ",49
1/20/15," $17,120,365 "," $18,918,003 ",49
1/19/15," $41,939,900 "," $46,343,590 ",52
1/18/15," $49,665,377 "," $54,880,242 ",50
1/17/15," $73,784,569 "," $81,531,949 ",51
1/16/15," $55,981,447 "," $61,859,499 ",51
1/15/15," $6,723,287 "," $7,429,232 ",48
1/14/15," $7,222,660 "," $7,981,039 ",48
1/13/15," $9,685,545 "," $10,702,527 ",48
1/12/15," $6,811,565 "," $7,526,779 ",47
1/11/15," $25,586,629 "," $28,273,225 ",50
1/10/15," $45,640,158 "," $50,432,375 ",49
1/9/15," $33,481,583 "," $36,997,149 ",49
1/8/15," $7,086,374 "," $7,830,443 ",46
1/7/15," $7,384,467 "," $8,159,836 ",46
1/6/15," $9,504,633 "," $10,502,619 ",47
1/5/15," $9,147,210 "," $10,107,667 ",46
1/4/15," $27,507,774 "," $30,396,090 ",48
1/3/15," $46,657,518 "," $51,556,557 ",48
1/2/15," $51,702,782 "," $57,131,574 ",48
1/1/15," $46,302,628 "," $51,164,404 ",48